Country Name,Country Code,Series Name,Series Code,2001 [YR2001],2002 [YR2002],2003 [YR2003],2004 [YR2004],2005 [YR2005],2006 [YR2006],2007 [YR2007],2008 [YR2008],2009 [YR2009],2010 [YR2010],2011 [YR2011],2012 [YR2012],2013 [YR2013],2014 [YR2014],2015 [YR2015],2016 [YR2016],2017 [YR2017],2018 [YR2018],2019 [YR2019],2020 [YR2020],2021 [YR2021],2022 [YR2022],2023 [YR2023],2024 [YR2024],2025 [YR2025]
Angola,AGO,"Foreign direct investment, net inflows (% of GDP)",BX.KLT.DINV.WD.GD.ZS,24.0090757001341,10.0713557339551,17.5840588571176,8.13849032848245,-3.14962046173322,-0.0643009490167298,-1.22312266225132,1.69952793928946,2.69909240017807,-3.37761927933748,-2.40838836782517,-1.02012839058611,-4.78350487024797,2.38352427018273,9.7795154502448,-0.299804386002375,-8.76696380208172,-7.21246216123288,-5.07649440156737,-3.17143620765821,-5.47403409372737,-5.02899288556058,-1.97786390222726,-1.0986881170909,..
Angola,AGO,"Foreign direct investment, net inflows (BoP, current US$)",BX.KLT.DINV.CD.WD,2145470000,1743504000,3576971780,2197227820,-1303836930,-37714860,-893342152,1678971010,2205298180,-3227211182.45,-3023770965.83688,-1464627990.88283,-7120017424.46139,3657514667.49327,10028215162.6394,-179517618.92,-7397295409.18991,-6456076413.12033,-4098478747.63754,-1866468113.07453,-4355116552.71588,-6598652652.09389,-2119632185.51477,-1109663097.06424,..
Angola,AGO,"Personal remittances, received (% of GDP)",BX.TRF.PWKR.DT.GD.ZS,..,..,..,..,..,..,..,0.0830890173432096,0.000198712626450502,0.0188096456129911,0.000163081190047385,0.028103389897302,0.0246144391412399,0.0201832176129637,0.01083906677852,0.00666026211302684,0.00168078613949858,0.00176426974895496,0.00426766316137834,0.0136834575473168,0.0158763470925451,0.0106739240124738,0.0112595136943061,0.0505345581578213,..
Angola,AGO,"Personal remittances, received (current US$)",BX.TRF.PWKR.CD.DT,..,..,..,..,..,..,..,82084000,162358.5,17972037,204751.1,40348853.98948,36637411.3401682,30971119.270778,11114711.6,3988048.38,1418195.84,1579247.15,3445473.467593,8053050.89441933,12631149.3197743,14005491.4763133,12066567.165122,51039356.3395039,..
Angola,AGO,Net ODA received (% of GNI),DT.ODA.ODAT.GN.ZS,3.83358093167613,2.6410269415059,2.65101173676998,4.66993208939054,1.10979450216906,0.311610357032532,0.397293395069587,0.433793144611283,0.319084339168417,0.264166293678965,0.166535080032963,0.182957586902703,0.205036565525656,0.162125107551323,0.388047166160997,0.36150072489431,0.279454825115309,0.195071836213746,0.0305478500693784,0.207133470573051,0.33604320441712,0.0778671179188192,0.148499031525698,..,..
Angola,AGO,"External debt stocks, total (DOD, current US$)",DT.DOD.DECT.CD,8776917205,9119036718.7,9114598189.4,9801188917.7,12238371900.2,9905180985.8,11941803690.9,15596027678.7,20277281252.9,26795572704.5,34679553283.4,36165323895.3,43350110779.1,45924334305.5,48771532654.3,57434097528.2,58745881698.6,61791490176.7,62292159789.9,65405244103.7,66019700768.5,60445747533.3,57273124300.5,58733063313.6,..
Angola,AGO,"Total debt service (% of exports of goods, services and primary income)",DT.TDS.DECT.EX.ZS,33.1233201608334,16.9555400041441,15.3138354305021,13.6303255252845,10.7538688229476,13.2243540363775,9.91704008483762,2.5279809747083,9.69552082407741,5.74113261454767,5.74564133103308,8.39421472105114,8.27254208109473,13.4287582139911,24.7853019209701,38.0756437635118,25.4292237629753,28.5353974870477,29.9160622680195,36.2643591957246,29.2509172416252,30.3800197632965,33.4545527405695,28.9122414363047,..
Angola,AGO,Total debt service (% of GNI),DT.TDS.DECT.GN.ZS,30.3598619790016,9.24994716763641,7.99723832700733,7.69165778302918,6.99699433324171,8.44015242095445,6.86953517368027,1.92157153968594,5.38398574430114,3.38623967079456,3.38488537851904,4.54746891202332,4.18080371703647,5.68782338134866,8.7568312654728,19.0892846143355,11.4131699766853,14.3189513017656,14.4389729503865,14.3339647389583,13.4322012507732,12.4028750062587,12.6737507797875,11.5132968711839,..
Angola,AGO,Gross capital formation (% of GDP),NE.GDI.TOTL.ZS,..,29.7741669107851,29.8069552741519,32.7033343298252,28.0139948974484,24.1285215642067,26.8723206787845,31.0476642804707,42.1126629946906,29.7638327935383,27.3662454536118,27.9685614009235,26.9937630528609,28.8734781928265,29.1086095935763,30.134293482854,29.1829432051553,24.2002490160737,24.6757736004733,19.6439562319095,15.9851660648707,14.1769859541901,12.3076318613212,10.4110011927256,..
Angola,AGO,Tax revenue (% of GDP),GC.TAX.TOTL.GD.ZS,29.2466757235017,13.7150483492949,15.0363957253039,15.7676000610902,15.2799733046431,20.8842752142441,19.2115962538976,22.9883598928014,15.7996845751465,14.5589920536317,14.3382952931909,13.2204079061426,12.6117526343152,11.9996728299526,9.70951386996337,8.57578671236085,8.05553778621351,9.92888023402709,11.2888521414133,20.5176075923938,10.7033300728789,12.7318115289851,8.86912888123549,7.7443637441998,..
Angola,AGO,Total natural resources rents (% of GDP),NY.GDP.TOTL.RT.ZS,44.219476594374,32.8837159773494,28.4066969543848,33.7707170143085,42.7600742732017,40.7534428993222,45.881176080136,52.5607729557913,30.3114661376593,38.1623101146694,39.0226784952754,34.7310076331615,29.4000452272015,22.124247625088,13.3056748880613,20.8851202682195,25.9503299089307,32.045405604301,28.8978590593907,20.2476653863539,29.9674348417559,..,..,..,..
Angola,AGO,"Government expenditure on education, total (% of GDP)",SE.XPD.TOTL.GD.ZS,..,..,..,..,2.12011003494263,2.28146004676819,..,..,..,3.42131996154785,..,3.08191085718142,4.43894951297476,..,3.48689580393413,2.75493664582725,2.46687881104886,2.18351298946275,2.07306438181603,2.66744733689285,2.29719689513241,2.38535898416633,2.51273663315785,..,..
Angola,AGO,Current health expenditure per capita (current US$),SH.XPD.CHEX.PC.CD,29.26095772,29.37077141,35.2206955,50.23310852,54.66142273,70.28185272,93.42698669,136.34094238,120.5289917,96.95197296,122.11888123,121.84848022,142.78450012,130.5861969,107.52857208,94.01481628,112.75364685,83.87555695,64.4466095,56.01641846,66.94487,103.94506073,76.07118225,..,..
Angola,AGO,Current health expenditure (% of GDP),SH.XPD.CHEX.GD.ZS,3.95882654,2.9398222,3.10680342,3.46084046,2.54726577,2.39833426,2.65790844,2.97807598,3.30655909,2.36373854,2.35561895,2.13677311,2.4297719,2.15680027,2.29966879,2.39068723,2.4379425,2.29887486,2.20394278,2.81688905,2.73987103,2.60041046,2.54692864,..,..
Angola,AGO,GDP per capita (current US$),NY.GDP.PCAP.CD,533.586202412447,999.065855913758,1133.66331960607,1451.47117872493,2145.88621096327,2930.4442860732,3515.05678986535,4578.15526451517,3645.14846562976,4101.63715566712,5184.15269149912,5702.45306277434,5688.57916215215,5649.68762469139,3641.72893919944,2051.81462126253,2790.71886869768,2860.0936483682,2493.67884440177,1759.35619918264,2303.90812662776,3682.1131513698,2916.13663284275,2665.87444776753,..
Angola,AGO,"Population, total",SP.POP.TOTL,16747208,17327699,17943712,18600423,19291161,20015279,20778561,21578655,22414773,23294825,24218352,25177394,26165620,27160769,28157798,29183070,30234839,31297155,32375632,33451132,34532429,35635029,36749906,37885849,..
Angola,AGO,"Population, male",SP.POP.TOTL.MA.IN,8225203,8509854,8814938,9141912,9486138,9847394,10228480,10627960,11045400,11484638,11945063,12422551,12914239,13409269,13905216,14415388,14938928,15467791,16004756,16539639,17077372,17626416,18181690,18747466,..
Angola,AGO,"Population, female",SP.POP.TOTL.FE.IN,8522005,8817845,9128774,9458511,9805023,10167885,10550081,10950695,11369373,11810187,12273289,12754843,13251381,13751500,14252582,14767682,15295911,15829364,16370876,16911493,17455057,18008613,18568216,19138383,..
Angola,AGO,"Unemployment, youth total (% of total labor force ages 15-24) (modeled ILO estimate)",SL.UEM.1524.ZS,38.99,38.428,38.403,38.086,38.018,37.636,37.512,37.703,38.213,38.705,39.007,37.697,36.731,35.743,35.122,34.483,33.725,32.855,31.832,33.076,30.171,27.143,26.834,26.74,27.229
Angola,AGO,Employment in agriculture (% of total employment) (modeled ILO estimate),SL.AGR.EMPL.ZS,30.7240619963713,30.5546167213027,30.6720416232394,30.8885175098535,33.0981090429296,35.2128588308968,37.2866199507599,39.4234292051575,41.5791616457492,44.1037796279766,46.5113553051847,48.5836106519644,50.6246014110795,52.762891051375,52.7002102229648,52.9213208559868,53.0089425135627,53.3091413100302,53.423323354571,55.5597336500376,56.7075087680521,52.4847584954688,52.4066285799356,52.1547470916591,51.94938948899
Angola,AGO,"Manufacturing, value added (% of GDP)",NV.IND.MANF.ZS,..,3.72657529228067,3.88517172538279,4.67917984672746,3.8957819931381,3.66184959991683,3.44269649252952,3.53235139647376,4.97545309460282,4.48722885562166,4.17808505788718,4.3619180251915,4.7796437335409,4.72618092427581,5.24051559647626,5.86891528292793,5.81402192734032,5.40000922564868,5.44224033917375,6.06218741315039,6.09443008863253,6.56402777878116,7.32294984138305,7.62750781911399,..
"Egypt, Arab Rep.",EGY,"Foreign direct investment, net inflows (% of GDP)",BX.KLT.DINV.WD.GD.ZS,0.527384722609423,0.759753233043019,0.295683832335329,1.59083618380383,5.99551598885794,9.34856726566294,8.87633606337272,5.8314126186488,3.54835118019574,2.91601657550141,-0.204542848807527,1.00234071774049,1.45343420769727,1.50925042253521,2.10258128401326,2.43856278142762,2.98301550917695,3.10040077579187,2.82732944960686,1.52462948997172,1.20617861055665,2.39118080969079,2.48546398363597,11.9719350883142,..
"Egypt, Arab Rep.",EGY,"Foreign direct investment, net inflows (BoP, current US$)",BX.KLT.DINV.CD.WD,509900000,646900000,237400000,1253300000,5375600000,10042800000,11578100000,9494600000,6711600000,6385600000,-482700000,2797700000,4192200000,4612200000,6925200000,8106800000,7408700000,8141300000,9010100000,5851800000,5122300000,11399900000,9840600000,46578000000,..
"Egypt, Arab Rep.",EGY,"Personal remittances, received (% of GDP)",BX.TRF.PWKR.DT.GD.ZS,3.01123334262615,3.39780812879388,3.68782754491018,4.24041046775191,5.59589671309192,4.96108547838757,5.86930961331901,5.33969849246231,3.7799170984456,5.68677117520305,6.06988425351907,6.89188511375172,6.18272925177381,6.40402291079812,5.56383108965179,5.59207795083782,9.96018840777921,9.71698574857486,8.40388463187991,7.71274724506713,7.4144321712116,5.94293350334715,4.93326942206534,7.59757023635599,..
"Egypt, Arab Rep.",EGY,"Personal remittances, received (current US$)",BX.TRF.PWKR.CD.DT,2911400000,2893100000,2960900000,3340700000,5017300000,5329500000,7655800000,8694000000,7149600000,12453100000,14324300000,19236400000,17833100000,19570400000,18325400000,18590400000,24737400000,25515700000,26781400000,29602900000,31487000000,28332800000,19532100000,29559100000,..
"Egypt, Arab Rep.",EGY,Net ODA received (% of GNI),DT.ODA.ODAT.GN.ZS,1.33023426635803,1.53530844127893,1.26860672427853,1.91260600542252,1.17028904751404,0.842030763916914,0.865170839278221,1.02847728808711,0.519142388768513,0.259315375635223,0.184277165838242,0.665144850309462,1.96155451988742,1.18578916033979,0.779979711205745,0.743161059476641,0.0135802533023002,0.81187032393766,0.555010375873251,0.419690389219,1.9629864245859,1.26227769655957,0.126798708163173,..,..
"Egypt, Arab Rep.",EGY,"External debt stocks, total (DOD, current US$)",DT.DOD.DECT.CD,28331673242.3,29671747582,30467606765.2,31403286339,30575696632.4,31028391832.6,34604548133.8,33925338196.5,35417097883.9,36803931990.1,35208762810.6,40061753451.8,46534987114.9,41772774970.9,49873938935.6,69188517055.2,84587108845.3,99457163486.3,114910260649.9,132538717154,145998330659.9,163111452414.1,168182236339.6,155972716013.2,..
"Egypt, Arab Rep.",EGY,"Total debt service (% of exports of goods, services and primary income)",DT.TDS.DECT.EX.ZS,11.3432564081069,12.1375050484066,13.0087888641242,8.02571278886904,7.11487779392182,6.3385277679948,6.06505271951705,5.69409361051978,6.51035028244995,6.20858249606502,7.90655385279539,6.64052009640903,7.63717373471107,12.6738497850725,9.98733957183104,19.5115368004423,15.3775515850977,16.3223660797798,16.58038796421,30.61957277854,31.0941269796866,23.1349293420531,30.3910889570483,49.2291017973666,..
"Egypt, Arab Rep.",EGY,Total debt service (% of GNI),DT.TDS.DECT.GN.ZS,2.03476543742155,2.43999230150158,3.34846927547046,2.76680362326933,2.55776267618421,2.3039496255124,2.19842607151963,2.00555861546957,1.56829125048314,1.428047388747,1.62885752585063,1.18942104336922,1.22268879222216,2.01216407856486,1.16864264566752,2.02315058781381,2.75069736280585,3.34517962596805,2.94081739032531,3.34145512147015,4.47124570125697,3.88917591191881,5.65292744485087,8.85775500033591,..
"Egypt, Arab Rep.",EGY,Gross capital formation (% of GDP),NE.GDI.TOTL.ZS,18.2603847226094,17.9994721562418,16.8862275449102,16.9379765093756,17.9758588672238,18.7307754573418,20.8512352309345,22.3897264098269,19.1901746305891,19.5010774075916,17.1030559404857,16.0267510598913,14.2119974199097,13.6431924882629,14.2886370146078,15.0402303092936,18.734101042151,20.6249196348206,20.6540385989993,18.8180606572831,18.2122435502994,19.8559132929551,16.4907339937373,12.9967401874752,..
"Egypt, Arab Rep.",EGY,Tax revenue (% of GDP),GC.TAX.TOTL.GD.ZS,..,13.4077593032462,13.3499401197605,13.8359777457243,14.068635097493,15.8295127084345,15.3498523093448,15.3205248464545,15.6613605833813,14.1300762473065,14.0086354022318,12.3849047590613,13.4980649322726,12.2201408450704,12.5192110970171,..,..,..,..,..,..,..,..,..,..
"Egypt, Arab Rep.",EGY,Total natural resources rents (% of GDP),NY.GDP.TOTL.RT.ZS,6.46938580220137,7.30037527584326,9.13743176464721,11.3771125904479,14.464485213491,14.8463875493972,13.5101746020733,15.5824855619458,9.1307819389596,9.45061556541184,12.3388401952225,10.7454978351353,9.78188256424924,8.43222797439408,4.12906894708286,3.20908060820144,5.69886428656261,7.59656355901849,5.72496131230483,3.25774327235436,5.1391200748227,..,..,..,..
"Egypt, Arab Rep.",EGY,"Government expenditure on education, total (% of GDP)",SE.XPD.TOTL.GD.ZS,..,..,4.94563007354736,4.67072010040283,4.79442977905273,4.00178003311157,3.68460988998413,3.76082992553711,..,..,..,..,..,..,..,..,..,..,..,..,..,..,..,..,..
"Egypt, Arab Rep.",EGY,Current health expenditure per capita (current US$),SH.XPD.CHEX.PC.CD,68.67334747,63.99928665,50.34780884,50.33084488,59.4683876,66.32707214,73.29454041,90.15769958,98.90396881,105.07817841,116.22949219,139.81625366,139.67245483,155.06480408,170.25532532,142.61845398,106.00288391,118.01481628,142.69670105,148.35269165,176.93664551,171.67852783,141.41111755,..,..
"Egypt, Arab Rep.",EGY,Current health expenditure (% of GDP),SH.XPD.CHEX.GD.ZS,5.40030336,5.5107379,5.2242527,4.85732365,4.92229176,4.84190083,4.44493246,4.46634817,4.37870932,4.15319157,4.35707569,4.45891809,4.6710043,4.77415323,5.06153202,5.07462406,5.34661913,4.74892998,4.5994668,4.15384626,4.60955143,4.72362804,4.88449335,..,..
"Egypt, Arab Rep.",EGY,GDP per capita (current US$),NY.GDP.PCAP.CD,1295.1374184163,1116.82884626213,1031.27556291284,991.255689145253,1105.53920713903,1298.97900203124,1547.74170735909,1896.21594269779,2161.63964573927,2455.08194645282,2590.64384891965,2996.0677072015,3025.52563552448,3133.39102265541,3306.98159414141,3270.6287768197,2395.10333299491,2484.70315630508,2962.98892023003,3511.11381026379,3827.35415374308,4233.30783744856,3456.78968456253,3338.47371395895,..
"Egypt, Arab Rep.",EGY,"Population, total",SP.POP.TOTL,74652029,76239137,77853548,79477443,81101004,82700403,84276225,85864789,87501636,89196072,91093059,93161001,95333553,97528654,99597342,101644589,103696057,105682094,107553158,109315124,110957008,112618250,114535772,116538258,..
"Egypt, Arab Rep.",EGY,"Population, male",SP.POP.TOTL.MA.IN,37884068,38686754,39500066,40316294,41129624,41923213,42696483,43472207,44273478,45104003,46048544,47092941,48189501,49290447,50313586,51327304,52358181,53361197,54305284,55193553,56026138,56867200,57830587,58840145,..
"Egypt, Arab Rep.",EGY,"Population, female",SP.POP.TOTL.FE.IN,36767961,37552383,38353482,39161149,39971380,40777190,41579742,42392582,43228158,44092069,45044515,46068060,47144052,48238207,49283756,50317285,51337876,52320897,53247874,54121571,54930870,55751050,56705185,57698113,..
"Egypt, Arab Rep.",EGY,"Unemployment, youth total (% of total labor force ages 15-24) (modeled ILO estimate)",SL.UEM.1524.ZS,27.632,26.4,29.399,28.348,31.222,30.516,25.076,25.536,25.219,24.583,29.426,34.439,34.12,32.198,34.16,33.655,32.644,26.252,20.631,18.463,18.21,16.342,17.153,17.291,18.293
"Egypt, Arab Rep.",EGY,Employment in agriculture (% of total employment) (modeled ILO estimate),SL.AGR.EMPL.ZS,29.4310999389135,28.399370250941,30.7899908929444,32.7708615696754,31.8618687474214,32.1508922443392,32.6931331876893,31.8580350973925,30.1243451974851,28.4168704658125,29.3945711448604,27.2199500671484,28.1032314526204,27.690460713225,25.9833857159297,25.5738249191684,25.0617915703103,21.6811988949726,21.1580259380101,20.379130038761,19.2891712496112,18.9342357113841,18.2880136371241,17.9765724109745,17.5246443528294
"Egypt, Arab Rep.",EGY,"Manufacturing, value added (% of GDP)",NV.IND.MANF.ZS,17.6980763869529,18.4967537608868,17.3038323353293,17.2369668246446,16.709452181987,15.9775619232637,15.3699248120301,15.5223673925181,15.786154289004,16.102270843693,15.7671942236161,16.1654744133278,16.608374543109,16.7744460093897,16.6974467040386,16.8413264929505,16.59352061052,16.3508895889589,15.9882989635454,16.3804560673536,15.4852838768741,15.9705322282435,15.0639098410698,13.8934615296088,..
Ethiopia,ETH,"Foreign direct investment, net inflows (% of GDP)",BX.KLT.DINV.WD.GD.ZS,4.24475958430851,3.2480726995032,5.39212251252315,5.38041579859625,2.13780093729558,3.5682352741624,1.12647092519686,0.400997134132688,0.682729366934427,0.963030625359937,1.96735663905254,0.643172898229037,2.82040845857162,3.33569111068815,4.22926466080082,6.0502150951561,5.26039764214773,4.03228222144798,2.77536541541531,2.42792592797614,3.90520609771909,2.9803331590978,2.40146315358044,2.68582028016447,..
Ethiopia,ETH,"Foreign direct investment, net inflows (BoP, current US$)",BX.KLT.DINV.CD.WD,349400000,255000000,465000000,545100000,265111675.482385,545257102.178303,222000572.994807,108537543.965442,221459581.361983,288271568.250744,628624805.998664,278562822.162861,1343876023.73137,1855052153.64106,2626517918.31299,4142937496.46329,4017159564.65434,3360419368.65294,2548743427.35753,2395799880.65984,4259445795.28262,3669991332.17485,3262966283.51939,4021755290,..
Ethiopia,ETH,"Personal remittances, received (% of GDP)",BX.TRF.PWKR.DT.GD.ZS,0.22248806734534,0.420171887116394,0.538866604196298,1.32010990207259,1.39922146934874,1.12659427082788,1.81573565751308,1.42866780210322,0.806482761481544,1.45702856682548,1.68479919300585,1.44158455346166,1.74829264852672,3.23018487802697,1.75028490068647,1.1277489909273,0.515122893440316,0.523561857784221,0.522270035651608,0.409506869491143,0.410418210792818,0.414325120259501,0.396956017595771,4.76671083897354,..
Ethiopia,ETH,"Personal remittances, received (current US$)",BX.TRF.PWKR.CD.DT,18313718.1709493,32986894.4223657,46470192.4649014,133742806.235814,173519405.683879,172153313.961754,357838224.989752,386696265.842836,261601951.495537,436143876.305004,538339894.672104,624360669.898231,833031317.035109,1796377786.73294,1086986751.24654,772235946.595018,393379170.003451,436325463.090781,479624165.264604,404088319.891243,447647084.052728,510201215.39532,539360389.32098,7137687012.83626,..
Ethiopia,ETH,Net ODA received (% of GNI),DT.ODA.ODAT.GN.ZS,13.4913351546421,16.9899283884646,18.9441571883045,18.1800466630117,15.6010460361201,13.3478832516468,13.2166098078227,12.2430175091074,11.8032772224198,9.28401218225438,10.9646607251725,7.50509850123161,8.17293684714986,6.46231213930173,5.23659101279756,5.98423881543787,5.43354958123975,5.95548979856702,5.12486061582487,5.40826686635352,3.75287603364785,4.02198365094148,3.9865591580784,..,..
Ethiopia,ETH,"External debt stocks, total (DOD, current US$)",DT.DOD.DECT.CD,5745843979,6552441032.8,7281813432.4,6568177206.7,6175805430.4,2220991208.6,2592599173.4,2847636291.2,5361419433.9,7287411658.5,8607523904.7,10465118049.7,12585463066,16946037499.2,20443875424.1,23396722284.1,26170602394.7,29842524863.7,30377335498.2,32364057104.1,32000197807.2,30620768251.9,33273672181.5,36548259483.3,..
Ethiopia,ETH,"Total debt service (% of exports of goods, services and primary income)",DT.TDS.DECT.EX.ZS,18.4504182986841,7.95562316185366,7.26231196064674,5.62657585794404,4.4763824045079,5.92848200535041,4.61084075966232,2.92892372797499,2.78794102875786,3.85484030213973,5.88919875915745,7.1428932989006,10.679035983358,11.870058525757,18.2926128660911,20.9349904391639,22.2353979988408,21.4915673746629,28.9364069267454,26.1117055633717,21.2158220927836,18.3033612266851,14.3397323570812,11.538041500051,..
Ethiopia,ETH,Total debt service (% of GNI),DT.TDS.DECT.GN.ZS,2.23742693905702,1.10018325054626,1.083716926237,0.958745053526713,0.714204528094805,0.876785032388932,0.637349217091313,0.38200328589493,0.295734862350697,0.601299423503035,1.07877548965472,0.992326884413376,1.37562846766642,1.36897194289655,1.78222032173404,1.81517794155653,1.95261203835366,1.9922644113344,2.42687863924836,2.05652883301956,1.85801281865652,1.64216289041195,1.15718410864024,0.907861728050567,..
Ethiopia,ETH,Gross capital formation (% of GDP),NE.GDI.TOTL.ZS,0,0,0,0,0,0,0,0,0,0,32.1076664694521,37.0979619673542,34.0811183155872,37.9937253037378,40.6712729848122,37.3487629699646,38.4439871569806,34.1629551124182,35.2639756254811,30.5789686594943,28.0252954109363,25.3422268254436,22.1694039604718,20.5754723153175,..
Ethiopia,ETH,Tax revenue (% of GDP),GC.TAX.TOTL.GD.ZS,8.08387167264084,9.70983167885198,9.11689550681182,9.68076220287628,8.72441638457737,8.26284585481565,7.81252966616113,7.81414425408042,6.58118138102551,8.1634410798229,9.20935861701915,9.37759471505438,8.76472537700643,8.81195539315636,8.35133826701354,8.08706320892815,7.60392938472836,7.51992183038243,6.66173827845392,6.19630068675837,5.32472596203915,4.49688508975156,3.93105822731496,3.39819259731172,..
Ethiopia,ETH,Total natural resources rents (% of GDP),NY.GDP.TOTL.RT.ZS,18.1488127694134,23.1893231496073,36.1413210442662,27.810993348368,23.4931936600342,18.828854826567,21.9115368349794,18.7793493652542,16.4317377452986,15.8199957578791,17.4282532150132,14.9281805721075,14.0104012014584,13.3844820157845,12.1932229078984,11.2339790417281,9.87787063669115,6.36887574699294,5.50373971369559,5.49770060254135,5.86707347361267,..,..,..,..
Ethiopia,ETH,"Government expenditure on education, total (% of GDP)",SE.XPD.TOTL.GD.ZS,3.7002899646759,3.63245010375977,..,..,..,5.49094009399414,5.45110988616943,5.40819978713989,4.42207002639771,4.49659013748169,5.4857702255249,5.56677007675171,4.4985499382019,4.60201978683472,4.73791868878759,5.06151399998447,5.49905076025271,5.22011189522399,4.48086946127054,4.0905654220699,4.06524874309096,3.73649512188829,2.9272447768927,2.2978069565991,..
Ethiopia,ETH,Current health expenditure per capita (current US$),SH.XPD.CHEX.PC.CD,5.50955105,5.14964151,5.70984173,5.7385993,6.4820013,8.42413712,11.63210678,13.03863621,15.1445961,16.17102051,14.62286568,20.00217628,19.26698494,21.6064415,23.21817207,24.34373283,24.18239403,23.5205574,25.93511963,28.28001595,26.06931114,27.06845474,34.79846954,..,..
Ethiopia,ETH,Current health expenditure (% of GDP),SH.XPD.CHEX.GD.ZS,4.72316694,4.7126298,4.89970922,4.31281853,4.10098124,4.45757294,5.00128317,4.28063869,4.6496563,5.46637249,4.46897745,4.5395956,4.07506514,4.03365517,3.82316828,3.60033751,3.45336914,3.30371761,3.24287128,3.48096275,3.20779967,2.85298109,2.80310345,..,..
Ethiopia,ETH,GDP per capita (current US$),NY.GDP.PCAP.CD,118.457204255261,109.593813612988,116.800491132777,133.169812538096,158.243458082465,189.345737521418,237.146255996319,316.410475118075,368.574712267445,330.619412798644,343.024942351887,452.101031885754,484.039833104062,549.986577082588,597.912113218663,641.651523286233,696.348429076216,739.702022272086,793.473247210264,829.790982547947,893.00983544905,982.103161506992,1055.81091592527,1133.88279681719,..
Ethiopia,ETH,"Population, total",SP.POP.TOTL,69487762,71635517,73832663,76077206,78367470,80703490,83103217,85543668,88007636,90538514,93149970,95798767,98438751,101115610,103867135,106718162,109666481,112664152,115737383,118917671,122138588,125384287,128691692,132059767,..
Ethiopia,ETH,"Population, male",SP.POP.TOTL.MA.IN,34709319,35813001,36940037,38088967,39258804,40449674,41668087,42902254,44145198,45420163,46735469,48068955,49395636,50737959,52115091,53539959,55012166,56508480,58042248,59626568,61227788,62841233,64486162,66167290,..
Ethiopia,ETH,"Population, female",SP.POP.TOTL.FE.IN,34778443,35822516,36892626,37988239,39108666,40253816,41435130,42641414,43862438,45118351,46414501,47729812,49043115,50377651,51752044,53178203,54654315,56155672,57695135,59291103,60910800,62543054,64205530,65892477,..
Ethiopia,ETH,"Unemployment, youth total (% of total labor force ages 15-24) (modeled ILO estimate)",SL.UEM.1524.ZS,4.683,4.472,4.316,3.982,3.602,3.45,3.457,3.453,3.46,3.435,3.42,3.414,3.429,3.634,3.813,4.031,4.25,4.515,4.752,6.356,6.246,5.45,5.455,5.449,5.353
Ethiopia,ETH,Employment in agriculture (% of total employment) (modeled ILO estimate),SL.AGR.EMPL.ZS,76.6663752328435,77.301987053241,78.36861445849,77.9489835625342,78.1207687841057,77.3834443323027,76.536932624188,75.7648202302168,75.1048734069303,73.8364402777099,72.7100786949306,72.0855900612962,71.0336414154162,69.5568173277342,67.9554159374159,66.4193704213686,64.7196824024448,63.3660820162746,61.8104146305182,63.6280222831778,63.4660144892329,62.9652872545333,62.1745084426461,61.0084469389365,60.1432419652977
Ethiopia,ETH,"Manufacturing, value added (% of GDP)",NV.IND.MANF.ZS,5.77622813871001,5.76649058338808,5.77003750137346,5.35070561062316,4.84296124606208,4.63773836603377,4.57968246789691,4.10813533633752,3.88025579578888,3.97390612014563,3.68255139559386,3.42006071889612,3.702189003056,3.99132524576571,4.4046191387627,5.69139715520615,6.18658862115693,5.82761794884477,5.5943681537753,5.30328095327218,4.60568847899772,4.24106228595515,4.47900684001568,4.39391406328772,..
Ghana,GHA,"Foreign direct investment, net inflows (% of GDP)",BX.KLT.DINV.WD.GD.ZS,1.68056701347756,0.955694277966518,1.7916409392104,1.56810546990152,1.34923986570129,3.04529018468516,5.57118876952139,9.46643908231485,9.10808669100415,7.84948455261709,8.2558797134245,7.98251565917851,5.13479660884921,6.15120635162518,6.45737614178894,6.20782671803196,5.39035841681501,4.4440435772374,5.67619931009197,2.67937438514205,3.18633188953992,1.93240124339233,1.63794208213468,2.14505298599888,..
Ghana,GHA,"Foreign direct investment, net inflows (BoP, current US$)",BX.KLT.DINV.CD.WD,89320000,58930000,136751000,139270000,144970000,636010000,1383177929.85458,2714916343.69978,2372540000,2527350000,3247588000,3294520000,3227000000,3363389444.44444,3192320530.7897,3485333369.27963,3254990000,2989035000,3879831469.7,1875782953.46905,2533586462.03873,1428411737.133,1319315614.67989,1765552579.5641,..
Ghana,GHA,"Personal remittances, received (% of GDP)",BX.TRF.PWKR.DT.GD.ZS,0.863785856356726,0.705783386680856,0.852907818883425,0.92745551290552,0.923113637317234,0.503964848100869,0.472719655317582,0.439705076430655,0.439390802986601,0.421931838233591,5.42658723153267,5.22269483590356,2.96597754289707,3.67206532500897,10.0784066400995,5.30764584386793,5.85639814832266,5.23431525252006,5.93056152121388,6.13064485540951,2.45987576586277,2.87894180193646,3.04707983222618,3.67815124775026,..
Ghana,GHA,"Personal remittances, received (current US$)",BX.TRF.PWKR.CD.DT,45909120,43520000,65100096,82371200,99184576,105253248,117363712,126104704,114455680,135852160,2134638607.37,2155495000,1863990000,2007831480.11,4982442361.78623,2979934204.38383,3536410000,3520566623.36831,4053694728.81048,4291956800.55746,1955950652.58157,2128085082.98706,2454335867.96485,3027416789.17939,..
Ghana,GHA,Net ODA received (% of GNI),DT.ODA.ODAT.GN.ZS,12.3848072077705,11.4195740474993,13.1905377695442,16.3419582104998,10.8601609909254,6.0860549491327,4.71069825745318,4.59399674324165,6.10563705784182,4.32381102713659,4.73285710338704,4.59284354647094,2.17394866163727,2.16730934056598,3.69231777516219,2.44460544497604,2.2008397380138,1.66212732274913,1.39059810703371,3.1173348815588,1.60841385718992,1.44501765492881,2.08449022531047,..,..
Ghana,GHA,"External debt stocks, total (DOD, current US$)",DT.DOD.DECT.CD,6860995876.9,7640294825.3,8301000837.7,7243731089.5,8091993817.5,6059739098.4,8311291215.1,10058853977.2,12962573037,17984659771.3,21317880741.9,23151628039.4,28508533533.3,28517251145.9,31306595150.8,34860777089.7,33725981614.6,35100516069.1,32685329069.8,40295305085.6,46584318739.8,43607006146.1,41700706280.4,37414621429.7,..
Ghana,GHA,"Total debt service (% of exports of goods, services and primary income)",DT.TDS.DECT.EX.ZS,12.9307631087843,8.59248021479088,15.6253558523097,8.03337570178493,8.90912509344684,6.27563624136757,4.86835377498653,4.374048148813,4.60121789606095,4.92890795970623,3.54477536058183,5.6836727482065,5.23002563038489,16.724395649565,7.38187818975689,26.0423836386085,30.6452087621077,19.0937763222227,35.9953158026916,12.7346959387465,13.3672293231482,22.1220826133066,15.2849984123129,9.43593175956357,..
Ghana,GHA,Total debt service (% of GNI),DT.TDS.DECT.GN.ZS,5.99769222276817,3.67908559629161,6.72483660330599,3.19298076303827,3.31735100275761,1.60122077082106,1.20058218038847,1.09588757218972,1.37119873017275,1.47731027160117,1.36261088653891,2.44713587579023,1.41167356407546,4.96111145556851,2.59522702070256,8.5491622317565,11.0738658139804,6.87062969867683,14.3204503817984,4.1072010043414,4.29408932503012,8.06311722842756,5.1136883327406,3.44555750875324,..
Ghana,GHA,Gross capital formation (% of GDP),NE.GDI.TOTL.ZS,26.5994216024397,19.7,22.9369279766376,28.3775066840527,29.0021406363098,22.46580573765,15.3845449877747,16.4919639408033,16.4317931081367,13.1001937072805,12.8099929663177,16.967722122965,24.7715380530843,27.1650663374465,27.7096411705743,25.4556554537134,19.5655199555214,21.7093349999065,18.6472756161472,18.2236669857819,17.0366779158262,16.4078520146146,10.1167734490213,10.0180662777629,..
Ghana,GHA,Tax revenue (% of GDP),GC.TAX.TOTL.GD.ZS,17.1929278946802,17.4931112111661,18.4776861347961,21.7521055188451,21.321508315786,12.534618528847,13.8779845463992,13.8959679074555,12.6124615220586,13.3883874032931,14.8657903615734,15.3681810106551,10.671836497112,11.2521859793493,11.6905632099655,11.058329192094,11.5770312754335,12.244241507483,11.9969959057137,11.3404319629261,12.2446867253345,12.2975358062853,12.3930984567288,..,..
Ghana,GHA,Total natural resources rents (% of GDP),NY.GDP.TOTL.RT.ZS,12.746063574387,13.4249078896054,15.6197723814453,12.3974101450175,11.7318044619005,7.57618461499477,8.82815308813168,9.16190193076971,10.8115826827154,10.1146292384946,16.0706874677608,15.8226771827735,10.8892140729202,12.249534681472,10.5635168212992,8.64980290681468,10.3700404312643,9.7904078745383,9.76736656039863,8.48657958474163,13.3474845007777,..,..,..,..
Ghana,GHA,"Government expenditure on education, total (% of GDP)",SE.XPD.TOTL.GD.ZS,5.35444021224976,..,..,7.53558015823364,7.42208003997803,5.14794015884399,5.51986980438232,5.75795984268188,5.31744003295898,5.54059982299805,8.14097023010254,7.91913986206055,4.57644987106323,4.39978981018066,4.43404006958008,4.3945198059082,3.53362989425659,3.8861300945282,3.15307114842573,3.40915991351725,3.4005042684722,2.90963831638452,..,..,..
Ghana,GHA,Current health expenditure per capita (current US$),SH.XPD.CHEX.PC.CD,12.15051079,14.30371571,18.96423721,23.57214928,38.51657486,49.34616852,57.34096527,63.45487595,62.44382095,80.6833725,91.70959473,81.96895599,105.34784698,78.46701813,78.21643066,64.86400604,54.10602188,53.37788773,71.14958191,97.37677765,94.40388489,82.32108307,70.25730896,..,..
Ghana,GHA,Current health expenditure (% of GDP),SH.XPD.CHEX.GD.ZS,1.86866331,1.94694591,2.14935279,2.36955285,3.27344108,3.67208791,3.70900321,3.72533512,4.17717743,4.52302933,4.46374655,3.93023658,4.59225416,4.01644135,4.54299259,3.39035821,2.68786979,2.43001175,3.25450468,4.4331708,3.86030865,3.67459154,2.94686937,..,..
Ghana,GHA,GDP per capita (current US$),NY.GDP.PCAP.CD,263.542156494853,297.46164468774,358.39927142073,406.132105329565,478.611909191028,906.441027564887,1050.12461524926,1182.65761256016,1047.70430093586,1263.89251760539,1507.43573198753,1543.77524235764,2294.79584693743,1949.90832923846,1722.77282833606,1912.47991339951,2012.28662641265,2195.32166016377,2186.65822682613,2195.45481659987,2445.18662529344,2229.89122647803,2383.90410483418,2390.77237652715,..
Ghana,GHA,"Population, total",SP.POP.TOTL,20167069,20729388,21296705,21868298,22449438,23040702,23642279,24249946,24862664,25474995,26095088,26734268,27386193,28041592,28696068,29356742,30008354,30637585,31258945,31887809,32518665,33149152,33787914,34427414,..
Ghana,GHA,"Population, male",SP.POP.TOTL.MA.IN,10044029,10328145,10614701,10903249,11196556,11495055,11798710,12105190,12414043,12722558,13034541,13355706,13683015,14011629,14339499,14670408,14996562,15311203,15621430,15934246,16247587,16560812,16877545,17194242,..
Ghana,GHA,"Population, female",SP.POP.TOTL.FE.IN,10123040,10401243,10682004,10965049,11252882,11545647,11843569,12144756,12448621,12752437,13060547,13378562,13703178,14029963,14356569,14686334,15011792,15326382,15637515,15953563,16271078,16588340,16910369,17233172,..
Ghana,GHA,"Unemployment, youth total (% of total labor force ages 15-24) (modeled ILO estimate)",SL.UEM.1524.ZS,15.376,14.261,13.052,11.854,10.671,9.494,9.996,10.264,10.811,11.059,8.808,6.664,4.718,9.307,14.238,10.616,6.375,6.107,5.875,6.319,5.985,5.402,5.352,5.347,5.826
Ghana,GHA,Employment in agriculture (% of total employment) (modeled ILO estimate),SL.AGR.EMPL.ZS,63.5735114582606,63.0914432152009,62.5721569676871,62.0186367132898,61.310537752112,60.7279021918673,58.0842780600059,55.0094920222776,52.1108614048493,48.8412188276963,47.0766379600252,45.7602283880096,44.3403448003791,43.895196360092,43.4261410674157,42.8607884401307,42.0184244466613,39.8965508902356,37.6580356214864,37.4159627643187,35.9690047422434,36.3202438830527,36.0071785301449,35.186453760204,34.5735834374172
Ghana,GHA,"Manufacturing, value added (% of GDP)",NV.IND.MANF.ZS,9.00298654871069,9.02726044779174,8.97552363519288,8.74199863283443,8.65538839902612,9.54101659905651,8.59640481520955,7.54411818600718,6.77209063372257,6.38865862680317,6.42376585885943,5.66058649920669,11.5885474629749,11.0199488260173,11.0982995618487,10.8204245904679,10.1522230921101,10.1201333350505,10.1612187308728,10.9530558483938,10.8854255442819,11.484432033747,11.1414262588743,9.83621907142742,..
Kenya,KEN,"Foreign direct investment, net inflows (% of GDP)",BX.KLT.DINV.WD.GD.ZS,0.0408333582871574,0.210062364887451,0.548412532071825,0.286194263505208,0.113202068934601,0.196219632064752,2.28124317373484,0.266291327300955,0.274534230856511,0.392164287395035,3.09471103381268,2.44725940988928,1.81417037253291,1.20220842439576,0.883799936312692,0.627591266355583,1.64083690398642,0.832686217791619,0.468168547481475,-0.00536845439351621,0.382593996518954,0.691645983068062,0.472521238226254,0.385110027210407,..
Kenya,KEN,"Foreign direct investment, net inflows (BoP, current US$)",BX.KLT.DINV.CD.WD,5302622.93940565,27618447.058206,81738242.6366211,46063931.4543862,21211685.3952229,50674725.1830694,729044146.043719,95585680.2334439,116257608.986359,178064606.752108,1450474757.0818,1380173661.94265,1118825000.1933,820937598.360539,619724465.016411,469533310.683932,1346085345.21691,767761506.730644,469940266.776669,-5403752.28986896,419719612.932137,791581760.055161,507964511.417799,463439704.196417,..
Kenya,KEN,"Personal remittances, received (% of GDP)",BX.TRF.PWKR.DT.GD.ZS,0.392071439730166,0.434625977212833,0.441780787060586,2.33490812923558,2.26808312406334,2.2088981923497,2.01891210593496,1.85907364130394,1.49115081057576,1.51029178105058,1.99308663050858,2.14732659744177,2.1148804409277,2.11002334799742,2.23796042279417,2.33193318571891,2.39195095634137,2.95041012979608,2.82749196207077,3.08763090265523,3.43661248510652,3.54717907214312,3.93262959527649,4.15476886041749,..
Kenya,KEN,"Personal remittances, received (current US$)",BX.TRF.PWKR.CD.DT,50914426.2781064,57143479.9765542,65845295.3810806,375811334.23186,424991045.929028,570459274.012712,645207871.372579,667317334.023689,631460883.164752,685757272.443359,934149203.154614,1211021439.49347,1304277230.82376,1440846249.81752,1569267849.83759,1744639174.70127,1962273106.47771,2720366061.45974,2838192215.41576,3107932253.39579,3770089638.54768,4059710201.31201,4227611606.30686,4999830478.63973,..
Kenya,KEN,Net ODA received (% of GNI),DT.ODA.ODAT.GN.ZS,3.67963236700844,2.98028481089348,3.54783141258978,4.11147397402981,4.03898539456298,3.65612352053179,4.17853561645997,3.8016391009156,4.82052011792212,3.7379602418569,5.90730352065504,5.28750697266849,6.06795710845407,4.39259978937947,3.89833576688931,2.96509841983156,3.08196058759201,2.74303239010294,3.21252306710486,3.99132572231146,2.93844138251803,2.34216272813436,2.45692145849575,..,..
Kenya,KEN,"External debt stocks, total (DOD, current US$)",DT.DOD.DECT.CD,5495276586,6095869527.9,6715084650.7,6916593410.5,6501013208.9,6719657604,7576695048.2,7691776548.9,8585721249,8885235532.9,10042095566.4,11832175543.2,13775500738.7,16911742536.7,19783760501.7,21057671043.3,26951349499.4,31433802015.7,34970099589.9,38038451074.1,41219100011.5,41556299639.8,42910026054.2,42886127218.3,..
Kenya,KEN,"Total debt service (% of exports of goods, services and primary income)",DT.TDS.DECT.EX.ZS,15.8770724297325,16.3518460197548,15.8395942005604,8.28271114274799,9.98729954136341,7.13640902609938,6.33193280296341,4.88681340498547,5.14297262607261,4.40619610700289,4.31690093770715,4.6495039960247,4.73075851407227,11.362004823099,8.33004713955533,11.1736382993382,14.5974443871521,23.6995062707777,38.427302443419,24.2889288609468,16.7806362225923,18.1305777110906,21.1131036239564,27.2238636965006,..
Kenya,KEN,Total debt service (% of GNI),DT.TDS.DECT.GN.ZS,3.78120072604703,4.08107256690456,3.94362831712598,2.24671101181596,2.88742055521988,1.67502574734992,1.43767344825847,1.15369491284044,1.05246227171942,1.00913780458503,1.05363687668992,1.07020422651406,0.981940461895437,2.20179846842632,1.40888517813813,1.51580806262624,1.92138336255286,3.07360119299641,4.54740284016274,2.83369393557602,2.26098115506385,2.96110577402991,3.66530221312832,4.78574625938733,..
Kenya,KEN,Gross capital formation (% of GDP),NE.GDI.TOTL.ZS,18.790340524259,15.1382158893462,16.4821493891933,16.962495556485,17.6496847904784,18.633585404403,20.4569783889085,19.6127114227698,19.0191724248254,21.2639987992095,21.8858122759467,22.1933629258823,22.4049681039862,24.9507189987733,22.1033982020293,19.3484358309332,20.6634949022773,19.3759862497025,19.3418324204191,19.6515841707054,20.3912447822361,19.0540638513609,16.5707504717762,16.7771560971022,..
Kenya,KEN,Tax revenue (% of GDP),GC.TAX.TOTL.GD.ZS,..,..,..,..,..,..,..,..,..,..,..,..,..,15.1870212650473,14.8394826504099,14.9664727307544,15.0524641340645,14.3612789172776,15.1001093470909,14.2998226320714,13.554644324086,14.5993496343343,14.0631113797385,..,..
Kenya,KEN,Total natural resources rents (% of GDP),NY.GDP.TOTL.RT.ZS,3.14162066789234,3.73954391156623,5.08542139634021,4.12367812938474,4.07693603995981,2.95041850869952,3.63389849443088,3.63886873395414,3.24572373518734,2.67307931109746,2.9431872828815,2.90888320855534,2.66940200706872,2.64310943602707,2.70967011611946,2.65839831359762,2.31435620783369,1.36132463517161,1.22718421158535,1.26881196888613,1.22792857770901,..,..,..,..
Kenya,KEN,"Government expenditure on education, total (% of GDP)",SE.XPD.TOTL.GD.ZS,5.20621013641357,6.17199993133545,6.49428987503052,6.79693984985352,7.3356499671936,7.04981994628906,..,..,..,4.81548976898193,4.70012998580933,4.93122005462646,4.83721017837524,4.7172999382019,4.74349021911621,4.89518022537231,4.96308994293213,5.10761976242065,5.37359210998097,5.04574892454155,4.89040202257195,4.51101801829815,3.96229304413263,4.02242346098974,..
Kenya,KEN,Current health expenditure per capita (current US$),SH.XPD.CHEX.PC.CD,22.11487579,22.28772163,25.64012337,27.65002823,30.9943428,40.3040123,49.44605255,54.35681915,55.455616,58.8164711,57.02286911,64.48231506,67.59809875,72.84589386,70.94755554,73.88768005,66.46552277,75.27681732,85.64528656,86.5921936,94.20249176,91.18416595,84.958992,..,..
Kenya,KEN,Current health expenditure (% of GDP),SH.XPD.CHEX.GD.ZS,3.74002314,3.82159472,4.03365707,4.21159506,4.2174139,5.0134387,5.12358475,5.19050598,5.29172945,5.38849831,5.20212841,5.0180583,4.93100405,4.91267347,4.76439571,4.75429106,3.98597503,4.09903383,4.36874676,4.49248886,4.56992722,4.32241869,4.35172892,..,..
Kenya,KEN,GDP per capita (current US$),NY.GDP.PCAP.CD,410.700452474814,402.936385605382,442.898457253405,463.662781300121,523.456312433863,699.80237063381,840.201439476765,915.54435473604,1047.9678324485,1091.51873101194,1096.14499807675,1285.00536171512,1370.87885214659,1482.81566253497,1489.11959777284,1554.12610314423,1667.48447230835,1836.45275528993,1960.40808854893,1927.66459027849,2061.35622089594,2109.56288513137,1942.58802756191,2132.43452097647,..
Kenya,KEN,"Population, total",SP.POP.TOTL,31619170,32629808,33652223,34713455,35796484,36904008,38036349,39206351,40408891,41598567,42758461,43888303,44986791,46051440,47088526,48139687,49197766,50207107,51202827,52217334,53219166,54252461,55339003,56432944,..
Kenya,KEN,"Population, male",SP.POP.TOTL.MA.IN,15717172,16226686,16742084,17276859,17822201,18379151,18947276,19533328,20135424,20730324,21308755,21871029,22416778,22944358,23456597,23976290,24499409,24995719,25485390,25983597,26473100,26980543,27517012,28056072,..
Kenya,KEN,"Population, female",SP.POP.TOTL.FE.IN,15901998,16403122,16910139,17436596,17974283,18524857,19089073,19673023,20273467,20868243,21449706,22017274,22570013,23107082,23631929,24163397,24698357,25211388,25717437,26233737,26746066,27271918,27821991,28376872,..
Kenya,KEN,"Unemployment, youth total (% of total labor force ages 15-24) (modeled ILO estimate)",SL.UEM.1524.ZS,6.778,6.885,6.829,6.818,6.654,6.571,6.561,6.839,7.03,7.049,6.924,6.945,7.183,7.253,7.299,7.333,9.097,10.818,12.547,13.619,12.232,15.488,15.164,15.477,15.246
Kenya,KEN,Employment in agriculture (% of total employment) (modeled ILO estimate),SL.AGR.EMPL.ZS,59.8806071008346,59.6533370603118,59.2917162608934,58.7525949327893,58.112060585581,57.4187025425707,56.6913178250642,56.5938741513426,56.3777817951041,55.6418954408442,55.1347071055523,54.4794911025406,53.8949569687129,53.1394976084014,52.5056917704688,51.8686819490656,51.2925547917114,50.3952893581909,49.7343373997981,51.2114910190421,51.2354676158147,47.8270916176174,47.1556460778454,46.5026257021267,45.7884267176803
Kenya,KEN,"Manufacturing, value added (% of GDP)",NV.IND.MANF.ZS,9.77993983656482,9.82360946248357,9.70902523630876,10.0007925739742,10.5360857511169,12.6893553901337,12.7904398588978,12.0957706183263,11.4929531371255,11.160375024669,12.0477672867887,11.0833402731294,10.9090166252394,10.0650334327975,9.97517981812866,9.32149110147083,8.7391417305051,8.40838529183248,7.90461593672111,7.59983835849882,7.36330136314107,7.74068726212304,7.48743648398488,7.2507294225429,..
Morocco,MAR,"Foreign direct investment, net inflows (% of GDP)",BX.KLT.DINV.WD.GD.ZS,6.44412928365454,1.02035757811393,3.98561984754306,1.35118647717804,2.42635467647837,3.24283497739456,3.24999332315429,2.42213508852785,1.94782744330848,1.2299824583835,2.29046840496639,2.65758712641507,2.9038626404404,2.95925435484489,2.94611108390154,1.93000540251056,2.26092196120538,2.78337936840164,1.33479789567415,1.16907334587558,1.59422321445366,1.74814323662076,0.725864122672683,1.02047789871899,..
Morocco,MAR,"Foreign direct investment, net inflows (BoP, current US$)",BX.KLT.DINV.CD.WD,2824557251.52006,480355698.049861,2312829823.25089,893325392.835824,1670609688.92877,2460787164.18439,2825801376.44064,2466288357.37233,1970323920.01346,1240625859.11403,2521362080.65559,2841954371.38454,3360909924.3642,3525384612.43801,3252913902.35666,2153363904.93515,2680109856.21237,3544387229.27821,1720825003.13095,1418713118.61153,2264148625.4107,2294356059.17333,1060023610.0797,1638999697.24143,..
Morocco,MAR,"Personal remittances, received (% of GDP)",BX.TRF.PWKR.DT.GD.ZS,7.43967629886293,6.11156372569397,6.22773774912632,6.38416480969727,6.66528634990451,7.18383815903753,7.74080962542177,6.77086122930319,6.19753894558595,6.36744217640963,6.59181438537164,6.08571534011656,5.94586343171536,6.53793335615207,6.2524269134956,5.72134559064724,5.75583694617319,5.43376597358728,5.40068574715694,6.10953091862088,7.67928536986343,8.51110257085938,8.0456838833246,7.78959024287823,..
Morocco,MAR,"Personal remittances, received (current US$)",BX.TRF.PWKR.CD.DT,3260920244.44892,2877152600.81515,3613916567.1919,4220836008.11524,4589226819.79731,5451371054.8234,6730472440.80241,6894287729.1636,6269117560.51745,6422541530.26634,7256310891.67544,6507905288.19901,6881699960.00073,7788695018.11778,6903543638.09131,6383473883.82103,6823002118.11192,6919419947.6764,6962578453.17233,7414138465.63963,10906279156.3171,11170423192.2348,11749602451.9835,12510938321.8773,..
Morocco,MAR,Net ODA received (% of GNI),DT.ODA.ODAT.GN.ZS,1.14586195589302,0.78487913562408,1.01920567222469,1.19097855399681,1.0683153723933,1.4588914192153,1.40682774236991,1.43010154551018,1.04728545388857,0.975143061791613,1.32899201020771,1.40170236233179,1.75759088133939,1.91895310437175,1.39671951053223,1.8743767714641,2.07998478121315,0.652413486101861,0.592828129335347,1.52210244830714,0.710644111622585,1.09524688704206,0.536686895809572,..,..
Morocco,MAR,"External debt stocks, total (DOD, current US$)",DT.DOD.DECT.CD,18924527892.6,18140486660.4,18384943689.5,17133015904.7,16350932485.1,18051337126,20795268515.3,21063731444.1,24783965561.5,27347978062.1,30016607498.1,33925181786.7,39430846407.3,43338961889.4,44625383212.7,47831451631,51358094284,50686138658.3,55279299519.3,66009840918.5,65687357710.1,64971802459.6,69632222212.5,67993946129.4,..
Morocco,MAR,"Total debt service (% of exports of goods, services and primary income)",DT.TDS.DECT.EX.ZS,27.0287460478313,34.1081018556017,33.8399006984983,20.0446248431525,15.8527756151059,16.9183446647909,16.1773663547127,13.3271537994071,13.7057605351566,11.8546292970521,9.88853852756038,10.9736870036953,15.8587772705737,12.9466515206553,10.5762551692244,11.0788252872274,10.1033609468872,9.28560361990773,9.53426255528164,13.8428032596205,13.8056895646823,10.1164827473821,9.20347207035798,12.9254798325863,..
Morocco,MAR,Total debt service (% of GNI),DT.TDS.DECT.GN.ZS,6.1921450963046,8.00756983305144,7.49784208259776,4.58843264565588,3.99463230780229,4.51840784329937,4.64987676433003,4.14568444616273,3.42036897023592,3.32294491321744,2.97914461699645,3.44563906973237,4.59124238064489,4.08135944899098,3.28990132997789,3.53780789069181,3.43391292542961,3.25563424185104,3.35454906837112,4.41362354972362,4.73234897545406,4.65257233101906,4.02698256003616,5.62594609298899,..
Morocco,MAR,Gross capital formation (% of GDP),NE.GDI.TOTL.ZS,24.8603718465594,24.4137992922944,26.0506060390894,27.8984050253427,27.4168142643006,27.9527831008725,30.8038848648652,35.5127958030057,32.1852748633952,31.4907166374774,32.9462436922694,32.1793544302158,32.0046200923723,30.7742542343433,30.1771882324678,31.9579912798641,31.658071451264,32.1395672992051,30.594933523466,28.7769734233308,30.6763551818437,30.4603014984939,28.9983598724931,30.0743550064848,..
Morocco,MAR,Tax revenue (% of GDP),GC.TAX.TOTL.GD.ZS,..,17.1115740310881,16.8582507292145,17.1163253219024,18.9900493143229,19.403590924953,21.7314747760242,24.0687710887435,21.5414840078664,21.0889640891443,21.4534608720228,21.9652841058592,20.6278690149343,20.3536177532067,19.4374650876196,19.8672577619678,20.1297012322291,20.2861213777208,19.9144279438656,20.0221120456722,19.6652056359581,22.0591014118027,20.7438772391509,..,..
Morocco,MAR,Total natural resources rents (% of GDP),NY.GDP.TOTL.RT.ZS,0.208998473305515,0.194633365567,0.242738945207909,0.57019059079328,0.739189609529312,1.17487783805592,1.4811164112028,6.0135640292616,4.04625319267701,5.52351711568337,7.44006663292583,6.48582252084039,4.55138703939471,3.52679771804417,2.61402225287558,2.89821223160529,3.29989896331367,2.41389789515822,0.321780512925498,0.296128236742874,0.391702933228196,..,..,..,..
Morocco,MAR,"Government expenditure on education, total (% of GDP)",SE.XPD.TOTL.GD.ZS,..,..,..,..,..,..,..,4.85339021682739,4.83119010925293,..,..,5.55294838577208,..,5.48276036642721,5.133369043677,5.08530197423073,4.73564982004448,4.96022713486949,5.0032567210502,6.28428263644307,5.64273401285138,5.91224674061277,6.02096928801329,..,..
Morocco,MAR,Current health expenditure per capita (current US$),SH.XPD.CHEX.PC.CD,56.55395889,63.57953644,77.74629211,91.17259979,97.19748688,110.22368622,131.86448669,153.23677063,165.50694275,168.36595154,179.00019836,172.04353333,179.81974792,188.6415863,162.85198975,162.21507263,166.8500061,175.70518494,178.73939514,192.04043579,209.57344055,201.81098938,232.24751282,..,..
Morocco,MAR,Current health expenditure (% of GDP),SH.XPD.CHEX.GD.ZS,3.81601191,4.06117535,4.08037519,4.23211098,4.37350655,4.56586647,4.80759001,4.83789158,5.27312183,5.41861057,5.37019396,5.39619017,5.25540543,5.41626596,5.10435581,5.09203386,4.98920393,4.94516659,5.020401,5.78939486,5.45314503,5.75281,6.06396198,..,..
Morocco,MAR,GDP per capita (current US$),NY.GDP.PCAP.CD,1506.24523925781,1596.02062988281,1941.87255859375,2183.55541992188,2242.98828125,2438.12646484375,2755.5859375,3183.20043945313,3119.58862304688,3067.9853515625,3301.98876953125,3164.17724609375,3379.7431640625,3435.40698242188,3146.24780273438,3140.85546875,3296.52661132813,3501.69799804688,3508.09765625,3268.0302734375,3785.93627929688,3463.1376953125,3813.72607421875,4153.1943359375,..
Morocco,MAR,"Population, total",SP.POP.TOTL,28814643,29198142,29571415,29953018,30358144,30771178,31186468,31606767,32030778,32467016,32912588,33355241,33787571,34204780,34607588,35023457,35446392,35839760,36210898,36584208,36954442,37329064,37712505,38081173,..
Morocco,MAR,"Population, male",SP.POP.TOTL.MA.IN,14455173,14655649,14849608,15043044,15248420,15462516,15678805,15898334,16120575,16348614,16580111,16809114,17032492,17248626,17458434,17672457,17888070,18091271,18284522,18471768,18653397,18837517,19023229,19202022,..
Morocco,MAR,"Population, female",SP.POP.TOTL.FE.IN,14359470,14542493,14721807,14909974,15109724,15308662,15507663,15708433,15910203,16118402,16332477,16546127,16755079,16956154,17149154,17351000,17558322,17748489,17926376,18112440,18301045,18491547,18689276,18879151,..
Morocco,MAR,"Unemployment, youth total (% of total labor force ages 15-24) (modeled ILO estimate)",SL.UEM.1524.ZS,18.869,17.599,17.041,15.443,15.713,16.473,15.597,18.2,16.646,17.621,17.931,18.642,19.162,19.97,20.826,22.265,22.167,22.431,22.475,26.795,25.053,22.713,21.974,22.372,21.882
Morocco,MAR,Employment in agriculture (% of total employment) (modeled ILO estimate),SL.AGR.EMPL.ZS,44.6326899283996,44.1306880278206,43.6804750385342,45.5435220012333,45.1616212537333,43.073481863253,41.9515827346581,41.4984348153738,41.0709602754997,40.4734981636784,39.7866611945792,39.2180933384842,38.2710798408052,36.8121373144019,36.0537822119313,34.8158407998843,33.7945553125213,32.7739388412987,31.6221622583243,31.9915168601175,31.2337647364311,29.3042794898616,29.0971569760556,28.2683963248285,27.8922171629209
Morocco,MAR,"Manufacturing, value added (% of GDP)",NV.IND.MANF.ZS,16.5845285409606,16.4974942856657,16.8384502498086,16.7597013638067,15.59981062964,15.3969313917173,14.9436919597767,15.1469873525987,14.8768328118816,14.8171920253699,14.6656401995519,14.3615270032686,14.5581548719729,15.3452879513188,14.984152955286,14.7595291382492,14.5941970328011,14.8703562557049,14.7633235363387,15.177396164956,15.2356757950841,16.0498493107438,15.7918531548633,15.2654153716279,..
Nigeria,NGA,"Foreign direct investment, net inflows (% of GDP)",BX.KLT.DINV.WD.GD.ZS,1.61861555824339,1.97158413526786,1.91462056992191,1.38037387490881,2.83629405374322,2.03575267319875,2.16919536982392,2.41373918254011,2.90024873175983,1.64207369186652,2.133117701613,1.52378233769127,1.06953936497778,0.817478467870197,0.621501637000126,0.853395742751916,0.642182922336257,0.183821495682229,0.344961215904222,0.398484830422215,0.543909122152652,-0.0288727652154093,0.384195197914633,0.428249682662515,..
Nigeria,NGA,"Foreign direct investment, net inflows (BoP, current US$)",BX.KLT.DINV.CD.WD,1190618643.59161,1874070753.14013,2005353563.06397,1874060886.97608,4982533930.21737,4854353979.09082,6036021404.82068,8194071895.46246,8555990006.71681,6026253091.34715,8841062050.7726,7069908427.9365,5562857987.46966,4693828631.89583,3064168904.45333,3453258407.9848,2412974916.23263,775247400.003029,2305099811.70357,2385277665.91607,3313210000,-186792428.930928,1872520530.04694,1080310701.18297,..
Nigeria,NGA,"Personal remittances, received (% of GDP)",BX.TRF.PWKR.DT.GD.ZS,1.58598267287779,1.27186423864257,1.01473305380443,1.67402423263252,8.33382866137292,7.10077133215677,6.47393659368398,5.65576312074648,6.22720227712386,5.3801827353032,4.97428952755572,4.42762234112029,3.99853624231869,3.65720630538804,4.18355590955889,4.86790574219487,5.86487483704888,5.76446757768372,3.56309024893361,2.87469533136236,3.19846919163264,3.11115327874995,4.01108712396646,8.44081449065528,..
Nigeria,NGA,"Personal remittances, received (current US$)",BX.TRF.PWKR.CD.DT,1166614597.96595,1208958587.64914,1062820789.1282,2272734507.11605,14640084309.7025,16932144078.5376,18014430786.8868,19199974036.2717,18370796914.562,19744755062.5938,20616772500.8206,20542884459.8857,20797073957.3776,20999084800,20626046924.0079,19697938003.8912,22037016831.8378,24311022415.6069,23809281401.0144,17207547305.9954,19483402058.9105,20127614150.5134,19549549365.0158,21292957333.3537,..
Nigeria,NGA,Net ODA received (% of GNI),DT.ODA.ODAT.GN.ZS,..,..,..,..,..,..,..,0.398901376410332,0.584507945538659,0.308433977724407,0.462294712655282,0.433797594848328,0.508843993943477,0.446576936763396,0.506233816554214,0.627073734790335,0.913541680472579,0.804720194815591,0.497166156566671,0.568736724692865,0.587792842015972,0.695330270196992,0.75483676432411,..,..
Nigeria,NGA,"External debt stocks, total (DOD, current US$)",DT.DOD.DECT.CD,34976644763.9,36779630348.3,41856858871.2,45910626685.7,33654648314.5,17491682578.5,19484330676.5,20418957892.7,22748897639.8,29148883008.7,34129232146,39282745538.8,42604005424.4,46672476310.2,45024833871.7,43735939488.9,65142821169.8,69440288784.6,81342753974.7,87591245939.4,96254706293.5,103064224482.6,102472750412.9,108757630161.5,..
Nigeria,NGA,"Total debt service (% of exports of goods, services and primary income)",DT.TDS.DECT.EX.ZS,13.1390165448149,8.4016814555636,6.18901001493234,4.8414951469094,16.3965070326736,11.5792440007818,2.37255922359204,0.889151873672199,1.09157334009139,0.716261663712591,0.676956098425552,0.852085183786854,1.04636319695474,2.74426131040126,4.78478331470269,12.8052870950151,7.4017208088628,8.45834340479672,9.23927603720408,13.0926169889832,15.1109687776838,12.0372694275022,15.3919195720427,21.9135766141912,..
Nigeria,NGA,Total debt service (% of GNI),DT.TDS.DECT.GN.ZS,..,..,..,..,..,..,..,0.247727672537518,0.230923028302998,0.172606500862839,0.178682702306555,0.191905206715532,0.212283012181349,0.426308995188866,0.497870190806893,1.27582934821351,1.05433200332334,1.40302040286548,1.01280697910699,0.918063139216112,1.32740615462957,1.34330105970996,2.02567633316912,5.47888698788688,..
Nigeria,NGA,Gross capital formation (% of GDP),NE.GDI.TOTL.ZS,..,..,..,..,..,..,..,..,..,..,..,..,..,..,..,..,..,..,..,..,..,..,..,..,..
Nigeria,NGA,Tax revenue (% of GDP),GC.TAX.TOTL.GD.ZS,..,..,..,..,..,..,..,..,..,..,..,..,..,..,..,..,..,..,..,..,..,..,..,..,..
Nigeria,NGA,Total natural resources rents (% of GDP),NY.GDP.TOTL.RT.ZS,18.1012267482663,13.6048166584392,15.512504112848,16.775506962461,19.3875677161802,16.6989726330047,15.8610116948726,17.590261235625,10.6511450158162,13.8029914948457,17.5539035632028,15.1485150031193,11.6227181116144,8.78193552361452,4.55410681800406,4.65772615666869,7.80498492445019,9.79850822600435,8.35322267194456,5.07484002483035,8.55295423830806,..,..,..,..
Nigeria,NGA,"Government expenditure on education, total (% of GDP)",SE.XPD.TOTL.GD.ZS,..,..,..,..,..,..,..,..,..,..,..,0.549233086121929,0.534206768008091,0.470742539133469,0.436954905120644,0.393045646249364,0.396354013591345,0.419998493796127,0.358479005206684,0.35963763718498,0.381919104397325,0.348516707890877,0.319069049792343,..,..
Nigeria,NGA,Current health expenditure per capita (current US$),SH.XPD.CHEX.PC.CD,17.96053314,17.53752899,37.91439438,42.81798172,52.24337006,63.63072205,66.90659332,77.45053101,65.71811676,73.008255,80.2377243,87.89523315,97.29588318,102.39888763,92.91207123,75.52328491,70.31814575,63.60244751,67.6254425,67.91384888,81.87322235,89.62958527,66.82009125,..,..
Nigeria,NGA,Current health expenditure (% of GDP),SH.XPD.CHEX.GD.ZS,3.18946862,2.49063969,5.05360985,4.63368416,4.46591949,4.25775146,3.90997243,3.69581532,3.5801971,3.29653287,3.32077932,3.35984254,3.4206934,3.34840417,3.58194995,3.64773679,3.74762511,3.09069347,2.98547053,3.38063431,4.07625723,4.21020174,4.19086456,..,..
Nigeria,NGA,GDP per capita (current US$),NY.GDP.PCAP.CD,566.428231812933,712.164852077686,763.388745367223,962.48104194733,1211.37703504386,1599.53891556365,1815.52697545827,2154.10543545364,1820.48633854782,2202.25672957344,2418.41316975875,2633.19734671361,2872.79083379398,3088.72131316169,2585.73360671797,2070.4127339595,1876.34027111773,2057.87944554011,3189.81286498516,2797.18458068686,2787.48779224428,2899.16047470324,2138.76383719983,1084.16041805436,..
Nigeria,NGA,"Population, total",SP.POP.TOTL,129862595,133471989,137202644,141057045,145017253,149077334,153267261,157595014,162049464,166642886,171379598,176200625,181049443,185896915,190671878,195443700,200254579,204938755,209485641,213996181,218529286,223150896,227882945,232679478,..
Nigeria,NGA,"Population, male",SP.POP.TOTL.MA.IN,65071982,66928846,68848535,70831452,72861022,74932868,77070207,79278457,81552143,83894725,86310441,88770243,91242930,93714536,96153143,98594798,101058468,103458568,105789799,108098757,110418029,112784704,115206932,117673771,..
Nigeria,NGA,"Population, female",SP.POP.TOTL.FE.IN,64790613,66543143,68354109,70225593,72156231,74144466,76197054,78316557,80497321,82748161,85069157,87430382,89806513,92182379,94518735,96848902,99196111,101480187,103695842,105897424,108111257,110366192,112676013,115005707,..
Nigeria,NGA,"Unemployment, youth total (% of total labor force ages 15-24) (modeled ILO estimate)",SL.UEM.1524.ZS,7.539,7.219,7.233,7.228,7.538,7.687,7.859,7.921,7.836,7.861,7.896,7.861,7.713,8.044,8.457,9.1,9.707,10.138,10.418,10.842,8.991,6.024,5.131,5.088,5.34
Nigeria,NGA,Employment in agriculture (% of total employment) (modeled ILO estimate),SL.AGR.EMPL.ZS,51.8827122475137,51.518565202739,50.8565277331701,49.8231081783687,49.1466820137711,48.3928341653891,47.67120145904,46.9574674497061,46.1000700616058,44.9705761054567,43.9890055132566,42.8866177695581,41.5548815821678,40.6032716139277,40.074203975853,39.9847799215982,39.7413292288828,39.4078695397661,38.9891158285411,38.8248640318208,37.2704903104597,35.2524058960797,34.7048013096805,34.1011433730147,33.5336954038865
Nigeria,NGA,"Manufacturing, value added (% of GDP)",NV.IND.MANF.ZS,13.9253596044022,11.8118130815755,12.0606068369615,10.8615699226756,10.0610833215667,8.85287260810424,8.40137965701994,8.16891297221069,7.83841193667148,6.55281697605782,7.17108429622259,7.72454667174331,8.92892932163337,9.63581160269249,9.42843732193195,8.67969778226601,8.74199349233524,9.64894748123428,9.10054556609649,8.08452488332917,8.81727551840491,9.13653170093414,9.27310124864668,8.65727818020008,..
Senegal,SEN,"Foreign direct investment, net inflows (% of GDP)",BX.KLT.DINV.WD.GD.ZS,0.692757272925303,1.18024440779397,0.986458285223565,1.36534663159615,1.52551294776184,2.47770837743402,2.51145667497291,2.70404739796078,2.05299535843601,1.68778336701059,1.90106996405963,1.56368019565039,1.64581763022307,2.03613121185767,2.30194934655844,2.48110320660753,2.80185380597297,3.6676580901097,4.55247618583033,7.52395708111684,9.40426405095026,10.5411241953817,15.6044600024418,6.1461393599949,..
Senegal,SEN,"Foreign direct investment, net inflows (BoP, current US$)",BX.KLT.DINV.CD.WD,45083429.8139549,82692671.5664975,86499780.3681952,137583476.929811,167944230.519191,289840300.29228,351458732.442619,455739867.976293,331473910.250357,272092888.456612,338661995.579347,276159533.004473,311366768.819424,403098056.387862,409166125.814909,472409799.846776,588292997.958708,847841574.790215,1065461344.07465,1845665272.73822,2588127208.45378,2928675555.20778,4789996739.26742,2016428880,..
Senegal,SEN,"Personal remittances, received (% of GDP)",BX.TRF.PWKR.DT.GD.ZS,4.68582034866017,4.94009386830665,5.83985035446419,6.29198352828336,7.16810194584695,7.91649262318438,8.52763606097829,8.79367495093011,8.39740817469453,9.17493229577627,9.07151792128529,8.92495688291066,9.39758184999065,9.75703421992328,9.88904378802765,10.4020429653907,10.2345864455544,10.5012036444705,10.7915365396284,10.6291398745498,11.2519045633329,10.4760303181811,10.6434131462934,..,..
Senegal,SEN,"Personal remittances, received (current US$)",BX.TRF.PWKR.CD.DT,304944980.104743,346122851.387288,512080217.289468,634031644.83902,789138740.08385,926064834.773511,1193376015.8358,1482085064.11005,1355834396.89548,1479119819.84591,1616025932.88877,1576225069.3752,1777897284.37352,1931624792.77188,1757754461.80459,1980581469.64264,2148911385.05778,2427531906.29454,2525650779.22447,2607382542.72731,3096612365.36044,2910590307.04851,3267137360.56511,..,..
Senegal,SEN,Net ODA received (% of GNI),DT.ODA.ODAT.GN.ZS,6.58767445130116,6.44943497498196,5.28309247802644,10.6778181799585,6.42298242353957,7.47232187462414,6.21631625153486,6.3419844122279,6.37222450102293,5.01027078480879,6.01514400431621,6.19698829885968,5.34756785797974,5.71223069918126,5.02181321929272,3.94331569043849,4.44961003802017,4.43710618022309,6.31431354538936,6.68794664424335,5.18564785310953,5.40838198917863,6.26906188460355,..,..
Senegal,SEN,"External debt stocks, total (DOD, current US$)",DT.DOD.DECT.CD,3700965274.5,4118750354.6,4397912285.2,3939186585.9,3860802578.7,1935468310.4,2584601135,2849818625.1,3719735198.7,4648723571.7,5802042499.9,7105327014.3,8174836125.9,10754111100.6,10470479738.4,11454854863.9,14232312903.4,20031136617.5,20812048599.6,26017274799,30676437909.5,35581328119.7,45458235461.2,47146494529.5,..
Senegal,SEN,"Total debt service (% of exports of goods, services and primary income)",DT.TDS.DECT.EX.ZS,14.5220111083493,13.8831773237097,12.5671824225423,14.5939920998588,7.94231982778222,7.22763423088406,6.17525853263195,4.76915421852048,5.98362219392399,5.447095234777,8.53162911010612,9.36982754496764,11.2243117897822,7.84589353611999,23.2491286848819,9.50473723357387,12.4049686915157,14.0073823024885,19.7721163198097,23.3754090393699,20.7032224928195,18.0771808789291,30.2398405889279,41.8050042927812,..
Senegal,SEN,Total debt service (% of GNI),DT.TDS.DECT.GN.ZS,3.31662822275232,3.20856728612659,2.81669967743153,3.4191374789499,1.86400238255736,1.60178419265958,1.36612242085517,1.07833329449448,1.23570200235454,1.16687617127094,1.975944738402,2.27211816006621,2.71276264387128,1.85983780247563,5.77858593338679,2.25465900544939,2.99528844755941,3.56554389723701,5.44901094992392,5.38587595844909,5.60546526669977,5.35045286101074,7.85187804469555,10.8022514112575,..
Senegal,SEN,Gross capital formation (% of GDP),NE.GDI.TOTL.ZS,25.5702135059709,23.1150021289388,23.9262712508604,23.6336696840746,24.5728792485602,22.4168252607608,24.6184148818474,26.2267083321653,20.3974883741685,20.0869466642817,21.0003400122128,24.6240972538796,24.0663485140699,25.8807867671935,25.8333087504104,25.3616730282266,29.8155743419591,32.6479409412239,31.9656603434826,35.632965093467,38.3530133013182,45.3064643568889,41.928839419992,37.4782050534292,..
Senegal,SEN,Tax revenue (% of GDP),GC.TAX.TOTL.GD.ZS,..,..,..,..,..,..,..,..,..,..,..,..,..,..,15.7743360472944,16.3711764463022,15.9064516552729,16.3782524667298,18.4192836371669,17.4488278981927,17.5501329724803,18.5924841956883,19.5370790023371,..,..
Senegal,SEN,Total natural resources rents (% of GDP),NY.GDP.TOTL.RT.ZS,2.05976120051983,2.2894897302113,2.68475374294378,1.97163158742871,1.9916257642601,1.9932129479554,2.3034822903582,3.07242721618133,3.83444920218272,2.97597316384999,3.6495940769705,4.86398118749562,3.42436224964169,3.1569476524477,3.47911885653568,3.9796411050175,3.21232528542185,2.88655464408866,2.75988310568798,2.86963190075436,4.40159712005452,..,..,..,..
Senegal,SEN,"Government expenditure on education, total (% of GDP)",SE.XPD.TOTL.GD.ZS,2.47150993347168,2.59441995620727,2.75125002861023,3.07778000831604,4.06443023681641,3.82138991355896,..,4.02568006515503,4.92072010040283,0.544770002365112,4.90302991867065,4.77698993682861,5.68656015396118,5.72907018661499,5.45634984970093,5.11309003829956,4.74007987976074,5.11019992828369,5.03525018692017,5.6869797706604,5.61201000213623,5.95222997665405,6.16277045366329,..,..
Senegal,SEN,Current health expenditure per capita (current US$),SH.XPD.CHEX.PC.CD,23.45893669,26.46221161,35.14493942,41.94406128,36.00606155,38.28113556,40.60185623,49.05390167,50.27443314,51.38805008,57.93114853,56.61458969,60.51578903,61.40605545,53.32304382,53.90053558,56.49185944,64.37467957,64.33670807,75.16521454,71.12162781,63.44842529,73.22670746,..,..
Senegal,SEN,Current health expenditure (% of GDP),SH.XPD.CHEX.GD.ZS,3.68148756,3.95294404,4.29703569,4.56856203,3.67466521,3.76337624,3.41496587,3.50687575,3.841573,4.02764368,4.21416712,4.26688004,4.38573599,4.38962269,4.37789631,4.25606871,4.16359377,4.43182087,4.49531031,5.15119171,4.44256258,4.0444808,4.32314825,..,..
Senegal,SEN,GDP per capita (current US$),NY.GDP.PCAP.CD,637.213530563724,669.430447319209,817.888034221442,918.102079522155,979.846101520171,1017.20196747987,1188.93877808175,1398.79218010021,1308.69404336205,1275.88357492357,1374.67591873844,1326.83798848379,1379.83196553924,1398.89137601382,1218.00613555438,1266.43957151587,1356.80518449031,1452.55612562445,1431.18128932159,1461.08720350553,1598.10676952274,1574.0281059306,1698.03387300843,1773.21829923448,..
Senegal,SEN,"Population, total",SP.POP.TOTL,10212942,10466214,10721176,10975704,11235472,11500094,11770344,12048959,12337389,12635413,12958897,13310495,13710849,14152102,14593331,15034521,15475002,15914498,16352922,16789219,17220867,17651103,18077573,18501984,..
Senegal,SEN,"Population, male",SP.POP.TOTL.MA.IN,5040837,5165734,5294627,5423154,5554569,5688512,5825239,5966097,6111536,6261573,6424346,6601134,6809916,7047523,7286797,7527849,7770153,8013222,8256600,8499022,8738686,8976177,9197809,9405151,..
Senegal,SEN,"Population, female",SP.POP.TOTL.FE.IN,5172105,5300480,5426549,5552550,5680903,5811582,5945105,6082862,6225853,6373840,6534551,6709361,6900933,7104579,7306534,7506672,7704849,7901276,8096322,8290197,8482181,8674926,8879764,9096833,..
Senegal,SEN,"Unemployment, youth total (% of total labor force ages 15-24) (modeled ILO estimate)",SL.UEM.1524.ZS,2.837,2.938,2.913,2.91,2.847,2.9,2.932,2.945,2.942,2.937,2.978,4.29,5.654,6.825,8.045,6.374,5.836,4.92,4.037,4.817,4.661,3.902,3.859,3.868,3.616
Senegal,SEN,Employment in agriculture (% of total employment) (modeled ILO estimate),SL.AGR.EMPL.ZS,48.4256759616996,47.1166054913615,45.3394419441459,43.3608947657388,41.6393666349937,39.8434349706738,39.40699556593,39.1657509126871,38.8206072750616,38.1561642116677,37.4776080461025,36.6804115868487,35.9625907307914,34.4897472037828,33.3328100594178,36.3670995820541,31.7378058056014,27.2514819279818,22.9897261028775,26.5365981913382,29.3983318330906,31.8130176038824,31.4642947647286,30.6480351417416,29.5764060033702
Senegal,SEN,"Manufacturing, value added (% of GDP)",NV.IND.MANF.ZS,20.9839620681588,21.586895139585,20.5758896261028,20.9593657923194,19.9057752906815,19.245473801956,18.6161273761302,17.5393313172084,15.7656823110789,15.5728888059142,17.2457486401925,16.9951058363143,17.3800241394178,16.9974155601834,17.0529991959005,16.4126562605797,15.8053087502448,15.5256232627653,14.8921153803941,14.6422445114601,15.0896077803993,15.5609051361032,14.5435051681933,13.8542329986186,..
South Africa,ZAF,"Foreign direct investment, net inflows (% of GDP)",BX.KLT.DINV.WD.GD.ZS,5.36834529785161,1.14635726911695,0.397492744432543,0.274199790569949,2.25781874505445,0.205125538574008,1.97755772219349,3.12686614310453,2.31217470344994,0.884904611686012,0.903381424332556,1.06492249485696,2.05358095229684,1.51932743753979,0.438735792056356,0.684612553455795,0.539673956759456,1.3742911715346,1.31407752293306,0.933073684352391,9.68098022663018,2.26670277731613,1.0127377916456,0.580891709673066,..
South Africa,ZAF,"Foreign direct investment, net inflows (BoP, current US$)",BX.KLT.DINV.CD.WD,7270344986.4768,1479804588.75226,783136092.25814,701422007.629778,6522098178.1805,623291744.343519,6586792253.1097,9885001293.44358,7624489973.88189,3693271715.48139,4139289122.68736,4626029122.40006,8232518815.62083,5791659020.09996,1521139945.30531,2215307020.39541,2058579911.05235,5569462350.15206,5116098443.48715,3153552569.39324,40658789144.9382,9238990828.45042,3862994369.64947,2330218039.32031,..
South Africa,ZAF,"Personal remittances, received (% of GDP)",BX.TRF.PWKR.DT.GD.ZS,0.20793962485649,0.207737367096158,0.198356742543212,0.182996532323742,0.212408122435475,0.227714479492041,0.237888209522884,0.247901308841603,0.261422597614696,0.256268349621624,0.252820402352178,0.249662280256129,0.242127513628629,0.239613276998032,0.238024279262203,0.233457316957649,0.229090018644241,0.229245847513525,0.228613058346216,0.239923790431449,0.220638358471984,0.214147215380552,0.210618728835036,0.213233288359423,..
South Africa,ZAF,"Personal remittances, received (current US$)",BX.TRF.PWKR.CD.DT,281612438.318798,268163091.355463,390800401.778672,468117772.172632,613577432.378762,691930200.99573,792351190.565225,783693527.767262,862051631.083664,1069571380.61167,1158421806.40696,1084534306.30629,970655337.203887,913403103.749988,825253479.87049,755434048.949775,873861160.607838,929043381.126847,890059293.728209,810881603.952635,926650843.653293,872855576.231191,803385605.182583,855374671.121348,..
South Africa,ZAF,Net ODA received (% of GNI),DT.ODA.ODAT.GN.ZS,0.325667218287791,0.401400145937755,0.333740719749369,0.251143523831332,0.239934238306902,0.24211060827743,0.245933095130919,0.362940139707328,0.332432060610017,0.250537275075127,0.312185227759399,0.251661597696877,0.33112469209882,0.289821392763173,0.419248415633216,0.374342476704099,0.273627076562111,0.233782961836093,0.254444933587184,0.362427644652388,0.253147136898378,0.258034061543275,0.40046031574028,..,..
South Africa,ZAF,"External debt stocks, total (DOD, current US$)",DT.DOD.DECT.CD,25680208730.5,35100005788.3,40113294660.1,44013592823.2,45095026798.5,57947017293.2,72812055811.5,74280629524.8,84384689913.6,115330364542.4,124146392176.7,147970332050,141651073880.4,149329312096.2,127752573028.5,144058545587,175025046978.8,180194489501,190747897765,175427437079.7,169447431525.1,171731622090.9,165839388756.3,175895546993.5,..
South Africa,ZAF,"Total debt service (% of exports of goods, services and primary income)",DT.TDS.DECT.EX.ZS,11.6380459468097,13.3170129193956,8.79238341459137,6.62345023942143,6.79279717429482,9.01172228438254,4.56178501384124,6.38790709080713,6.37619090887367,5.91149905218164,5.07409216954275,8.59885489485278,11.2130810024538,8.56574794473972,25.9905721005608,14.7939893799428,13.4781054057055,24.3318090898163,18.7330823475481,27.2658396660534,18.7244983079101,18.6241594461537,16.5005264998453,16.300535727928,..
South Africa,ZAF,Total debt service (% of GNI),DT.TDS.DECT.GN.ZS,3.3925318548976,4.11862604462836,2.29464110701915,1.6248075329585,1.74003482302241,2.56657374745651,1.41375350457488,2.26214350073048,1.7270130143434,1.62746323178644,1.49986061651304,2.51507986273798,3.45011076729465,2.71934875135873,7.99644268693409,4.57129008304988,4.00641603398857,7.36667868188266,5.64461692009278,8.3698314793617,6.47766270404956,6.91740656997378,6.07805558165719,5.73596826717134,..
South Africa,ZAF,Gross capital formation (% of GDP),NE.GDI.TOTL.ZS,14.5737803066035,15.036119660525,15.6571145272722,16.9603513170499,16.8318153447643,18.4902026867601,19.3259650755187,21.2872491181391,18.7669441984248,17.5956446037105,18.8532376550132,18.5845354435045,19.1687625943111,18.4879638168327,18.6332066638376,16.9604522948246,16.6107340612402,16.1705829786619,15.8207933783179,12.3455441478462,12.8355522251838,15.6721092997041,15.3913174995668,14.0695508769888,..
South Africa,ZAF,Tax revenue (% of GDP),GC.TAX.TOTL.GD.ZS,21.7005914264295,20.8248927712355,20.4927670870354,21.6985960707513,22.9721111805983,24.3780853808343,24.8072372824336,24.322809870073,21.8948743006162,22.5206038776132,22.8746700116825,23.3457659894736,23.831391363238,24.4319342176034,25.0486927031144,24.8283559884696,24.76928728931,24.8948940727422,24.8673453267976,23.2649440409195,25.9501542020771,26.0183765883923,25.4004573724829,..,..
South Africa,ZAF,Total natural resources rents (% of GDP),NY.GDP.TOTL.RT.ZS,4.94658656928292,4.67923392268105,2.99086668200306,4.77963979439938,4.56849246597233,5.2274047401405,6.3657074741337,11.9900580422374,4.93797499670312,6.84683101275869,7.81466074244917,6.40436399402211,6.11153096342063,4.66573419871465,2.80794769347075,3.56159906611897,3.8355856656622,3.86949148830953,4.18782227881945,4.01777511009808,7.32857859192335,..,..,..,..
South Africa,ZAF,"Government expenditure on education, total (% of GDP)",SE.XPD.TOTL.GD.ZS,4.63617992401123,4.54569005966187,4.35209989547729,4.50897979736328,4.5245099067688,4.52652978897095,4.44668006896973,4.37424993515015,4.76118993759155,5.13496017456055,5.28899002075195,5.52322006225586,5.35070991516113,5.48977994918823,5.48285007476807,5.4442400932312,5.59868001937866,5.64401006698608,5.91159009933472,6.17067003250122,6.5551700592041,6.15599012374878,6.12347984313965,6.02110004425049,..
South Africa,ZAF,Current health expenditure per capita (current US$),SH.XPD.CHEX.PC.CD,202.81065369,179.5135498,286.01998901,362.28662109,400.5355835,417.91174316,455.17498779,442.10626221,487.62774658,621.41906738,686.87243652,646.49920654,593.80157471,539.30780029,491.90652466,456.56936646,527.52026367,558.80145264,538.80438232,503.46759033,592.9465332,570.48028564,536.58843994,..,..
South Africa,ZAF,Current health expenditure (% of GDP),SH.XPD.CHEX.GD.ZS,7.12327909,6.67774487,7.04098177,6.938416,6.86216164,6.87650871,6.90510845,7.14832258,7.64941454,7.79358244,7.94434404,8.00428867,8.10322285,7.87136555,8.05304241,8.07959366,7.97711372,8.0819664,8.24652863,9.02174091,8.6645031,8.74512291,8.90966797,..,..
South Africa,ZAF,GDP per capita (current US$),NY.GDP.PCAP.CD,2847.15191945908,2688.23676032806,4062.21755993786,5221.46333731721,5836.87663325127,6077.38293388876,6591.85535960564,6184.75474328399,6374.70560042992,7973.47195771517,8646.05571071635,8076.97678479741,7331.65467384919,6856.73137092522,6112.27382485974,5651.20585165749,6618.33508255701,6914.1780318076,6533.71121032856,5580.60383075189,6828.75624590017,6534.24867783397,6034.27208964673,6267.186814093,..
South Africa,ZAF,"Population, total",SP.POP.TOTL,47566800,48019415,48500348,48991421,49490033,49998277,50528584,51114599,51728516,52344051,52995205,53782567,54678791,55594838,56723537,57259551,57635162,58613001,59587885,60562381,61502603,62378410,63212384,64007187,..
South Africa,ZAF,"Population, male",SP.POP.TOTL.MA.IN,22610218,22845613,23107346,23377403,23652461,23931649,24219588,24532419,24857423,25184586,25530068,25940758,26403121,26890671,27529271,27780550,27904835,28401154,28892232,29381179,29853373,30305843,30750477,31152952,..
South Africa,ZAF,"Population, female",SP.POP.TOTL.FE.IN,24956582,25173802,25393002,25614018,25837572,26066628,26308996,26582180,26871093,27159465,27465137,27841809,28275670,28704167,29194266,29479001,29730327,30211847,30695653,31181202,31649230,32072567,32461907,32854235,..
South Africa,ZAF,"Unemployment, youth total (% of total labor force ages 15-24) (modeled ILO estimate)",SL.UEM.1524.ZS,43.21,43.35,43.796,43.863,43.93,43.868,44.044,44.577,47.473,50.451,49.745,51.322,51.205,51.194,50.115,53.452,53.396,53.634,57.317,59.607,65.451,61.676,60.259,60.248,59.93
South Africa,ZAF,Employment in agriculture (% of total employment) (modeled ILO estimate),SL.AGR.EMPL.ZS,8.39657307690584,9.46781595004054,8.54894235146445,7.79921925279675,6.03440593053971,5.80808084154374,5.66795214636109,5.51273353848694,5.00527852118533,4.75698751049568,4.52818973375217,4.75551238516691,4.93580921305792,4.58217337572951,5.5724566442542,5.52264523635051,5.23662697685135,5.12277019543145,5.2454668193233,5.46286472458758,5.69215855847902,5.54321970994615,5.49732948486909,5.43899753090845,5.40709733328508
South Africa,ZAF,"Manufacturing, value added (% of GDP)",NV.IND.MANF.ZS,19.0369578655221,19.0721822951943,18.502111880883,17.9898145212371,17.3705797296878,15.5955245517406,15.4419248277389,15.6086910770333,14.5078043632622,13.8595736133129,12.861770015896,12.4825918463265,12.3667757766351,12.4807113856549,12.5179444713924,12.4836443520042,12.5127045016941,12.4570332833175,12.4008912661528,11.725046778088,12.0775538850278,12.4454055010392,12.9800055529093,12.7973009661441,..
Tanzania,TZA,"Foreign direct investment, net inflows (% of GDP)",BX.KLT.DINV.WD.GD.ZS,4.04947475303632,2.79955328638088,2.09316343526651,2.65421873789577,5.08562696835774,2.16456512450246,2.66011088834969,4.94943766923668,3.24017488387777,5.66396796617806,3.54720849735785,4.53878496380622,4.57242839319348,2.8329281892962,3.17633492826527,1.73591210997565,1.76011643802415,1.70440979499363,1.99459353959393,1.42845965174632,1.68494347865961,1.89781100360764,2.08641570952108,2.17843632795407,..
Tanzania,TZA,"Foreign direct investment, net inflows (BoP, current US$)",BX.KLT.DINV.CD.WD,549270351.46,395567134,318401298.68,442539548.35,935520591.71,403038991.36,581511806.98,1383260000,952630000,1813200000,1229361018.44368,1799646137.43448,2087261309.71597,1416088064.811,1506024896.011,864040000,937700000,971576866.042756,1217235252.41973,943765261.692,1190507398.784,1437575169.471,1648913856.30485,1717575169.471,..
Tanzania,TZA,"Personal remittances, received (% of GDP)",BX.TRF.PWKR.DT.GD.ZS,0.112452161752192,0.0849277822878242,0.0585084126575583,0.0827587516211578,0.105278043508675,0.0826036026538426,0.116472451758856,0.131744608110375,0.135463661736654,1.07546529301513,1.1817575399217,0.983947056198732,0.836671074056767,0.779177186782429,0.817837412905957,0.80871167213341,0.755768361208259,0.724356462206761,0.710344138914676,0.493668773904517,0.790350505202583,0.929057337699634,1.56634796086625,1.42465392903549,..
Tanzania,TZA,"Personal remittances, received (current US$)",BX.TRF.PWKR.CD.DT,15253000,12000000,8900000,13798418.36,19366300,15380675,25461384.4040548,36819747.7760867,39827093.5072951,344287552.637922,409563366.21142,390138888.105225,381930784.183917,389485169.000958,387768775.189672,402531458.346674,402634721.769049,412910078.031612,433499813.406953,326160727.762652,558427114.020975,703752774.724637,1237899448.64826,1123259919.1452,..
Tanzania,TZA,Net ODA received (% of GNI),DT.ODA.ODAT.GN.ZS,9.62180281998858,8.9722319249215,11.4747572086006,10.768081128605,8.25662251169564,10.1364121936795,13.0717810372467,8.42870297355262,10.7331343483789,7.17513045072094,7.179007105631,7.22165919270816,7.63862528624182,5.35960194568487,5.53657404633591,4.74810807218485,4.94005950877757,4.35588336393621,3.54419377923018,3.51569509955142,3.77140167483885,3.55757595208918,3.94261128973222,..,..
Tanzania,TZA,"External debt stocks, total (DOD, current US$)",DT.DOD.DECT.CD,6524969893,7160913799.7,7324529897.7,8633807766.8,8428157886.4,4108484081.8,5041991584.9,6034526339.8,7760045698,8940294123.8,10129709978.7,12051758630,13970650221.5,16391470516.4,18341850201.8,19530747919.3,21616674354.8,22629441143.6,24451640158.6,25772198397,28817909448.5,30443587044.6,34584902584.9,36343119611.6,..
Tanzania,TZA,"Total debt service (% of exports of goods, services and primary income)",DT.TDS.DECT.EX.ZS,7.82443393599624,5.32322855671192,3.9202092797492,4.55745427636982,4.34997272710983,2.52804755627822,1.75696151504558,1.28563894176231,3.07932990107009,2.97918293185799,2.01236669278681,2.05089909481853,2.33141048892868,4.03037909230715,5.46782036212007,8.75068736774752,9.78631284555373,12.2530206587852,12.377385688911,16.1350828868982,18.5818651087015,16.4065014653654,15.5601135966803,12.0902915457182,..
Tanzania,TZA,Total debt service (% of GNI),DT.TDS.DECT.GN.ZS,1.07593018679522,0.745590448438398,0.587966906179532,0.746005235486754,0.73460741000094,0.478662808005618,0.34237637467871,0.264973973659907,0.561613856316359,0.618858840774585,0.44860637748965,0.462168934612456,0.445568251945638,0.71311488513283,0.971785093135546,1.50816469287262,1.58330582721454,1.83979817872831,2.03584728522323,2.1578461414138,2.66875277930489,2.68523485899544,2.84377693034972,2.56816581522423,..
Tanzania,TZA,Gross capital formation (% of GDP),NE.GDI.TOTL.ZS,18.3167930926191,18.0880950947047,20.6843865054193,24.4935805724156,27.3958979170045,30.3239644518197,32.6512173460431,37.4895216967723,34.3556768729289,32.0172443063631,34.7360333035223,34.8451015083251,37.470607348423,37.6539665632561,32.7586922845607,32.1747860509655,32.354141404315,38.3765744836496,39.7264057276571,38.7464874924603,39.6866788606001,41.0677624080732,41.0023887360591,39.764568079457,..
Tanzania,TZA,Tax revenue (% of GDP),GC.TAX.TOTL.GD.ZS,..,..,..,..,..,..,..,..,11.5341744643449,9.91226158242781,9.79398200038448,10.4330040159572,10.7219234484868,11.3637968874428,10.4924954944653,11.3903399368077,11.8367190192838,11.695083058288,11.0191174811563,11.6267688543522,10.8557996439654,11.7926807934669,11.4914890183773,12.8029080718189,..
Tanzania,TZA,Total natural resources rents (% of GDP),NY.GDP.TOTL.RT.ZS,4.04412476360876,4.85747358130828,6.86273700817164,5.35429372711806,4.99358813102763,5.52196373960203,6.20610344090512,5.0765951351817,5.53625650735826,5.55945838220369,7.33646177996057,6.8325198508577,5.76723525319283,5.04690559304949,5.30193884393363,5.61603835789229,5.13616759488345,3.61159728659091,3.53145044367484,3.85169508025186,6.69370906979479,..,..,..,..
Tanzania,TZA,"Government expenditure on education, total (% of GDP)",SE.XPD.TOTL.GD.ZS,..,..,..,3.56245994567871,3.54747009277344,3.00991988182068,4.0334300994873,4.18591022491455,3.96075010299683,4.54169988632202,4.57789905920015,4.22964300342458,4.63769446369719,3.38488006591797,4.19486548285076,4.10196721791864,4.43052005767822,3.69962000846863,3.59683638888648,3.23097255920833,3.11515335288784,3.2382450375764,3.25853222146531,3.15504437906936,..
Tanzania,TZA,Current health expenditure per capita (current US$),SH.XPD.CHEX.PC.CD,15.1739912,17.0355854,20.39437675,23.4493866,27.71374512,35.59762955,36.23610306,36.26182556,33.9993782,37.18493271,37.75179672,41.99654007,43.46931839,39.85456848,33.27184296,36.65267563,39.03767014,41.27171326,39.97783661,31.7036171,37.53121185,35.93323135,36.25619888,..,..
Tanzania,TZA,Current health expenditure (% of GDP),SH.XPD.CHEX.GD.ZS,4.23551702,4.68907642,5.34231472,5.7373414,6.32282543,7.598279,6.88427973,5.55704737,5.06306362,5.22392178,5.0559845,5.01779366,4.64643383,4.01492071,3.64969945,3.96350336,4.02325726,4.32775831,4.02347755,3.05028677,3.46963334,3.13497496,3.05201221,..,..
Tanzania,TZA,GDP per capita (current US$),NY.GDP.PCAP.CD,396.638732910156,402.649047851563,422.18359375,450.385284423828,483.334869384766,475.746734619141,543.198303222656,675.977233886719,693.823547363281,736.530151367188,775.392761230469,861.969909667969,963.05712890625,1022.74841308594,939.127319335938,953.0107421875,986.674011230469,1023.10626220703,1063.32250976563,1117.41528320313,1159.85656738281,1207.52062988281,1224.00219726563,1186.71691894531,..
Tanzania,TZA,"Population, total",SP.POP.TOTL,35198299,36121304,37089555,38109668,39182076,40294902,41435512,42570728,43633982,44758488,46029367,47374260,48824128,50351512,52020962,53824013,55652890,57437145,59174891,60972798,62830412,64711821,66617606,68560157,..
Tanzania,TZA,"Population, male",SP.POP.TOTL.MA.IN,17485518,17930206,18397202,18889349,19407597,19945805,20497919,21043132,21537680,22068182,22690505,23355389,24079300,24843560,25693439,26623105,27558719,28455327,29314002,30204465,31128864,32065744,33013815,33983247,..
Tanzania,TZA,"Population, female",SP.POP.TOTL.FE.IN,17712781,18191098,18692353,19220319,19774479,20349097,20937593,21527596,22096302,22690306,23338862,24018871,24744828,25507952,26327523,27200908,28094171,28981818,29860889,30768333,31701548,32646077,33603791,34576910,..
Tanzania,TZA,"Unemployment, youth total (% of total labor force ages 15-24) (modeled ILO estimate)",SL.UEM.1524.ZS,5.354,5.451,5.544,5.665,5.831,6.021,5.632,5.267,4.841,5.852,6.761,6.26,5.689,3.693,3.443,3.241,3.037,2.846,2.657,2.746,2.752,2.344,2.339,2.334,2.381
Tanzania,TZA,Employment in agriculture (% of total employment) (modeled ILO estimate),SL.AGR.EMPL.ZS,73.0781202681171,72.6966214760221,72.335164483977,71.8959033191482,71.3754251158089,70.8872672695644,70.3091934256595,70.0397035875342,69.6098012164832,69.1010500751114,68.4301196646051,68.0873640574709,67.4674382208743,66.8336668392283,66.4279036113045,65.9819389643126,65.5740614570075,65.1436788643543,64.6845484878054,65.793951747757,65.9189768508938,65.5820823164579,65.1616409810771,65.0897916276375,64.571791454879
Tanzania,TZA,"Manufacturing, value added (% of GDP)",NV.IND.MANF.ZS,9.46889199709689,9.37021402466056,9.37908176360761,9.19337723892357,9.0265030743805,8.82143925430885,8.81741434533145,8.74458896067224,8.66667526929843,8.66582930166506,9.54869845954528,9.43823326401605,9.11089516632175,9.12010900018828,7.85556496098664,7.81371783783383,7.6655871547421,8.07382315106412,8.50181055578149,8.03212809036323,8.02487463288165,8.18310234075459,8.39851072327136,8.06364335166651,..
Zimbabwe,ZWE,"Foreign direct investment, net inflows (% of GDP)",BX.KLT.DINV.WD.GD.ZS,0.0560409984146296,0.408179346755447,0.0663118401535643,0.149780494103469,1.78526462032736,0.734382888878689,1.30128901270126,1.16794929832503,1.08574826151022,1.01750672670554,2.44028634205117,2.04309866557655,1.95306467023546,2.42393171156853,1.99867322543902,1.66841598492163,0.601908067055593,1.21217684971106,0.748473073606359,0.470482157673421,0.575184665386161,0.826254039449821,1.68432122793783,1.12046122708248,..
Zimbabwe,ZWE,"Foreign direct investment, net inflows (BoP, current US$)",BX.KLT.DINV.CD.WD,3800000,25900000,3800000,8700000,102800000,40000000,68900000,51600000,105000000,122586666.666667,344300000,349850000,373050000,472800000,399200000,343013813.38,307187738.788,413857379.43885,249673369.8045,150461768.075241,237480367.76,336761000,604196000,465433000,..
Zimbabwe,ZWE,"Personal remittances, received (% of GDP)",BX.TRF.PWKR.DT.GD.ZS,..,..,..,..,..,..,..,..,12.4670470084947,11.7303949428856,13.6046211793426,12.3431522034478,9.89632068363253,9.76119992592177,10.2466038635812,9.02773657007639,3.38955919567546,4.18170276624164,4.24793117722157,5.72864357431639,6.23340250411359,7.56925412522426,9.20296621227039,8.44955415885716,..
Zimbabwe,ZWE,"Personal remittances, received (current US$)",BX.TRF.PWKR.CD.DT,..,..,..,..,..,..,..,..,1205656948.574,1413248656.7315,1919476002.19345,2113579667.55738,1890271472.97894,1903970851.55067,2046579806.18273,1856034930.78343,1729883817.47581,1427703019.441,1417011952.8873,1832039380.8915,2573626885.68751,3085043420.98221,3301267763.74878,3509895073.35255,..
Zimbabwe,ZWE,Net ODA received (% of GNI),DT.ODA.ODAT.GN.ZS,3.44263593708031,4.32249770897071,4.33348406642119,4.70450667496565,9.35033650211155,8.11077073996138,16.1412329992948,39.2598225637715,7.94057265942949,6.24917515372659,5.46085260799459,6.15711445194234,4.55110711545138,4.10200952824576,4.05669360741361,3.48330991905697,1.47988726662785,2.37686119647224,2.56412575325122,3.12623182619653,2.42941898860119,1.96433663088272,2.22839349187742,..,..
Zimbabwe,ZWE,"External debt stocks, total (DOD, current US$)",DT.DOD.DECT.CD,3806895903.1,4155583405,4812662393,5187442498.9,4708840242.6,5205216962.9,5932480067,6068687551.1,6426661532.3,7050340458.6,7696210288.5,9199019182.4,8729621434.3,8658706603.7,9995059194.1,11815422651.3,12864409243,12984251689.3,12540836851.8,13034165720.3,14111057739.5,14120782697.4,14548534104.3,14403740329.7,..
Zimbabwe,ZWE,"Total debt service (% of exports of goods, services and primary income)",DT.TDS.DECT.EX.ZS,..,..,..,..,..,..,..,..,6.57049763000744,10.9410352813875,23.6709857538263,17.2109014805411,14.1216858388516,12.7080855612874,16.8000177011432,30.5852406243532,15.4997229691463,11.6832314878999,30.2361365298237,18.6809757155109,9.22851773205342,6.08424442264818,19.5160722356096,..,..
Zimbabwe,ZWE,Total debt service (% of GNI),DT.TDS.DECT.GN.ZS,3.73590677840451,2.45964064687687,1.84757869711371,3.46205904427002,6.24696214366303,3.1093821833552,3.740081943881,6.02057808105078,1.31229120664097,3.3824336912957,8.72885435383918,4.56178942783814,3.23723118309433,2.77503452849014,3.43024314794087,6.61616806921336,1.46769246545037,1.81250159942811,4.84424033173004,3.12096788426551,1.49438328103466,1.1313897520899,4.1810260377234,3.44314337506787,..
Zimbabwe,ZWE,Gross capital formation (% of GDP),NE.GDI.TOTL.ZS,10.2680381963647,4.99980300224577,8.00104702905506,4.5106309718516,1.52390049060044,1.5697434249782,7.11081731904245,5.12675418741512,12.7472016131117,18.7628395343529,17.3984690623007,9.85633778141151,9.20906247136893,9.63958883391864,10.0359230470755,9.86174106545716,14.7022431781545,14.1484443423452,11.561629264796,11.2139243786572,13.4565631560916,12.4189304207687,10.0230432587302,8.84620096694091,..
Zimbabwe,ZWE,Tax revenue (% of GDP),GC.TAX.TOTL.GD.ZS,..,..,..,..,..,..,..,..,9.19687186027602,17.4350010393671,17.928407275194,17.8355813060669,..,..,17.6734192783656,15.4582805565972,5.46550428149671,7.21476804985273,..,..,..,..,..,..,..
Zimbabwe,ZWE,Total natural resources rents (% of GDP),NY.GDP.TOTL.RT.ZS,4.02799179313518,5.17219377081197,6.98217572203532,8.43730994677101,8.5582074673681,11.4813042316831,15.559238462362,18.3230470823159,6.76260898727295,7.09847064162797,7.87938898914128,5.96773281078297,5.04283935109174,5.62126327970579,4.60618520596556,4.49541367401877,6.09544838030308,3.37818944674235,4.71576545765887,4.74666809490234,6.39845161112644,..,..,..,..
Zimbabwe,ZWE,"Government expenditure on education, total (% of GDP)",SE.XPD.TOTL.GD.ZS,..,..,..,..,..,..,..,..,..,1.54405574575827,..,6.07021391405834,5.99598135667974,6.13835396313315,..,..,..,..,..,..,..,..,0.384771297211919,..,..
Zimbabwe,ZWE,Current health expenditure per capita (current US$),SH.XPD.CHEX.PC.CD,..,..,..,..,..,..,..,..,..,94.44809723,83.82868195,85.69155121,96.86148834,111.61201477,103.31652832,102.15909576,91.87199402,114.76815033,55.10725403,51.14250565,60.89874268,68.90727997,62.92946243,..,..
Zimbabwe,ZWE,Current health expenditure (% of GDP),SH.XPD.CHEX.GD.ZS,..,..,..,..,..,..,..,..,..,10.47575283,8.081707,6.91838741,7.11022186,8.1335125,7.45204067,7.25845575,6.17448902,4.67327976,3.23268151,2.95440102,2.67111874,3.39519501,2.92601609,..,..
Zimbabwe,ZWE,GDP per capita (current US$),NY.GDP.PCAP.CD,566.388746448872,524.936478570323,468.471932927213,469.719298949304,461.271387547912,431.034994414964,413.521244592925,340.917447588572,735.821693871697,902.010759067388,1037.77565157218,1239.22709745709,1362.99498323368,1372.91526173161,1387.12632595026,1408.13945253431,3445.44941020134,2270.89531874302,2184.32923855469,2059.67445384499,2613.60542083552,2536.40050223076,2195.22492079245,2497.20332208763,..
Zimbabwe,ZWE,"Population, total",SP.POP.TOTL,11971901,12087653,12232323,12365896,12483432,12636445,12804058,12959149,13142790,13356548,13595424,13817887,14013808,14207359,14399013,14600294,14812482,15034452,15271368,15526888,15797210,16069056,16340822,16634373,..
Zimbabwe,ZWE,"Population, male",SP.POP.TOTL.MA.IN,5688917,5741030,5808274,5867366,5916178,5988021,6069211,6140465,6225578,6325021,6435375,6531926,6619848,6715517,6810139,6909792,7015107,7125471,7243442,7370588,7505482,7642717,7780934,7929088,..
Zimbabwe,ZWE,"Population, female",SP.POP.TOTL.FE.IN,6282984,6346623,6424049,6498530,6567254,6648424,6734847,6818684,6917212,7031527,7160049,7285961,7393960,7491842,7588874,7690502,7797375,7908981,8027926,8156300,8291728,8426339,8559888,8705285,..
Zimbabwe,ZWE,"Unemployment, youth total (% of total labor force ages 15-24) (modeled ILO estimate)",SL.UEM.1524.ZS,10.863,9.886,8.951,7.842,8.1,8.235,8.53,9.026,9.109,9.093,8.959,8.169,7.606,6.945,8.016,8.949,9.833,10.693,11.718,14.243,15.208,16.984,15.332,15.429,15.548
Zimbabwe,ZWE,Employment in agriculture (% of total employment) (modeled ILO estimate),SL.AGR.EMPL.ZS,51.8006845434923,55.2749473552374,58.8673256456679,61.4480003521329,62.0546633795272,63.6538112269133,64.2298509670852,66.147927677162,64.4477730183721,62.1958359715131,62.0164750675025,61.9643243657222,63.1894748297514,63.9872136124574,63.7412363958867,63.721476169272,63.0285807508729,62.4346505297396,62.3979720066303,58.6055928223969,53.6225329068476,53.3238340678632,55.4494320997712,55.1700084293481,54.3115427595032
Zimbabwe,ZWE,"Manufacturing, value added (% of GDP)",NV.IND.MANF.ZS,13.1438262729049,11.8710846696348,12.1673501439665,13.9493845226823,15.1217817913429,16.0141368706109,16.0961329618962,16.3365776369398,11.0306853139622,9.20918843767508,9.1732227656106,14.0435658597833,12.9196497519731,12.5913203968112,11.8884007359844,11.5957537361528,14.0269868344529,13.6782294074574,12.1572073269899,13.7884829583698,11.167122709592,18.0604469295427,15.2783309053186,15.5645508202725,..
"Congo, Dem. Rep.",COD,"Foreign direct investment, net inflows (% of GDP)",BX.KLT.DINV.WD.GD.ZS,1.37428477040761,2.1493797198493,4.37764234247167,3.97216281770058,1.42746926673699,1.65396062655392,9.83955871746128,7.59918523525185,-1.30701676006767,11.3498081290486,6.04729215599495,9.62926566877035,4.86537109127196,3.90992337722209,2.90127515060918,2.41546438746157,2.79181852942997,3.01664160584951,2.88391132652101,3.20844071096691,2.84027556004194,2.00131622839817,3.40082269757578,4.10789956662809,..
"Congo, Dem. Rep.",COD,"Foreign direct investment, net inflows (BoP, current US$)",BX.KLT.DINV.CD.WD,102221900,187598690,391254720,409032810,180000000,256100000,1808000000,1726800000,-243200000,2742300000,1596024303.85686,2891607809.09542,1697585830.80626,1499572152.49797,1165720010.30767,932374669.380907,1047979482.55526,1407563588.42422,1350994226.20535,1498084807.8648,1677673789.73561,1409373841.76263,2375258886.51998,2915055322.56637,..
"Congo, Dem. Rep.",COD,"Personal remittances, received (% of GDP)",BX.TRF.PWKR.DT.GD.ZS,..,..,..,..,0.0705804248553288,0.0826657400229997,0.0478916574743691,0.064690770765695,0.104797807653453,0.0649790276870008,4.27206646503286,2.85005371948736,2.86994586709573,1.97223364843701,2.90338619342098,1.53750473439558,2.86725087255473,3.90636084242032,4.43222974115802,2.56157002626062,2.28193902407841,4.63187810938395,4.722354634934,2.81943987261584,..
"Congo, Dem. Rep.",COD,"Personal remittances, received (current US$)",BX.TRF.PWKR.CD.DT,..,..,..,..,8900000,12800000,8800000,14700000,19500000,15700000,1127500000,855853174.59244,1001358241.28659,756410387.642135,1166568218.32676,593480274.784826,1076294914.6231,1822706175.76018,2076317927.82742,1196048014.07298,1347879531.24333,3261877235.07526,3298265099.18365,2000736160.66299,..
"Congo, Dem. Rep.",COD,Net ODA received (% of GNI),DT.ODA.ODAT.GN.ZS,3.49252476049431,13.951597316566,62.1865453524963,19.2119372573258,15.5491540334434,14.6342669954932,7.59990647693466,8.25902911082891,13.2556227161058,13.6739022468511,22.0213526175898,10.0098649801982,8.05485796012626,6.79641467403402,6.95171956383518,5.55995772647306,6.28677166828181,5.59190086514283,6.38263970312112,7.44911508134989,6.32747165009459,4.91697655311862,6.41679298729654,..,..
"Congo, Dem. Rep.",COD,"External debt stocks, total (DOD, current US$)",DT.DOD.DECT.CD,11612181086.8,10051613856,11433512788,11524216857.1,10683990345.3,11326304418.6,12459468772.6,12296407089.8,13093042023.2,5682022045.6,5135330445.3,5277359181.5,6288532451.7,5637945726.3,5484009515.5,5218340595.9,5291550589.1,6605921744.5,7215429285.1,8476182135.2,10483933522.9,10683388144.1,12008049639.2,12484889882.1,..
"Congo, Dem. Rep.",COD,"Total debt service (% of exports of goods, services and primary income)",DT.TDS.DECT.EX.ZS,..,..,..,..,7.89864165850118,9.17974532057174,7.62714492027474,7.67451300707639,12.3743071469615,3.07919824449231,2.463755765996,2.51819411348617,2.88284852546008,2.81898866548479,3.25710608430542,3.59493327498272,2.95476624265172,2.01509020345538,2.27805735573549,1.93016671817991,1.42666404520974,3.09413337623899,1.6307320697536,1.32142230470742,..
"Congo, Dem. Rep.",COD,Total debt service (% of GNI),DT.TDS.DECT.GN.ZS,0.286325027793698,11.0190275962517,1.70165563470287,1.33378587572727,1.79839926800904,1.929143045734,2.82301985250717,2.76788261770694,3.5043076671946,1.18062019849144,1.01899567136822,0.801456236879409,1.08321144673096,1.01744738725993,0.923474887627389,1.14378340083182,0.945534340401053,0.724093243600839,0.788779991124969,0.600216152673289,0.562503853106939,1.33336178949029,0.724741502173321,0.686660207468432,..
"Congo, Dem. Rep.",COD,Gross capital formation (% of GDP),NE.GDI.TOTL.ZS,6.70414075173646,7.43579108293426,9.52455484338981,12.2569205489908,17.1365592567105,17.4216172639662,15.8599755149209,19.1942664559253,18.3539612035209,24.0289275977627,25.2869778606739,26.1121884425366,28.101667729394,31.9941439501849,28.2489760430453,25.730139110082,27.5611277266771,28.6743449237541,22.3026244777218,21.848825739462,32.5613117581078,36.6858404848256,34.0781273164972,32.5446486830452,..
"Congo, Dem. Rep.",COD,Tax revenue (% of GDP),GC.TAX.TOTL.GD.ZS,2.75245906279561,4.23547372723084,4.04019790111332,5.27673897174681,5.61765160085664,6.37306348181425,6.36897996666217,7.80871794316237,7.90960875850895,7.45327769625285,..,8.64379961257257,8.47036896281173,8.08636550131969,8.59028413326879,7.65044332628552,6.67528812377587,7.43715203896905,7.0484177507343,6.70873789308189,7.86739721576173,10.6622824647321,..,..,..
"Congo, Dem. Rep.",COD,Total natural resources rents (% of GDP),NY.GDP.TOTL.RT.ZS,18.4200094895652,18.8676859222972,29.5533566420657,24.0864214623167,23.7428655133964,24.0258161811706,25.7637080243213,28.4584070916592,28.261800820164,25.9608846428413,28.8830474855316,27.1229704627568,25.746219512295,24.5568779878184,20.1093927301662,20.5721227000572,24.7656558437341,18.4167757889728,12.7500585788424,15.9281973313702,38.8272665239082,..,..,..,..
"Congo, Dem. Rep.",COD,"Government expenditure on education, total (% of GDP)",SE.XPD.TOTL.GD.ZS,..,..,..,..,..,..,..,..,..,1.5249799489975,..,..,2.06220006942749,1.95142996311188,2.17043995857239,2.1186900138855,1.45494997501373,..,..,2.62263835311571,2.66048474102788,2.84466514463005,..,..,..
"Congo, Dem. Rep.",COD,Current health expenditure per capita (current US$),SH.XPD.CHEX.PC.CD,5.4341011,4.17578602,6.03257608,7.83304834,8.55065727,10.37645721,11.5629034,15.36659527,12.75762081,12.1423111,11.89942932,13.20595551,15.37901688,18.22281265,18.57252884,19.3114109,18.14648819,17.29077148,19.20812035,20.5593071,21.58848572,24.3800106,23.43148804,..,..
"Congo, Dem. Rep.",COD,Current health expenditure (% of GDP),SH.XPD.CHEX.GD.ZS,2.62310982,2.57012939,3.73353338,4.33564186,3.98558235,4.06210661,3.89384961,4.31254816,4.51133156,3.72224283,3.19435549,3.2215035,3.34057522,3.72520614,3.74785447,4.20027828,4.00057793,3.24127173,3.508039,3.97694445,3.86727977,3.9417696,3.68495083,..,..
"Congo, Dem. Rep.",COD,GDP per capita (current US$),NY.GDP.PCAP.CD,142.678142604412,162.38052907429,161.491553524396,180.664764963633,214.539740473519,255.445229568751,294.101615124419,352.900363371995,280.178991035792,352.400398754692,372.514273875789,409.931424783784,460.370334930107,489.175952097319,495.826633014883,459.765036590388,431.052559128788,518.169626875371,504.00419142286,486.425572682256,595.743074403567,687.738587554685,660.21205238997,649.383338556725,..
"Congo, Dem. Rep.",COD,"Population, total",SP.POP.TOTL,52132646,53750524,55343867,56997741,58775724,60615908,62477752,64390664,66412044,68563038,70849311,73254618,75789395,78403242,81035531,83956415,87083398,90047644,92947442,95989998,99148932,102396968,105789731,109276265,..
"Congo, Dem. Rep.",COD,"Population, male",SP.POP.TOTL.MA.IN,25793297,26594994,27384570,28206336,29091169,30007351,30934868,31887904,32894105,33964787,35103738,36301648,37563541,38864907,40175367,41630029,43187408,44662433,46104700,47616599,49185125,50798301,52483883,54216832,..
"Congo, Dem. Rep.",COD,"Population, female",SP.POP.TOTL.FE.IN,26339349,27155530,27959297,28791405,29684555,30608557,31542884,32502760,33517939,34598251,35745573,36952970,38225854,39538335,40860164,42326386,43895990,45385211,46842742,48373399,49963807,51598667,53305848,55059433,..
"Congo, Dem. Rep.",COD,"Unemployment, youth total (% of total labor force ages 15-24) (modeled ILO estimate)",SL.UEM.1524.ZS,5.296,5.21,5.07,4.971,4.934,5.436,5.944,6.449,6.994,7.496,8.004,8.456,8.376,8.275,8.22,8.277,8.334,8.301,8.208,9.595,9.179,8.1,8.011,7.951,7.848
"Congo, Dem. Rep.",COD,Employment in agriculture (% of total employment) (modeled ILO estimate),SL.AGR.EMPL.ZS,67.8119440671806,67.3955558350304,66.9140324116617,66.2975740388354,65.6947472043829,65.2923347692812,64.8409731891367,64.3851071268896,64.4677390920405,63.7017881320408,63.127750935823,62.6416069469003,61.8188447087505,60.8605627402384,60.1840974526037,60.3102619261741,60.2408046031639,59.676883316964,59.3584094811143,60.9301166255959,61.4142819500912,60.3828297059763,59.5242688719329,58.8992918539085,58.5244697326526
"Congo, Dem. Rep.",COD,"Manufacturing, value added (% of GDP)",NV.IND.MANF.ZS,19.8076885846759,21.2167905566391,18.2984058567587,17.6415058357846,15.0082781288568,13.4106294053824,14.8285019089602,13.3109785359421,19.9293745544653,5.52544053811403,14.3031352127062,16.1921118341111,14.3921788875029,15.0815603659497,16.825427556868,16.3700223244065,13.8219778041361,11.1749836363491,11.5012106732224,12.1178201890634,10.1832245901882,9.48948032952368,8.24579751255639,8.21811392729758,..
,,,,,,,,,,,,,,,,,,,,,,,,,,,,
,,,,,,,,,,,,,,,,,,,,,,,,,,,,
,,,,,,,,,,,,,,,,,,,,,,,,,,,,
Data from database: World Development Indicators,,,,,,,,,,,,,,,,,,,,,,,,,,,,
Last Updated: 04/08/2026,,,,,,,,,,,,,,,,,,,,,,,,,,,,
