date,store_name,brand,budget,actual_sales,variance,variance_pct,customer_count,avg_spend
1/1/2021,LA PIAZZA,CHICKEN INN,1271.556,2374.25,1102.694,86.72005008,248,9.57358871
1/1/2021,CARREFOUR,CHICKEN INN,1393.3365,4147.75,2754.4135,197.6847301,535,7.752803738
1/1/2021,CITY MARKET,CHICKEN INN,736.911,1405,668.089,90.66074465,237,5.928270042
1/1/2021,JUNCTION,CHICKEN INN,2697.9084,5071.5,2373.5916,87.97895436,525,9.66
1/1/2021,OASIS,CHICKEN INN,741.2334431,1618.75,877.5165569,118.385991,205,7.896341463
2/1/2021,LA PIAZZA,CHICKEN INN,1361.958,854.5,-507.458,-37.25944559,136,6.283088235
2/1/2021,CARREFOUR,CHICKEN INN,2460.5,1205.5,-1255,-51.00589311,139,8.672661871
2/1/2021,CITY MARKET,CHICKEN INN,793.121,613,-180.121,-22.7104061,144,4.256944444
2/1/2021,JUNCTION,CHICKEN INN,4221.5976,2187.25,-2034.3476,-48.18904578,223,9.808295964
2/1/2021,OASIS,CHICKEN INN,1159.857512,815,-344.8575119,-29.73274807,84,9.702380952
3/1/2021,OASIS,CHICKEN INN,1172.192544,1192.5,20.30745575,1.732433451,147,8.112244898
3/1/2021,JUNCTION,CHICKEN INN,4266.4941,3997,-269.4941,-6.316523443,393,10.17048346
3/1/2021,LA PIAZZA,CHICKEN INN,2311.6635,1709.75,-601.9135,-26.03811065,191,8.951570681
3/1/2021,CARREFOUR,CHICKEN INN,3333.9205,2283.25,-1050.6705,-31.51456371,242,9.434917355
3/1/2021,CITY MARKET,CHICKEN INN,981.274,779,-202.274,-20.61340665,145,5.372413793
4/1/2021,LA PIAZZA,CHICKEN INN,1214.556,759.25,-455.306,-37.48744397,116,6.545258621
4/1/2021,CARREFOUR,CHICKEN INN,1522.014,1141,-381.014,-25.03354108,151,7.556291391
4/1/2021,CITY MARKET,CHICKEN INN,774.452,754,-20.452,-2.640835068,119,6.336134454
4/1/2021,JUNCTION,CHICKEN INN,2009.106,2355.25,346.144,17.22875747,261,9.02394636
4/1/2021,OASIS,CHICKEN INN,551.9892958,712,160.0107042,28.98800854,88,8.090909091
5/1/2021,OASIS,CHICKEN INN,465.1136769,483.75,18.63632314,4.006831892,58,8.340517241
5/1/2021,CITY MARKET,CHICKEN INN,713.153,474,-239.153,-33.53459917,120,3.95
5/1/2021,JUNCTION,CHICKEN INN,1692.9,1854.75,161.85,9.560517455,239,7.760460251
5/1/2021,LA PIAZZA,CHICKEN INN,1066.5935,758.5,-308.0935,-28.88574701,145,5.231034483
5/1/2021,CARREFOUR,CHICKEN INN,1230.687,980.75,-249.937,-20.30873813,170,5.769117647
6/1/2021,LA PIAZZA,CHICKEN INN,3287,785.25,-2501.75,-76.11043505,117,6.711538462
6/1/2021,CARREFOUR,CHICKEN INN,6292.1635,954,-5338.1635,-84.83828337,144,6.625
6/1/2021,CITY MARKET,CHICKEN INN,2066.064,549.75,-1516.314,-73.39143415,141,3.89893617
6/1/2021,JUNCTION,CHICKEN INN,6193.1925,1497.75,-4695.4425,-75.8161885,182,8.229395604
6/1/2021,OASIS,CHICKEN INN,1701.540868,516.75,-1184.790868,-69.6304679,70,7.382142857
7/1/2021,OASIS,CHICKEN INN,764.3232092,686.75,-77.57320916,-10.14926777,86,7.985465116
7/1/2021,CITY MARKET,CHICKEN INN,759.185,448.25,-310.935,-40.95642037,110,4.075
7/1/2021,JUNCTION,CHICKEN INN,2781.9495,1436,-1345.9495,-48.38152166,141,10.18439716
7/1/2021,LA PIAZZA,CHICKEN INN,1418.6635,746.5,-672.1635,-47.38005172,121,6.169421488
7/1/2021,CARREFOUR,CHICKEN INN,1448.028,845.25,-602.778,-41.62750997,124,6.816532258
8/1/2021,LA PIAZZA,CHICKEN INN,999.799,760.75,-239.049,-23.90970585,120,6.339583333
8/1/2021,CARREFOUR,CHICKEN INN,1186.9205,1024.5,-162.4205,-13.68419368,146,7.017123288
8/1/2021,CITY MARKET,CHICKEN INN,666.911,554.5,-112.411,-16.85547247,134,4.138059701
8/1/2021,JUNCTION,CHICKEN INN,2208.6009,2094.75,-113.8509,-5.154887875,221,9.478506787
8/1/2021,OASIS,CHICKEN INN,606.7992707,269.75,-337.0492707,-55.54543108,42,6.422619048
9/1/2021,JUNCTION,CHICKEN INN,2696.7501,2211.75,-485.0001,-17.98461415,230,9.616304348
9/1/2021,LA PIAZZA,CHICKEN INN,1392.472,1049.5,-342.972,-24.6304414,158,6.642405063
9/1/2021,CARREFOUR,CHICKEN INN,1736.486,1523.75,-212.736,-12.25094818,182,8.372252747
9/1/2021,CITY MARKET,CHICKEN INN,782.733,449.75,-332.983,-42.54107084,104,4.324519231
9/1/2021,OASIS,CHICKEN INN,740.9152074,594.5,-146.4152074,-19.7613986,83,7.162650602
10/1/2021,OASIS,CHICKEN INN,1188.634721,1083.25,-105.3847207,-8.866030824,136,7.965073529
10/1/2021,JUNCTION,CHICKEN INN,4326.3396,3617.75,-708.5896,-16.37850159,362,9.99378453
10/1/2021,LA PIAZZA,CHICKEN INN,1406.5795,1263.5,-143.0795,-10.17215877,175,7.22
10/1/2021,CARREFOUR,CHICKEN INN,2341.6075,2088.5,-253.1075,-10.80913432,243,8.594650206
10/1/2021,CITY MARKET,CHICKEN INN,514.185,617.75,103.565,20.14158328,114,5.418859649
11/1/2021,LA PIAZZA,CHICKEN INN,1168.215,636.25,-531.965,-45.53656647,114,5.581140351
11/1/2021,CARREFOUR,CHICKEN INN,1109.486,908,-201.486,-18.16030126,117,7.760683761
11/1/2021,CITY MARKET,CHICKEN INN,768.516,333.25,-435.266,-56.63720729,97,3.43556701
11/1/2021,JUNCTION,CHICKEN INN,1592.9991,1412.5,-180.4991,-11.33077225,159,8.883647799
11/1/2021,OASIS,CHICKEN INN,437.66653,412.75,-24.91653,-5.693039859,58,7.11637931
12/1/2021,OASIS,CHICKEN INN,376.8399969,679.25,302.4100031,80.24891348,61,11.1352459
12/1/2021,JUNCTION,CHICKEN INN,1371.6054,1532,160.3946,11.6939318,209,7.330143541
12/1/2021,CITY MARKET,CHICKEN INN,620.137,497.75,-122.387,-19.73547781,127,3.919291339
12/1/2021,CARREFOUR,CHICKEN INN,1447.173,978.75,-468.423,-32.3681412,136,7.196691176
12/1/2021,LA PIAZZA,CHICKEN INN,914.014,602.5,-311.514,-34.08197249,102,5.906862745
13/1/2021,LA PIAZZA,CHICKEN INN,979.6495,596.25,-383.3995,-39.13639521,90,6.625
13/1/2021,CARREFOUR,CHICKEN INN,1062.271,887.5,-174.771,-16.45258131,134,6.623134328
13/1/2021,CITY MARKET,CHICKEN INN,540.694,380.75,-159.944,-29.58124189,108,3.525462963
13/1/2021,JUNCTION,CHICKEN INN,1619.3925,1555,-64.3925,-3.976336805,189,8.227513228
13/1/2021,OASIS,CHICKEN INN,444.9179514,459,14.08204858,3.165088875,67,6.850746269
14/1/2021,JUNCTION,CHICKEN INN,1677.2976,1603.5,-73.7976,-4.399791665,179,8.958100559
14/1/2021,CITY MARKET,CHICKEN INN,569.863,421.75,-148.113,-25.9909838,122,3.456967213
14/1/2021,OASIS,CHICKEN INN,460.8270151,480.5,19.67298486,4.269060671,67,7.171641791
14/1/2021,LA PIAZZA,CHICKEN INN,962.3785,758.25,-204.1285,-21.21083337,131,5.788167939
14/1/2021,CARREFOUR,CHICKEN INN,1137.986,1033.25,-104.736,-9.203628164,163,6.338957055
15/1/2021,LA PIAZZA,CHICKEN INN,1125.028,914.25,-210.778,-18.73535592,127,7.198818898
15/1/2021,CARREFOUR,CHICKEN INN,1869.771,867.5,-1002.271,-53.60394401,124,6.995967742
15/1/2021,CITY MARKET,CHICKEN INN,519.484,529.25,9.766,1.879942404,147,3.600340136
15/1/2021,JUNCTION,CHICKEN INN,3173.445,1204.5,-1968.945,-62.04440285,164,7.344512195
15/1/2021,OASIS,CHICKEN INN,871.8841469,571,-300.8841469,-34.50964764,68,8.397058824
16/1/2021,JUNCTION,CHICKEN INN,2631.0636,2180.5,-450.5636,-17.12477038,251,8.687250996
16/1/2021,CITY MARKET,CHICKEN INN,907.669,360.25,-547.419,-60.31042153,98,3.676020408
16/1/2021,OASIS,CHICKEN INN,722.8682527,791.25,68.38174727,9.45978012,96,8.2421875
16/1/2021,LA PIAZZA,CHICKEN INN,1386.4205,896.75,-489.6705,-35.31904642,136,6.59375
16/1/2021,CARREFOUR,CHICKEN INN,1752.8925,1156.75,-596.1425,-34.00907357,151,7.660596026
17/1/2021,LA PIAZZA,CHICKEN INN,1678.6215,1012.75,-665.8715,-39.66775714,154,6.576298701
17/1/2021,CARREFOUR,CHICKEN INN,2169.1635,2140,-29.1635,-1.344458359,242,8.842975207
17/1/2021,CITY MARKET,CHICKEN INN,555.338,360.5,-194.838,-35.08457912,69,5.224637681
17/1/2021,JUNCTION,CHICKEN INN,3242.151,3635,392.849,12.11692484,345,10.53623188
17/1/2021,OASIS,CHICKEN INN,890.7606903,997.25,106.4893097,11.95487305,127,7.852362205
18/1/2021,LA PIAZZA,CHICKEN INN,1091.3505,947,-144.3505,-13.22677728,115,8.234782609
18/1/2021,CARREFOUR,CHICKEN INN,1104.5935,1393.5,288.9065,26.15500634,159,8.764150943
18/1/2021,CITY MARKET,CHICKEN INN,565.089,334.25,-230.839,-40.85002539,83,4.027108434
18/1/2021,JUNCTION,CHICKEN INN,1515.3039,1658.25,142.9461,9.433493836,184,9.012228261
18/1/2021,OASIS,CHICKEN INN,416.3202602,483,66.6797398,16.01645324,65,7.430769231
19/1/2021,OASIS,CHICKEN INN,416.3202602,388.5,-27.8202602,-6.682418047,54,7.194444444
19/1/2021,JUNCTION,CHICKEN INN,1515.3039,1694.5,179.1961,11.82575324,190,8.918421053
19/1/2021,LA PIAZZA,CHICKEN INN,1173.1075,840.5,-332.6075,-28.3526872,143,5.877622378
19/1/2021,CARREFOUR,CHICKEN INN,1359.3645,876.75,-482.6145,-35.50295009,146,6.005136986
19/1/2021,CITY MARKET,CHICKEN INN,517.363,742.25,224.887,43.46793257,192,3.865885417
20/1/2021,LA PIAZZA,CHICKEN INN,998.6495,644,-354.6495,-35.51291019,116,5.551724138
20/1/2021,CARREFOUR,CHICKEN INN,1519.1355,981.75,-537.3855,-35.37442842,149,6.588926174
20/1/2021,CITY MARKET,CHICKEN INN,615.363,377.5,-237.863,-38.65409523,106,3.561320755
20/1/2021,JUNCTION,CHICKEN INN,1830.1734,1384.5,-445.6734,-24.35143031,175,7.911428571
20/1/2021,OASIS,CHICKEN INN,502.8286841,467,-35.82868413,-7.125425669,63,7.412698413
21/1/2021,OASIS,CHICKEN INN,694.9097528,341.75,-353.1597528,-50.82095213,48,7.119791667
21/1/2021,CITY MARKET,CHICKEN INN,513.541,363,-150.541,-29.31430986,93,3.903225806
21/1/2021,JUNCTION,CHICKEN INN,2529.3015,1438.25,-1091.0515,-43.13647464,159,9.045597484
21/1/2021,LA PIAZZA,CHICKEN INN,1078.3925,819,-259.3925,-24.05362611,116,7.060344828
21/1/2021,CARREFOUR,CHICKEN INN,1880.1355,889.5,-990.6355,-52.68958009,121,7.351239669
22/1/2021,LA PIAZZA,CHICKEN INN,1027.1495,914.5,-112.6495,-10.96719611,159,5.751572327
22/1/2021,CARREFOUR,CHICKEN INN,1213.1215,832.75,-380.3715,-31.35477362,119,6.99789916
22/1/2021,CITY MARKET,CHICKEN INN,496.573,497.75,1.177,0.237024566,121,4.113636364
22/1/2021,JUNCTION,CHICKEN INN,1676.3967,1324.5,-351.8967,-20.99125464,185,7.159459459
22/1/2021,OASIS,CHICKEN INN,460.5794985,401,-59.5794985,-12.93576868,59,6.796610169
23/1/2021,JUNCTION,CHICKEN INN,2299.2948,1994.25,-305.0448,-13.26688513,217,9.190092166
23/1/2021,CITY MARKET,CHICKEN INN,735.217,512.25,-222.967,-30.32669266,146,3.508561644
23/1/2021,OASIS,CHICKEN INN,631.7168519,609.75,-21.96685192,-3.477325617,74,8.239864865
23/1/2021,LA PIAZZA,CHICKEN INN,1414.056,1082.25,-331.806,-23.46484156,168,6.441964286
23/1/2021,CARREFOUR,CHICKEN INN,1995.5795,1404,-591.5795,-29.64449675,189,7.428571429
24/1/2021,OASIS,CHICKEN INN,1012.498075,1035.75,23.25192473,2.296490759,118,8.777542373
24/1/2021,JUNCTION,CHICKEN INN,3685.2453,3269.25,-415.9953,-11.28813054,339,9.64380531
24/1/2021,LA PIAZZA,CHICKEN INN,1306.1075,1310,3.8925,0.298022942,168,7.797619048
24/1/2021,CARREFOUR,CHICKEN INN,2369.243,2255.5,-113.743,-4.800816126,263,8.576045627
24/1/2021,CITY MARKET,CHICKEN INN,366.331,427.5,61.169,16.69774057,83,5.15060241
25/1/2021,JUNCTION,CHICKEN INN,1732.2624,1051,-681.2624,-39.32789859,156,6.737179487
25/1/2021,CITY MARKET,CHICKEN INN,737.331,478,-259.331,-35.17158508,121,3.950413223
25/1/2021,OASIS,CHICKEN INN,475.9282498,472.25,-3.678249839,-0.77285806,65,7.265384615
25/1/2021,LA PIAZZA,CHICKEN INN,1094.514,880.75,-213.764,-19.53049481,135,6.524074074
25/1/2021,CARREFOUR,CHICKEN INN,1236.729,1155.5,-81.229,-6.568051691,148,7.807432432
26/1/2021,LA PIAZZA,CHICKEN INN,973.028,780,-193.028,-19.83786695,134,5.820895522
26/1/2021,CARREFOUR,CHICKEN INN,1417.514,842.75,-574.764,-40.5473244,137,6.151459854
26/1/2021,JUNCTION,CHICKEN INN,1743.6969,1325,-418.6969,-24.01202296,175,7.571428571
26/1/2021,OASIS,CHICKEN INN,479.0698071,626,146.9301929,30.66989209,77,8.12987013
26/1/2021,CITY MARKET,CHICKEN INN,719.726,557.75,-161.976,-22.50523116,119,4.68697479
27/1/2021,LA PIAZZA,CHICKEN INN,1216.5795,617.75,-598.8295,-49.22238949,106,5.827830189
27/1/2021,CARREFOUR,CHICKEN INN,1323.3785,788.25,-535.1285,-40.43654178,121,6.51446281
27/1/2021,CITY MARKET,CHICKEN INN,488.201,460.5,-27.701,-5.674097349,119,3.869747899
27/1/2021,JUNCTION,CHICKEN INN,1596.5928,1466.5,-130.0928,-8.148151489,194,7.559278351
27/1/2021,OASIS,CHICKEN INN,438.6538766,459,20.34612342,4.63830927,56,8.196428571
28/1/2021,JUNCTION,CHICKEN INN,1470.6054,1416.5,-54.1054,-3.679124257,172,8.235465116
28/1/2021,OASIS,CHICKEN INN,404.0396272,454.75,50.71037285,12.55084141,61,7.454918033
28/1/2021,CITY MARKET,CHICKEN INN,572.936,440.25,-132.686,-23.15895667,118,3.730932203
28/1/2021,LA PIAZZA,CHICKEN INN,852.1215,913.5,61.3785,7.203022104,140,6.525
28/1/2021,CARREFOUR,CHICKEN INN,1214.8505,936.5,-278.3505,-22.91232543,150,6.243333333
29/1/2021,LA PIAZZA,CHICKEN INN,815.2805,775.25,-40.0305,-4.910027898,118,6.569915254
29/1/2021,CARREFOUR,CHICKEN INN,1157.5655,1189.5,31.9345,2.758763975,158,7.528481013
29/1/2021,CITY MARKET,CHICKEN INN,552.573,522.5,-30.073,-5.442357842,137,3.813868613
29/1/2021,JUNCTION,CHICKEN INN,1371.0015,1566.5,195.4985,14.25953947,189,8.288359788
29/1/2021,OASIS,CHICKEN INN,376.6740792,443,66.32592082,17.60830503,51,8.68627451
30/1/2021,OASIS,CHICKEN INN,350.0483612,430.5,80.45163885,22.98300686,63,6.833333333
30/1/2021,JUNCTION,CHICKEN INN,1274.0904,1997.25,723.1596,56.75889246,231,8.646103896
30/1/2021,CITY MARKET,CHICKEN INN,483.217,605.75,122.533,25.35775852,171,3.542397661
30/1/2021,CARREFOUR,CHICKEN INN,1366.556,1623,256.444,18.76571469,189,8.587301587
30/1/2021,LA PIAZZA,CHICKEN INN,996.3505,1402.5,406.1495,40.76371719,206,6.808252427
31/1/2021,LA PIAZZA,CHICKEN INN,1253.4205,1547.25,293.8295,23.44221273,179,8.643854749
31/1/2021,CARREFOUR,CHICKEN INN,1299.1915,2072,772.8085,59.48380204,255,8.125490196
31/1/2021,CITY MARKET,CHICKEN INN,724.605,524.75,-199.855,-27.58123391,118,4.447033898
31/1/2021,JUNCTION,CHICKEN INN,1870.902,3333.75,1462.848,78.18945086,404,8.251856436
31/1/2021,OASIS,CHICKEN INN,514.018612,937,422.981388,82.28911913,111,8.441441441
1/2/2021,JUNCTION,CHICKEN INN,1416.3118,1448.25,31.9382,2.255026047,177,8.18220339
1/2/2021,CITY MARKET,CHICKEN INN,742.9695,580.75,-162.2195,-21.833938,150,3.871666667
1/2/2021,OASIS,CHICKEN INN,389.1228004,594.75,205.6271996,52.84378076,50,11.895
1/2/2021,LA PIAZZA,CHICKEN INN,1218.014,959,-259.014,-21.26527281,147,6.523809524
1/2/2021,CARREFOUR,CHICKEN INN,1199.5935,998.5,-201.0935,-16.76347029,147,6.792517007
2/2/2021,LA PIAZZA,CHICKEN INN,1257.407652,1014.75,-242.6576516,-19.29824837,156,6.504807692
2/2/2021,CARREFOUR,CHICKEN INN,1442.754801,1062,-380.7548006,-26.39081848,164,6.475609756
2/2/2021,CITY MARKET,CHICKEN INN,721.6911122,582.5,-139.1911122,-19.28679872,137,4.251824818
2/2/2021,JUNCTION,CHICKEN INN,1581.384138,1542.5,-38.88413776,-2.45886732,196,7.869897959
2/2/2021,OASIS,CHICKEN INN,434.4753918,453.75,19.27460816,4.436294557,52,8.725961538
3/2/2021,JUNCTION,CHICKEN INN,1522.899285,1456.25,-66.6492852,-4.376473602,187,7.787433155
3/2/2021,CITY MARKET,CHICKEN INN,607.7259247,587.25,-20.47592472,-3.369269581,144,4.078125
3/2/2021,OASIS,CHICKEN INN,418.4070447,268.25,-150.1570447,-35.88779076,41,6.542682927
3/2/2021,LA PIAZZA,CHICKEN INN,1094.506047,963.5,-131.0060467,-11.96942193,160,6.021875
3/2/2021,CARREFOUR,CHICKEN INN,1232.441209,887.75,-344.6912085,-27.96816644,143,6.208041958
4/2/2021,LA PIAZZA,CHICKEN INN,1111.997834,973.25,-138.7478343,-12.47734753,158,6.159810127
4/2/2021,CARREFOUR,CHICKEN INN,1239.035134,816.25,-422.7851338,-34.12212634,123,6.636178862
4/2/2021,CITY MARKET,CHICKEN INN,600.5172424,616.5,15.98275763,2.661498538,150,4.11
4/2/2021,JUNCTION,CHICKEN INN,1633.289186,1885.75,252.4608138,15.45720231,250,7.543
4/2/2021,OASIS,CHICKEN INN,448.7359789,278.25,-170.4859789,-37.99249156,36,7.729166667
5/2/2021,LA PIAZZA,CHICKEN INN,1001.880212,873.75,-128.1302121,-12.78897523,149,5.86409396
5/2/2021,CARREFOUR,CHICKEN INN,1339.693825,1077.75,-261.9438249,-19.55251416,154,6.998376623
5/2/2021,CITY MARKET,CHICKEN INN,684.8044206,559,-125.8044206,-18.37085405,93,6.010752688
5/2/2021,JUNCTION,CHICKEN INN,1811.07818,1481,-330.0781799,-18.22550697,204,7.259803922
5/2/2021,OASIS,CHICKEN INN,497.5823919,455.25,-42.33239195,-8.507614544,48,9.484375
6/2/2021,OASIS,CHICKEN INN,814.7406872,436.25,-378.4906872,-46.45535606,50,8.725
6/2/2021,JUNCTION,CHICKEN INN,2965.456786,2409.25,-556.206786,-18.75619259,252,9.560515873
6/2/2021,LA PIAZZA,CHICKEN INN,1474.646295,981,-493.646295,-33.47557286,152,6.453947368
6/2/2021,CARREFOUR,CHICKEN INN,1756.999332,1345.5,-411.4993315,-23.42057417,182,7.392857143
6/2/2021,CITY MARKET,CHICKEN INN,803.9176954,587.75,-216.1676954,-26.8892819,139,4.228417266
7/2/2021,LA PIAZZA,CHICKEN INN,1807.975852,1453.25,-354.7258516,-19.62005473,190,7.648684211
7/2/2021,CARREFOUR,CHICKEN INN,2867.527067,1961.25,-906.2770674,-31.60483044,226,8.678097345
7/2/2021,CITY MARKET,CHICKEN INN,721.2830735,475.5,-245.7830735,-34.07581331,110,4.322727273
7/2/2021,JUNCTION,CHICKEN INN,3928.607897,3313.25,-615.3578973,-15.66351016,383,8.65078329
7/2/2021,OASIS,CHICKEN INN,1079.360425,942.75,-136.6104254,-12.65660869,120,7.85625
8/2/2021,LA PIAZZA,CHICKEN INN,1075.809645,1073,-2.809645468,-0.26116567,183,5.863387978
8/2/2021,CARREFOUR,CHICKEN INN,1146.186339,939.5,-206.6863391,-18.03252509,129,7.282945736
8/2/2021,CITY MARKET,CHICKEN INN,596.6612774,518.25,-78.41127739,-13.14167357,126,4.113095238
8/2/2021,JUNCTION,CHICKEN INN,1756.590791,1222,-534.5907907,-30.43342784,173,7.063583815
8/2/2021,OASIS,CHICKEN INN,482.6123229,357.75,-124.8623229,-25.87217876,53,6.75
9/2/2021,OASIS,CHICKEN INN,506.5332162,366.25,-140.2832162,-27.69477138,39,9.391025641
9/2/2021,JUNCTION,CHICKEN INN,1843.65699,1351,-492.6569904,-26.72172714,166,8.138554217
9/2/2021,LA PIAZZA,CHICKEN INN,1170.944262,993.75,-177.1942624,-15.13259581,164,6.05945122
9/2/2021,CARREFOUR,CHICKEN INN,1573.605167,1080.75,-492.8551675,-31.32012894,145,7.453448276
9/2/2021,CITY MARKET,CHICKEN INN,685.5184882,559.5,-126.0184882,-18.38294523,136,4.113970588
10/2/2021,LA PIAZZA,CHICKEN INN,1479.26564,879.25,-600.0156401,-40.56172359,141,6.235815603
10/2/2021,CARREFOUR,CHICKEN INN,1672.474503,1134.25,-538.2245025,-32.18132783,148,7.663851351
10/2/2021,CITY MARKET,CHICKEN INN,662.5663157,908.13,245.5636843,37.06250658,120,7.56775
10/2/2021,JUNCTION,CHICKEN INN,2267.29515,1258.5,-1008.79515,-44.49333162,167,7.535928144
10/2/2021,OASIS,CHICKEN INN,622.9251483,336.5,-286.4251483,-45.98066864,46,7.315217391
11/2/2021,OASIS,CHICKEN INN,647.7967474,304.25,-343.5467474,-53.03310781,53,5.740566038
11/2/2021,JUNCTION,CHICKEN INN,2357.821686,1504.75,-853.0716859,-36.18050046,198,7.599747475
11/2/2021,LA PIAZZA,CHICKEN INN,1140.779142,909.25,-231.5291421,-20.29570261,138,6.588768116
11/2/2021,CARREFOUR,CHICKEN INN,1404.970719,1080,-324.9707191,-23.13007059,153,7.058823529
11/2/2021,CITY MARKET,CHICKEN INN,637.859577,516,-121.859577,-19.10445205,138,3.739130435
12/2/2021,LA PIAZZA,CHICKEN INN,1406.71216,786.25,-620.4621596,-44.10725786,140,5.616071429
12/2/2021,CARREFOUR,CHICKEN INN,2000.450611,1072,-928.450611,-46.41207365,155,6.916129032
12/2/2021,CITY MARKET,CHICKEN INN,518.2967274,543.75,25.45327257,4.910946033,134,4.057835821
12/2/2021,JUNCTION,CHICKEN INN,1789.876862,1662.75,-127.1268624,-7.102547952,207,8.032608696
12/2/2021,OASIS,CHICKEN INN,944.5883439,301.25,-643.3383439,-68.1078004,50,6.025
13/2/2021,OASIS,CHICKEN INN,1031.788958,717,-314.7889583,-30.50904507,72,9.958333333
13/2/2021,JUNCTION,CHICKEN INN,1879.223431,2184.25,305.026569,16.23152223,256,8.532226563
13/2/2021,CARREFOUR,CHICKEN INN,2100.308541,1740,-360.3085405,-17.15502906,221,7.873303167
13/2/2021,LA PIAZZA,CHICKEN INN,1081.228573,1186.5,105.2714267,9.736278649,172,6.898255814
13/2/2021,CITY MARKET,CHICKEN INN,786.8539387,569.75,-217.1039387,-27.59138996,139,4.098920863
14/2/2021,OASIS,CHICKEN INN,997.8228214,1304.25,306.4271786,30.7095781,158,8.254746835
14/2/2021,LA PIAZZA,CHICKEN INN,1259.823691,1428.25,168.4263093,13.36903811,197,7.25
14/2/2021,CARREFOUR,CHICKEN INN,2614.377676,1985,-629.377676,-24.07370908,222,8.941441441
14/2/2021,CITY MARKET,CHICKEN INN,489.8729662,384.75,-105.1229662,-21.45922993,91,4.228021978
14/2/2021,JUNCTION,CHICKEN INN,2339.180026,3926,1586.819974,67.83659045,423,9.281323877
15/2/2021,OASIS,CHICKEN INN,584.9442006,530.25,-54.69420063,-9.350327873,67,7.914179104
15/2/2021,JUNCTION,CHICKEN INN,1103.586242,1303,199.4137584,18.06961259,188,6.930851064
15/2/2021,CITY MARKET,CHICKEN INN,649.480517,449.75,-199.730517,-30.75234927,132,3.40719697
15/2/2021,CARREFOUR,CHICKEN INN,1233.419917,796,-437.4199171,-35.46399008,132,6.03030303
15/2/2021,LA PIAZZA,CHICKEN INN,895.8092327,1358.5,462.6907673,51.65059149,201,6.758706468
16/2/2021,LA PIAZZA,CHICKEN INN,821.3463949,872.25,50.90360509,6.197580631,180,4.845833333
16/2/2021,CARREFOUR,CHICKEN INN,1493.944223,1003.75,-490.1942233,-32.81208332,161,6.23447205
16/2/2021,CITY MARKET,CHICKEN INN,554.3543682,542,-12.35436818,-2.228604822,127,4.267716535
16/2/2021,JUNCTION,CHICKEN INN,1336.686937,1815.5,478.8130633,35.82088297,179,10.1424581
16/2/2021,OASIS,CHICKEN INN,478.2645792,447.25,-31.01457918,-6.484816257,58,7.711206897
17/2/2021,OASIS,CHICKEN INN,671.0640049,403.75,-267.3140049,-39.83435305,49,8.239795918
17/2/2021,JUNCTION,CHICKEN INN,1121.798754,1427.75,305.9512463,27.27327387,164,8.705792683
17/2/2021,CARREFOUR,CHICKEN INN,1253.775078,901.75,-352.0250776,-28.07721129,137,6.582116788
17/2/2021,LA PIAZZA,CHICKEN INN,880.7691144,1037.5,156.7308856,17.79477539,149,6.963087248
17/2/2021,CITY MARKET,CHICKEN INN,534.7174571,427.5,-107.2174571,-20.0512356,120,3.5625
18/2/2021,LA PIAZZA,CHICKEN INN,796.6819422,905,108.3180578,13.59614823,131,6.908396947
18/2/2021,CARREFOUR,CHICKEN INN,1523.602058,1060,-463.6020581,-30.42802782,157,6.751592357
18/2/2021,CITY MARKET,CHICKEN INN,564.7068312,506.25,-58.45683118,-10.35171313,114,4.440789474
18/2/2021,JUNCTION,CHICKEN INN,1363.222894,1518.5,155.2771059,11.39044148,205,7.407317073
18/2/2021,OASIS,CHICKEN INN,590.9619315,520.25,-70.71193149,-11.96556457,65,8.003846154
19/2/2021,JUNCTION,CHICKEN INN,1462.099292,1609.75,147.6507079,10.09854178,219,7.350456621
19/2/2021,CITY MARKET,CHICKEN INN,642.8782429,465.25,-177.6282429,-27.63015312,121,3.845041322
19/2/2021,OASIS,CHICKEN INN,500.8028284,591,90.19717161,18.01051562,66,8.954545455
19/2/2021,LA PIAZZA,CHICKEN INN,709.1491243,898,188.8508757,26.63062948,143,6.27972028
19/2/2021,CARREFOUR,CHICKEN INN,1220.910555,895,-325.9105545,-26.69405661,154,5.811688312
20/2/2021,LA PIAZZA,CHICKEN INN,1237.313815,1075.25,-162.0638146,-13.09803646,167,6.438622754
20/2/2021,CARREFOUR,CHICKEN INN,1807.045627,1489.75,-317.2956269,-17.5588055,226,6.591814159
20/2/2021,CITY MARKET,CHICKEN INN,670.367491,583.75,-86.61749102,-12.9208967,150,3.891666667
20/2/2021,JUNCTION,CHICKEN INN,3375.657808,2485.5,-890.1578075,-26.3699065,278,8.940647482
20/2/2021,OASIS,CHICKEN INN,1156.240884,685.75,-470.4908838,-40.69142429,81,8.466049383
21/2/2021,JUNCTION,CHICKEN INN,3935.12389,3661.25,-273.8738901,-6.959727261,373,9.815683646
21/2/2021,CITY MARKET,CHICKEN INN,589.3318575,460.5,-128.8318575,-21.86066404,105,4.385714286
21/2/2021,OASIS,CHICKEN INN,1347.870959,966,-381.8709585,-28.33141823,104,9.288461538
21/2/2021,LA PIAZZA,CHICKEN INN,1581.777796,1458.5,-123.2777955,-7.793622839,188,7.757978723
21/2/2021,CARREFOUR,CHICKEN INN,2104.66408,2178,73.33592028,3.484447755,252,8.642857143
22/2/2021,LA PIAZZA,CHICKEN INN,798.6604639,789.25,-9.410463928,-1.178280928,123,6.416666667
22/2/2021,CARREFOUR,CHICKEN INN,1109.194174,1038.5,-70.6941739,-6.373471442,168,6.181547619
22/2/2021,CITY MARKET,CHICKEN INN,550.6041794,567.75,17.14582064,3.11400118,145,3.915517241
22/2/2021,JUNCTION,CHICKEN INN,1489.098778,1101.25,-387.8487785,-26.04587312,165,6.674242424
22/2/2021,OASIS,CHICKEN INN,510.050777,580.25,70.19922297,13.76318322,73,7.948630137
23/2/2021,LA PIAZZA,CHICKEN INN,842.3053112,631.75,-210.5553112,-24.99750487,116,5.44612069
23/2/2021,CARREFOUR,CHICKEN INN,1188.917035,1186.75,-2.167035247,-0.182269678,186,6.380376344
23/2/2021,CITY MARKET,CHICKEN INN,636.4519484,426.75,-209.7019484,-32.94859085,112,3.810267857
23/2/2021,JUNCTION,CHICKEN INN,1148.552269,1406.25,257.6977313,22.43674392,187,7.520053476
23/2/2021,OASIS,CHICKEN INN,393.40572,439.5,46.09428,11.71672847,56,7.848214286
24/2/2021,OASIS,CHICKEN INN,356.6764951,385.25,28.57350486,8.011042289,48,8.026041667
24/2/2021,JUNCTION,CHICKEN INN,1041.320898,1670,628.6791019,60.37323394,179,9.329608939
24/2/2021,CITY MARKET,CHICKEN INN,586.6618201,442.75,-143.9118201,-24.53062653,96,4.611979167
24/2/2021,LA PIAZZA,CHICKEN INN,637.6456855,718.75,81.10431453,12.71933871,127,5.659448819
24/2/2021,CARREFOUR,CHICKEN INN,997.6989262,929.75,-67.94892624,-6.810564235,128,7.263671875
25/2/2021,LA PIAZZA,CHICKEN INN,754.5209862,806.75,52.22901377,6.922141958,133,6.065789474
25/2/2021,CARREFOUR,CHICKEN INN,1164.725087,1294.25,129.5249126,11.12064246,153,8.459150327
25/2/2021,CITY MARKET,CHICKEN INN,607.9007536,474.25,-133.6507536,-21.98562064,123,3.855691057
25/2/2021,JUNCTION,CHICKEN INN,1369.816135,1276.75,-93.06613502,-6.794060359,168,7.599702381
25/2/2021,OASIS,CHICKEN INN,469.1937124,314,-155.1937124,-33.07668204,45,6.977777778
26/2/2021,OASIS,CHICKEN INN,607.305368,467,-140.305368,-23.10293558,60,7.783333333
26/2/2021,CITY MARKET,CHICKEN INN,516.3366773,336.5,-179.8366773,-34.82934395,93,3.61827957
26/2/2021,JUNCTION,CHICKEN INN,1773.034612,1643.75,-129.2846121,-7.291713947,219,7.505707763
26/2/2021,LA PIAZZA,CHICKEN INN,802.6007402,639,-163.6007402,-20.38382623,107,5.971962617
26/2/2021,CARREFOUR,CHICKEN INN,1203.219916,1404,200.7800837,16.6868983,167,8.407185629
27/2/2021,LA PIAZZA,CHICKEN INN,1027.724652,1322.25,294.5253482,28.6580017,194,6.815721649
27/2/2021,CARREFOUR,CHICKEN INN,2019.5898,1367.5,-652.0898003,-32.28823003,200,6.8375
27/2/2021,CITY MARKET,CHICKEN INN,578.2694073,592.5,14.23059274,2.460893238,138,4.293478261
27/2/2021,JUNCTION,CHICKEN INN,3006.008187,2977.5,-28.50818676,-0.948373557,327,9.105504587
27/2/2021,OASIS,CHICKEN INN,1029.627338,669.75,-359.8773381,-34.95219336,83,8.069277108
28/2/2021,JUNCTION,CHICKEN INN,3804.298053,3424.75,-379.5480526,-9.976822198,339,10.10250737
28/2/2021,CITY MARKET,CHICKEN INN,450.301799,572,121.698201,27.02591934,117,4.888888889
28/2/2021,OASIS,CHICKEN INN,1303.060083,1041,-262.0600829,-20.11112813,124,8.39516129
28/2/2021,LA PIAZZA,CHICKEN INN,1443.943578,1535.25,91.30642151,6.323406459,199,7.714824121
28/2/2021,CARREFOUR,CHICKEN INN,2270.903007,2615.75,344.8469925,15.18545668,289,9.051038062
1/3/2021,OASIS,CHICKEN INN,654.4613768,367,-287.4613768,-43.92335239,58,6.327586207
1/3/2021,JUNCTION,CHICKEN INN,1910.707092,1463.75,-446.9570915,-23.39223492,180,8.131944444
1/3/2021,LA PIAZZA,CHICKEN INN,1137.688452,811.25,-326.4384515,-28.69313221,141,5.753546099
1/3/2021,CARREFOUR,CHICKEN INN,1412.190335,1331.25,-80.94033532,-5.731545763,159,8.372641509
1/3/2021,CITY MARKET,CHICKEN INN,965.9130345,536,-429.9130345,-44.50846185,142,3.774647887
2/3/2021,JUNCTION,CHICKEN INN,2118.051754,1322,-796.0517542,-37.58415027,176,7.511363636
2/3/2021,CITY MARKET,CHICKEN INN,766.6840769,522,-244.6840769,-31.91458963,129,4.046511628
2/3/2021,OASIS,CHICKEN INN,725.48172,568,-157.48172,-21.70719339,71,8
2/3/2021,LA PIAZZA,CHICKEN INN,1220.846762,924.5,-296.3467625,-24.27387053,165,5.603030303
2/3/2021,CARREFOUR,CHICKEN INN,2090.115376,1240,-850.1153758,-40.67313152,188,6.595744681
3/3/2021,LA PIAZZA,CHICKEN INN,1186.118933,735.25,-450.8689332,-38.0121184,129,5.699612403
3/3/2021,CARREFOUR,CHICKEN INN,1473.233798,1224.75,-248.4837976,-16.8665556,166,7.378012048
3/3/2021,JUNCTION,CHICKEN INN,3343.93507,1348.25,-1995.68507,-59.68073626,177,7.617231638
3/3/2021,OASIS,CHICKEN INN,1145.375112,449.75,-695.6251122,-60.73338811,64,7.02734375
3/3/2021,CITY MARKET,CHICKEN INN,945.0495322,542.75,-402.2995322,-42.56914781,132,4.111742424
4/3/2021,LA PIAZZA,CHICKEN INN,1038.292768,1042,3.707231889,0.357050728,139,7.496402878
4/3/2021,CARREFOUR,CHICKEN INN,2055.436893,1217.5,-837.9368931,-40.76685088,180,6.763888889
4/3/2021,CITY MARKET,CHICKEN INN,958.6717827,401.75,-556.9217827,-58.09306091,108,3.719907407
4/3/2021,JUNCTION,CHICKEN INN,3565.616624,1430.25,-2135.366624,-59.88772348,178,8.03511236
4/3/2021,OASIS,CHICKEN INN,1221.306173,354.5,-866.8061725,-70.97369947,44,8.056818182
5/3/2021,JUNCTION,CHICKEN INN,3244.327932,1445.25,-1799.077932,-55.45302355,198,7.299242424
5/3/2021,OASIS,CHICKEN INN,1111.257364,461.25,-650.0073636,-58.49296346,60,7.6875
5/3/2021,CITY MARKET,CHICKEN INN,879.9917061,584.25,-295.7417061,-33.6073288,150,3.895
5/3/2021,LA PIAZZA,CHICKEN INN,1079.389894,890,-189.3898935,-17.54601323,154,5.779220779
5/3/2021,CARREFOUR,CHICKEN INN,1959.002713,1147.25,-811.7527131,-41.43703874,148,7.751689189
6/3/2021,LA PIAZZA,CHICKEN INN,1858.025521,1465.5,-392.5255206,-21.12594882,209,7.011961722
6/3/2021,CARREFOUR,CHICKEN INN,2376.163738,1876.75,-499.4137381,-21.01764833,248,7.567540323
6/3/2021,CITY MARKET,CHICKEN INN,1378.513133,858.5,-520.0131333,-37.7227551,186,4.615591398
6/3/2021,JUNCTION,CHICKEN INN,3772.197004,2367.75,-1404.447004,-37.23153914,262,9.03721374
6/3/2021,OASIS,CHICKEN INN,1292.064731,662,-630.0647312,-48.7641769,72,9.194444444
7/3/2021,OASIS,CHICKEN INN,1848.821795,1051.75,-797.0717947,-43.11241878,130,8.090384615
7/3/2021,JUNCTION,CHICKEN INN,5397.655293,3506.75,-1890.905293,-35.03197574,365,9.607534247
7/3/2021,CITY MARKET,CHICKEN INN,740.1391225,486.5,-253.6391225,-34.26911439,106,4.589622642
7/3/2021,CARREFOUR,CHICKEN INN,3469.076259,2568,-901.0762585,-25.97453014,287,8.947735192
7/3/2021,LA PIAZZA,CHICKEN INN,1693.322887,1390,-303.3228869,-17.91287942,174,7.988505747
8/3/2021,LA PIAZZA,CHICKEN INN,1309.096178,1737.25,428.1538225,32.70606315,232,7.488146552
8/3/2021,CARREFOUR,CHICKEN INN,1650.199666,2147,496.8003336,30.10546806,257,8.354085603
8/3/2021,CITY MARKET,CHICKEN INN,1094.355447,944.25,-150.1054471,-13.7163339,185,5.104054054
8/3/2021,JUNCTION,CHICKEN INN,2281.608281,3333,1051.391719,46.08116684,341,9.774193548
8/3/2021,OASIS,CHICKEN INN,781.5036138,1114.75,333.2463862,42.64169484,137,8.136861314
9/3/2021,JUNCTION,CHICKEN INN,2233.550704,1623.75,-609.8007036,-27.30185183,219,7.414383562
9/3/2021,CITY MARKET,CHICKEN INN,1088.239142,536,-552.2391418,-50.74612009,132,4.060606061
9/3/2021,OASIS,CHICKEN INN,765.0427818,486.25,-278.7927818,-36.44146294,69,7.047101449
9/3/2021,LA PIAZZA,CHICKEN INN,1027.460632,822.75,-204.7106317,-19.92393922,142,5.794014085
9/3/2021,CARREFOUR,CHICKEN INN,1676.933043,1280.25,-396.6830435,-23.65527026,198,6.465909091
10/3/2021,LA PIAZZA,CHICKEN INN,1131.958251,1109.75,-22.20825136,-1.961932018,172,6.452034884
10/3/2021,CARREFOUR,CHICKEN INN,1579.049833,1107.5,-471.5498334,-29.86288484,155,7.14516129
10/3/2021,CITY MARKET,CHICKEN INN,769.6335162,500.25,-269.3835162,-35.00153132,129,3.877906977
10/3/2021,JUNCTION,CHICKEN INN,2533.136398,1652.5,-880.6363982,-34.76466561,200,8.2625
10/3/2021,OASIS,CHICKEN INN,867.6578122,579,-288.6578122,-33.26862366,69,8.391304348
11/3/2021,JUNCTION,CHICKEN INN,2049.06864,1640.5,-408.5686395,-19.93923638,232,7.07112069
11/3/2021,CITY MARKET,CHICKEN INN,715.6644477,475.5,-240.1644477,-33.55824765,125,3.804
11/3/2021,OASIS,CHICKEN INN,701.8534075,368,-333.8534075,-47.56739854,52,7.076923077
11/3/2021,LA PIAZZA,CHICKEN INN,1045.30116,806.25,-239.0511603,-22.86911843,143,5.638111888
11/3/2021,CARREFOUR,CHICKEN INN,1895.441868,957.25,-938.1918681,-49.49726414,154,6.215909091
12/3/2021,LA PIAZZA,CHICKEN INN,1161.584144,827.25,-334.3341444,-28.78260227,147,5.62755102
12/3/2021,CARREFOUR,CHICKEN INN,1719.544352,1283.5,-436.0443519,-25.35813347,146,8.79109589
12/3/2021,CITY MARKET,CHICKEN INN,586.6548352,444.5,-142.1548352,-24.2314265,119,3.735294118
12/3/2021,JUNCTION,CHICKEN INN,2143.246733,1847.75,-295.4967332,-13.78734089,244,7.572745902
12/3/2021,OASIS,CHICKEN INN,734.1115831,448.5,-285.6115831,-38.90574535,58,7.732758621
13/3/2021,LA PIAZZA,CHICKEN INN,1572.891195,1319.25,-253.6411947,-16.12579405,206,6.404126214
13/3/2021,CARREFOUR,CHICKEN INN,2403.60935,1650.25,-753.3593503,-31.34283656,194,8.506443299
13/3/2021,CITY MARKET,CHICKEN INN,1052.798603,618.5,-434.2986026,-41.25182172,132,4.685606061
13/3/2021,JUNCTION,CHICKEN INN,3736.539256,2624.75,-1111.789256,-29.75451829,312,8.412660256
13/3/2021,OASIS,CHICKEN INN,1279.851128,927.75,-352.1011278,-27.51110033,93,9.975806452
14/3/2021,OASIS,CHICKEN INN,2707.055363,1250,-1457.055363,-53.82436514,138,9.057971014
14/3/2021,JUNCTION,CHICKEN INN,7903.277509,3792.25,-4111.027509,-52.01674247,447,8.483780761
14/3/2021,LA PIAZZA,CHICKEN INN,3024.711601,1420,-1604.711601,-53.05337542,195,7.282051282
14/3/2021,CARREFOUR,CHICKEN INN,5533.944127,2140.5,-3393.444127,-61.32053467,252,8.494047619
14/3/2021,CITY MARKET,CHICKEN INN,1754.01836,439,-1315.01836,-74.97175571,101,4.346534653
15/3/2021,LA PIAZZA,CHICKEN INN,1082.26041,740.25,-342.0104097,-31.60148949,136,5.443014706
15/3/2021,CARREFOUR,CHICKEN INN,1541.48557,1068,-473.4855705,-30.71618571,139,7.683453237
15/3/2021,CITY MARKET,CHICKEN INN,851.4899121,567,-284.4899121,-33.41083765,146,3.883561644
15/3/2021,JUNCTION,CHICKEN INN,2014.570494,1858.5,-156.0704936,-7.747085251,207,8.97826087
15/3/2021,OASIS,CHICKEN INN,690.0369945,523.25,-166.7869945,-24.17073227,72,7.267361111
16/3/2021,LA PIAZZA,CHICKEN INN,1316.418702,952.5,-363.9187017,-27.64460131,157,6.066878981
16/3/2021,CARREFOUR,CHICKEN INN,1861.52474,1022.25,-839.2747402,-45.08533903,185,5.525675676
16/3/2021,CITY MARKET,CHICKEN INN,803.5331624,499.25,-304.2831624,-37.86815238,115,4.341304348
16/3/2021,JUNCTION,CHICKEN INN,1376.631516,2369.75,993.1184838,72.14119916,261,9.079501916
16/3/2021,OASIS,CHICKEN INN,471.5281381,501.75,30.22186186,6.409344302,61,8.225409836
17/3/2021,OASIS,CHICKEN INN,553.5705136,315.25,-238.3205136,-43.05151878,49,6.433673469
17/3/2021,JUNCTION,CHICKEN INN,1616.155122,1639.25,23.09487823,1.429001333,233,7.035407725
17/3/2021,LA PIAZZA,CHICKEN INN,974.5781419,738.25,-236.3281419,-24.24927584,147,5.022108844
17/3/2021,CARREFOUR,CHICKEN INN,1146.366995,1116.75,-29.61699455,-2.583552623,183,6.102459016
17/3/2021,CITY MARKET,CHICKEN INN,857.1902709,508,-349.1902709,-40.73661155,122,4.163934426
18/3/2021,LA PIAZZA,CHICKEN INN,898.1140913,723.25,-174.8640913,-19.47014226,132,5.479166667
18/3/2021,CARREFOUR,CHICKEN INN,1374.99447,1020.75,-354.2444699,-25.76333779,158,6.460443038
18/3/2021,CITY MARKET,CHICKEN INN,669.2391376,518.5,-150.7391376,-22.5239573,133,3.898496241
18/3/2021,JUNCTION,CHICKEN INN,1015.033493,1541,525.9665065,51.81765034,211,7.303317536
18/3/2021,OASIS,CHICKEN INN,347.672451,372.25,24.57754903,7.069167821,55,6.768181818
19/3/2021,OASIS,CHICKEN INN,495.4272622,508.25,12.82273779,2.588218042,69,7.365942029
19/3/2021,JUNCTION,CHICKEN INN,1446.405268,1637.5,191.0947317,13.21170048,212,7.724056604
19/3/2021,LA PIAZZA,CHICKEN INN,804.1236439,731.25,-72.87364392,-9.062492376,139,5.260791367
19/3/2021,CARREFOUR,CHICKEN INN,1181.401595,1057.75,-123.6515948,-10.46651666,153,6.913398693
19/3/2021,CITY MARKET,CHICKEN INN,586.9478884,478.5,-108.4478884,-18.47657868,109,4.389908257
20/3/2021,LA PIAZZA,CHICKEN INN,673.4989114,1231.25,557.7510886,82.81395549,190,6.480263158
20/3/2021,CARREFOUR,CHICKEN INN,1378.604765,1577.75,199.1452348,14.44541901,213,7.407276995
20/3/2021,CITY MARKET,CHICKEN INN,682.5872414,731.5,48.91275858,7.165788578,163,4.487730061
20/3/2021,JUNCTION,CHICKEN INN,945.2729187,2951.25,2005.977081,212.2114198,315,9.369047619
20/3/2021,OASIS,CHICKEN INN,323.7778404,702.75,378.9721596,117.0469724,87,8.077586207
21/3/2021,OASIS,CHICKEN INN,1767.709206,1285.5,-482.2092057,-27.27876305,141,9.117021277
21/3/2021,JUNCTION,CHICKEN INN,5160.846209,3590.75,-1570.096209,-30.42323188,365,9.837671233
21/3/2021,CITY MARKET,CHICKEN INN,760.1612782,590.25,-169.9112782,-22.35200386,125,4.722
21/3/2021,LA PIAZZA,CHICKEN INN,1686.303663,1368.5,-317.8036626,-18.84617045,194,7.054123711
21/3/2021,CARREFOUR,CHICKEN INN,3228.893382,2286.5,-942.3933823,-29.1862651,263,8.69391635
22/3/2021,LA PIAZZA,CHICKEN INN,1082.26041,885.75,-196.5104097,-18.15740536,151,5.86589404
22/3/2021,CARREFOUR,CHICKEN INN,1541.48557,1229.75,-311.7355705,-20.22306121,153,8.037581699
22/3/2021,CITY MARKET,CHICKEN INN,851.4899121,456,-395.4899121,-46.44681123,110,4.145454545
22/3/2021,JUNCTION,CHICKEN INN,811.5629542,1642.75,831.1870458,102.4180615,223,7.366591928
22/3/2021,OASIS,CHICKEN INN,277.9790846,570.5,292.5209154,105.2312679,77,7.409090909
23/3/2021,OASIS,CHICKEN INN,253.1546876,546.5,293.3453124,115.8759157,56,9.758928571
23/3/2021,JUNCTION,CHICKEN INN,739.0878576,1930.5,1191.412142,161.2003404,241,8.010373444
23/3/2021,CITY MARKET,CHICKEN INN,803.5331624,495.25,-308.2831624,-38.36595386,123,4.026422764
23/3/2021,CARREFOUR,CHICKEN INN,1861.52474,1450.5,-411.0247402,-22.08000417,208,6.973557692
23/3/2021,LA PIAZZA,CHICKEN INN,1316.418702,840.75,-475.6687017,-36.13354179,182,4.619505495
24/3/2021,LA PIAZZA,CHICKEN INN,408.1115701,924.25,516.1384299,126.4699331,134,6.89738806
24/3/2021,CARREFOUR,CHICKEN INN,984.9229394,1020.5,35.57706057,3.612166916,135,7.559259259
24/3/2021,CITY MARKET,CHICKEN INN,550.2406029,507.25,-42.99060292,-7.81305536,124,4.090725806
24/3/2021,JUNCTION,CHICKEN INN,820.8661211,1506,685.1338789,83.46475281,207,7.275362319
24/3/2021,OASIS,CHICKEN INN,281.1656345,497.78,216.6143655,77.04155092,57,8.732982456
25/3/2021,OASIS,CHICKEN INN,194.47884,496.75,302.27116,155.4262458,58,8.564655172
25/3/2021,JUNCTION,CHICKEN INN,567.7830839,1695.75,1127.966916,198.6615925,234,7.246794872
25/3/2021,CITY MARKET,CHICKEN INN,635.0369849,530.75,-104.2869849,-16.42219073,146,3.635273973
25/3/2021,CARREFOUR,CHICKEN INN,1244.606322,966,-278.6063222,-22.38509617,155,6.232258065
25/3/2021,LA PIAZZA,CHICKEN INN,529.4964904,580.25,50.75350964,9.585240046,119,4.87605042
26/3/2021,LA PIAZZA,CHICKEN INN,593.8610447,768.5,174.6389553,29.40737683,148,5.192567568
26/3/2021,CARREFOUR,CHICKEN INN,947.3586765,1087,139.6413235,14.74006909,139,7.820143885
26/3/2021,CITY MARKET,CHICKEN INN,636.152478,403.25,-232.902478,-36.61110913,107,3.768691589
26/3/2021,JUNCTION,CHICKEN INN,882.4963078,1713.75,831.2536922,94.19344703,221,7.754524887
26/3/2021,OASIS,CHICKEN INN,302.2753991,403.75,101.4746009,33.57024795,56,7.209821429
27/3/2021,JUNCTION,CHICKEN INN,324.3985323,2935,2610.601468,804.7513191,325,9.030769231
27/3/2021,CITY MARKET,CHICKEN INN,399.8191949,556,156.1808051,39.06285818,138,4.028985507
27/3/2021,OASIS,CHICKEN INN,111.1140012,771,659.8859988,593.8819516,95,8.115789474
27/3/2021,LA PIAZZA,CHICKEN INN,495.7327213,1288,792.2672787,159.8174268,184,7
27/3/2021,CARREFOUR,CHICKEN INN,766.7702324,1351,584.2297676,76.19359006,173,7.809248555
28/3/2021,LA PIAZZA,CHICKEN INN,586.5276884,1545.25,958.7223116,163.457298,207,7.464975845
28/3/2021,CARREFOUR,CHICKEN INN,1186.092523,2143.5,957.4074773,80.71945982,228,9.401315789
28/3/2021,CITY MARKET,CHICKEN INN,340.8682208,556.5,215.6317792,63.25957248,117,4.756410256
28/3/2021,JUNCTION,CHICKEN INN,847.9981618,3654.5,2806.501838,330.9561229,384,9.516927083
28/3/2021,OASIS,CHICKEN INN,290.4589861,1216.5,926.0410139,318.819888,136,8.944852941
29/3/2021,JUNCTION,CHICKEN INN,615.0632014,1280.25,665.1867986,108.1493409,196,6.531887755
29/3/2021,CITY MARKET,CHICKEN INN,351.1628986,550.75,199.5871014,56.83604452,140,3.933928571
29/3/2021,OASIS,CHICKEN INN,210.6733739,474.5,263.8266261,125.2301708,59,8.042372881
29/3/2021,LA PIAZZA,CHICKEN INN,493.8154331,774.25,280.4345669,56.78934842,143,5.414335664
29/3/2021,CARREFOUR,CHICKEN INN,829.6188423,897.25,67.6311577,8.1520759,124,7.235887097
30/3/2021,LA PIAZZA,CHICKEN INN,559.1332155,919,359.8667845,64.3615465,174,5.281609195
30/3/2021,CARREFOUR,CHICKEN INN,1159.727543,1128.5,-31.22754311,-2.692662022,184,6.133152174
30/3/2021,CITY MARKET,CHICKEN INN,585.8323953,449.75,-136.0823953,-23.22889557,118,3.811440678
30/3/2021,JUNCTION,CHICKEN INN,855.7464085,1582.75,727.0035915,84.95549433,260,6.0875
30/3/2021,OASIS,CHICKEN INN,293.1129398,482,188.8870602,64.44173374,62,7.774193548
31/3/2021,OASIS,CHICKEN INN,237.8899402,449.75,211.8600598,89.05801552,63,7.138888889
31/3/2021,LA PIAZZA,CHICKEN INN,609.7842852,809,199.2157148,32.66986698,130,6.223076923
31/3/2021,CARREFOUR,CHICKEN INN,1008.033741,1098.25,90.21625873,8.949726089,150,7.321666667
31/3/2021,CITY MARKET,CHICKEN INN,658.12202,420.5,-237.62202,-36.10607346,117,3.594017094
31/3/2021,JUNCTION,CHICKEN INN,694.5222618,1870.75,1176.227738,169.3578166,220,8.503409091
1/4/2021,OASIS,CHICKEN INN,302.1807895,496,193.8192105,64.14014964,67,7.402985075
1/4/2021,JUNCTION,CHICKEN INN,1819.88,1800,-19.88,-1.092379717,248,7.258064516
1/4/2021,CITY MARKET,CHICKEN INN,924.3852266,615.25,-309.1352266,-33.44225088,158,3.893987342
1/4/2021,LA PIAZZA,CHICKEN INN,1036.081141,874.75,-161.3311408,-15.57128437,145,6.032758621
1/4/2021,CARREFOUR,CHICKEN INN,1448.04055,1276.5,-171.5405496,-11.84639129,173,7.378612717
2/4/2021,LA PIAZZA,CHICKEN INN,1311.748271,862,-449.748271,-34.2861722,169,5.100591716
2/4/2021,CARREFOUR,CHICKEN INN,1901.341304,1275.25,-626.0913037,-32.92892773,165,7.728787879
2/4/2021,CITY MARKET,CHICKEN INN,1077.574359,503.25,-574.3243587,-53.29788651,147,3.423469388
2/4/2021,JUNCTION,CHICKEN INN,2321.352,2360.25,38.898,1.675661425,284,8.310739437
2/4/2021,OASIS,CHICKEN INN,267.6067338,648,380.3932662,142.1463731,75,8.64
3/4/2021,OASIS,CHICKEN INN,302.6477888,961.75,659.1022112,217.778631,118,8.150423729
3/4/2021,CITY MARKET,CHICKEN INN,819.7001035,630.25,-189.4501035,-23.1121239,156,4.040064103
3/4/2021,JUNCTION,CHICKEN INN,3095.456,2841.75,-253.706,-8.196078381,309,9.196601942
3/4/2021,LA PIAZZA,CHICKEN INN,1005.076392,1190.5,185.4236082,18.44870795,193,6.168393782
3/4/2021,CARREFOUR,CHICKEN INN,1899.119863,1628,-271.1198635,-14.2760796,212,7.679245283
4/4/2021,LA PIAZZA,CHICKEN INN,916.663148,2415.25,1498.586852,163.4828296,313,7.716453674
4/4/2021,CARREFOUR,CHICKEN INN,1737.335542,3439.75,1702.414458,97.98996316,313,10.98961661
4/4/2021,CITY MARKET,CHICKEN INN,582.2245931,906,323.7754069,55.61005335,166,5.457831325
4/4/2021,JUNCTION,CHICKEN INN,3556.12,4762.25,1206.13,33.91702192,498,9.562751004
4/4/2021,OASIS,CHICKEN INN,448.5287252,1584.75,1136.221275,253.3218523,193,8.211139896
5/4/2021,JUNCTION,CHICKEN INN,1906.184,1396,-510.184,-26.76467749,174,8.022988506
5/4/2021,CITY MARKET,CHICKEN INN,1062.808432,503.25,-559.5584324,-52.6490396,158,3.185126582
5/4/2021,OASIS,CHICKEN INN,503.9406142,512,8.059385807,1.599272926,71,7.211267606
5/4/2021,LA PIAZZA,CHICKEN INN,1300.187962,903.75,-396.437962,-30.49081929,149,6.065436242
5/4/2021,CARREFOUR,CHICKEN INN,1770.297485,1138,-632.2974845,-35.71701875,158,7.202531646
6/4/2021,OASIS,CHICKEN INN,670.1923845,575.5,-94.69238453,-14.12913467,74,7.777027027
6/4/2021,JUNCTION,CHICKEN INN,1703.168,1566.5,-136.668,-8.024340523,221,7.088235294
6/4/2021,LA PIAZZA,CHICKEN INN,1030.231624,858.75,-171.4816244,-16.64495831,173,4.963872832
6/4/2021,CARREFOUR,CHICKEN INN,1985.607938,1237.25,-748.3579379,-37.68910889,193,6.410621762
6/4/2021,CITY MARKET,CHICKEN INN,827.0536525,634.5,-192.5536525,-23.28188164,168,3.776785714
7/4/2021,JUNCTION,CHICKEN INN,1502.544,1342.5,-160.044,-10.651535,204,6.580882353
7/4/2021,CITY MARKET,CHICKEN INN,935.6361566,416.5,-519.1361566,-55.48483274,119,3.5
7/4/2021,OASIS,CHICKEN INN,371.3289008,391.5,20.17109917,5.432138226,60,6.525
7/4/2021,LA PIAZZA,CHICKEN INN,930.2580715,665.75,-264.5080715,-28.43383783,135,4.931481481
7/4/2021,CARREFOUR,CHICKEN INN,1748.52737,1062.75,-685.7773699,-39.22028226,142,7.48415493
8/4/2021,LA PIAZZA,CHICKEN INN,1045.861162,942.5,-103.3611623,-9.882876044,149,6.325503356
8/4/2021,CARREFOUR,CHICKEN INN,1461.051843,1227.25,-233.8018426,-16.00229614,161,7.622670807
8/4/2021,JUNCTION,CHICKEN INN,2383.8,1467.25,-916.55,-38.44911486,221,6.639140271
8/4/2021,OASIS,CHICKEN INN,837.8451529,388.25,-449.5951529,-53.66088845,55,7.059090909
8/4/2021,CITY MARKET,CHICKEN INN,784.2412904,615.5,-168.7412904,-21.51650168,165,3.73030303
9/4/2021,LA PIAZZA,CHICKEN INN,1119.315366,768.25,-351.0653661,-31.36429435,126,6.097222222
9/4/2021,CARREFOUR,CHICKEN INN,1727.984337,1318.25,-409.7343365,-23.71169274,192,6.865885417
9/4/2021,CITY MARKET,CHICKEN INN,788.991683,453.25,-335.741683,-42.5532601,122,3.715163934
9/4/2021,JUNCTION,CHICKEN INN,2094.544,1500.25,-594.294,-28.37343116,208,7.212740385
9/4/2021,OASIS,CHICKEN INN,733.6559865,613,-120.6559865,-16.4458532,78,7.858974359
10/4/2021,JUNCTION,CHICKEN INN,2690.664,2787,96.336,3.580380159,332,8.394578313
10/4/2021,OASIS,CHICKEN INN,788.6008761,821.5,32.89912387,4.171834557,90,9.127777778
10/4/2021,CARREFOUR,CHICKEN INN,1464.838869,1592.25,127.4111306,8.697962166,194,8.207474227
10/4/2021,LA PIAZZA,CHICKEN INN,1527.324915,1141.25,-386.0749147,-25.2778509,163,7.001533742
10/4/2021,CITY MARKET,CHICKEN INN,843.9226938,742,-101.9226938,-12.07725477,177,4.192090395
11/4/2021,LA PIAZZA,CHICKEN INN,1425.987245,1707.5,281.5127546,19.74160397,213,8.016431925
11/4/2021,CARREFOUR,CHICKEN INN,2216.468473,2817.25,600.7815268,27.10534953,293,9.615187713
11/4/2021,CITY MARKET,CHICKEN INN,739.6787836,644.75,-94.92878364,-12.83378485,153,4.214052288
11/4/2021,JUNCTION,CHICKEN INN,3745.088,3935.75,190.662,5.090988516,433,9.089491917
11/4/2021,OASIS,CHICKEN INN,1011.681637,1153.5,141.8183631,14.01808216,119,9.693277311
12/4/2021,OASIS,CHICKEN INN,795.2193842,738.25,-56.96938423,-7.163983343,82,9.00304878
12/4/2021,JUNCTION,CHICKEN INN,2050.088,1700.5,-349.588,-17.05234117,201,8.460199005
12/4/2021,CITY MARKET,CHICKEN INN,934.3272248,543.5,-390.8272248,-41.82980164,134,4.055970149
12/4/2021,CARREFOUR,CHICKEN INN,1300.515759,1038.25,-262.2657592,-20.16628844,141,7.363475177
12/4/2021,LA PIAZZA,CHICKEN INN,1018.671315,918.5,-100.1713153,-9.833526654,174,5.278735632
13/4/2021,LA PIAZZA,CHICKEN INN,935.7145374,711.75,-223.9645374,-23.93513496,149,4.776845638
13/4/2021,CARREFOUR,CHICKEN INN,1254.457898,1040.75,-213.7078977,-17.03587646,164,6.346036585
13/4/2021,CITY MARKET,CHICKEN INN,847.8200748,489.25,-358.5700748,-42.29318053,135,3.624074074
13/4/2021,JUNCTION,CHICKEN INN,1908.896,1477.75,-431.146,-22.58614403,208,7.104567308
13/4/2021,OASIS,CHICKEN INN,1117.287905,561.5,-555.7879048,-49.74437676,74,7.587837838
14/4/2021,JUNCTION,CHICKEN INN,1796.848,1735.5,-61.348,-3.414200867,219,7.924657534
14/4/2021,CITY MARKET,CHICKEN INN,798.9483883,404.75,-394.1983883,-49.33965624,115,3.519565217
14/4/2021,OASIS,CHICKEN INN,833.5938485,720.75,-112.8438485,-13.53702989,89,8.098314607
14/4/2021,LA PIAZZA,CHICKEN INN,1009.145621,828.5,-180.6456206,-17.9008477,166,4.990963855
14/4/2021,CARREFOUR,CHICKEN INN,1094.535355,1147.25,52.71464505,4.816166496,141,8.136524823
15/4/2021,LA PIAZZA,CHICKEN INN,701.7801229,856.75,154.9698771,22.08239762,136,6.299632353
15/4/2021,CARREFOUR,CHICKEN INN,1404.415694,967.25,-437.1656941,-31.12794139,135,7.164814815
15/4/2021,CITY MARKET,CHICKEN INN,750.9297136,444.25,-306.6797136,-40.84000247,119,3.733193277
15/4/2021,JUNCTION,CHICKEN INN,1917.168,1588.5,-328.668,-17.14341153,192,8.2734375
15/4/2021,OASIS,CHICKEN INN,811.805913,575,-236.805913,-29.17026216,53,10.8490566
16/4/2021,JUNCTION,CHICKEN INN,2584.488,1619.5,-964.988,-37.33768545,212,7.639150943
16/4/2021,CITY MARKET,CHICKEN INN,859.9387235,435,-424.9387235,-49.41500038,119,3.655462185
16/4/2021,OASIS,CHICKEN INN,969.0397648,603,-366.0397648,-37.77345142,75,8.04
16/4/2021,LA PIAZZA,CHICKEN INN,1415.120555,945.75,-469.3705548,-33.16823809,173,5.466763006
16/4/2021,CARREFOUR,CHICKEN INN,1618.47791,1157.75,-460.7279096,-28.46674069,161,7.190993789
17/4/2021,LA PIAZZA,CHICKEN INN,904.432341,1119.5,215.067659,23.77929771,174,6.433908046
17/4/2021,CARREFOUR,CHICKEN INN,1724.87432,1211,-513.8743202,-29.79198624,165,7.339393939
17/4/2021,CITY MARKET,CHICKEN INN,1006.141984,701,-305.1419841,-30.32792478,181,3.872928177
17/4/2021,JUNCTION,CHICKEN INN,3228.168,2948,-280.168,-8.678854384,322,9.155279503
17/4/2021,OASIS,CHICKEN INN,1212.02436,1092.75,-119.2743602,-9.840921032,120,9.10625
18/4/2021,LA PIAZZA,CHICKEN INN,1168.955333,1685.75,516.7946667,44.20995841,191,8.82591623
18/4/2021,CARREFOUR,CHICKEN INN,2178.513579,2515.25,336.7364205,15.45716417,261,9.63697318
18/4/2021,CITY MARKET,CHICKEN INN,665.2755752,585.5,-79.77557518,-11.99135789,107,5.471962617
18/4/2021,JUNCTION,CHICKEN INN,4461.576,3748.25,-713.326,-15.98820686,417,8.988609113
18/4/2021,OASIS,CHICKEN INN,1179.817508,1167.25,-12.56750811,-1.065207799,138,8.458333333
19/4/2021,OASIS,CHICKEN INN,1033.936572,491.75,-542.1865717,-52.43905541,76,6.470394737
19/4/2021,JUNCTION,CHICKEN INN,1814.064,1691.25,-122.814,-6.770102929,223,7.584080717
19/4/2021,CITY MARKET,CHICKEN INN,951.1962662,556.25,-394.9462662,-41.52100678,127,4.37992126
19/4/2021,LA PIAZZA,CHICKEN INN,1127.476944,882.25,-245.2269444,-21.75006288,157,5.619426752
19/4/2021,CARREFOUR,CHICKEN INN,1936.44006,1097.25,-839.19006,-43.3367434,143,7.673076923
20/4/2021,LA PIAZZA,CHICKEN INN,1080.542089,830.25,-250.2920895,-23.16356687,164,5.0625
20/4/2021,CARREFOUR,CHICKEN INN,1531.989835,1220.5,-311.4898352,-20.33236958,182,6.706043956
20/4/2021,CITY MARKET,CHICKEN INN,862.1006669,468.75,-393.3506669,-45.62699949,122,3.842213115
20/4/2021,JUNCTION,CHICKEN INN,2359.872,1569.5,-790.372,-33.49215551,214,7.33411215
20/4/2021,OASIS,CHICKEN INN,533.7802626,383,-150.7802626,-28.24762794,53,7.226415094
21/4/2021,LA PIAZZA,CHICKEN INN,834.376868,788.5,-45.87686799,-5.498338911,139,5.672661871
21/4/2021,CARREFOUR,CHICKEN INN,1489.04199,1120.5,-368.54199,-24.75027517,170,6.591176471
21/4/2021,CITY MARKET,CHICKEN INN,827.4948654,412.75,-414.7448654,-50.12053642,113,3.652654867
21/4/2021,JUNCTION,CHICKEN INN,2019.872,1471,-548.872,-27.17360308,212,6.938679245
21/4/2021,OASIS,CHICKEN INN,719.9197641,448,-271.9197641,-37.77084304,65,6.892307692
22/4/2021,OASIS,CHICKEN INN,827.9093391,393,-434.9093391,-52.53103432,57,6.894736842
22/4/2021,JUNCTION,CHICKEN INN,1392.28,1694.5,302.22,21.70684058,221,7.667420814
22/4/2021,LA PIAZZA,CHICKEN INN,921.4259953,681,-240.4259953,-26.09281663,111,6.135135135
22/4/2021,CARREFOUR,CHICKEN INN,1834.401904,910,-924.4019037,-50.39255039,142,6.408450704
22/4/2021,CITY MARKET,CHICKEN INN,771.6961358,494.25,-277.4461358,-35.95276987,131,3.772900763
23/4/2021,LA PIAZZA,CHICKEN INN,844.5730606,702.75,-141.8230606,-16.79227852,135,5.205555556
23/4/2021,CARREFOUR,CHICKEN INN,1401.305678,1118.5,-282.8056777,-20.18158366,144,7.767361111
23/4/2021,CITY MARKET,CHICKEN INN,730.1632913,405,-325.1632913,-44.53295518,128,3.1640625
23/4/2021,JUNCTION,CHICKEN INN,1925.384,1969.25,43.866,2.278298771,248,7.940524194
23/4/2021,OASIS,CHICKEN INN,808.9556066,399.75,-409.2056066,-50.58443297,48,8.328125
24/4/2021,OASIS,CHICKEN INN,1044.822488,1057,12.1775123,1.165510165,111,9.522522523
24/4/2021,JUNCTION,CHICKEN INN,2622.664,3378,755.336,28.80033432,354,9.542372881
24/4/2021,LA PIAZZA,CHICKEN INN,811.9498684,1447.5,635.5501316,78.27455319,199,7.273869347
24/4/2021,CARREFOUR,CHICKEN INN,1673.844664,1682.5,8.655336282,0.517093161,191,8.808900524
24/4/2021,CITY MARKET,CHICKEN INN,732.7664476,556.5,-176.2664476,-24.05492885,151,3.685430464
25/4/2021,LA PIAZZA,CHICKEN INN,1095.501129,1475,379.4988706,34.6415773,209,7.057416268
25/4/2021,CARREFOUR,CHICKEN INN,2353.986204,2388.75,34.76379591,1.476805423,268,8.913246269
25/4/2021,CITY MARKET,CHICKEN INN,515.1749336,409.5,-105.6749336,-20.51243699,102,4.014705882
25/4/2021,JUNCTION,CHICKEN INN,3478.144,4156,677.856,19.48901483,458,9.074235808
25/4/2021,OASIS,CHICKEN INN,1152.345063,1311.75,159.4049367,13.83309061,145,9.046551724
26/4/2021,OASIS,CHICKEN INN,718.5026626,707.25,-11.25266262,-1.566126781,77,9.185064935
26/4/2021,JUNCTION,CHICKEN INN,1460.592,1666.25,205.658,14.08045505,195,8.544871795
26/4/2021,CARREFOUR,CHICKEN INN,1356.517211,1124.75,-231.7672106,-17.08546038,158,7.118670886
26/4/2021,LA PIAZZA,CHICKEN INN,877.912992,764.5,-113.412992,-12.91847746,154,4.964285714
26/4/2021,CITY MARKET,CHICKEN INN,1063.676151,474,-589.6761512,-55.43756439,126,3.761904762
27/4/2021,OASIS,CHICKEN INN,721.3368656,555.25,-166.0868656,-23.02486862,68,8.165441176
27/4/2021,LA PIAZZA,CHICKEN INN,1080.542089,868,-212.5420895,-19.66995007,166,5.228915663
27/4/2021,CARREFOUR,CHICKEN INN,1531.989835,1185.5,-346.4898352,-22.61698004,176,6.735795455
27/4/2021,CITY MARKET,CHICKEN INN,862.1006669,492.5,-369.6006669,-42.8721008,122,4.036885246
27/4/2021,JUNCTION,CHICKEN INN,1397.96,1762.25,364.29,26.05868551,202,8.724009901
28/4/2021,OASIS,CHICKEN INN,802.3370985,525,-277.3370985,-34.56615667,58,9.051724138
28/4/2021,JUNCTION,CHICKEN INN,1365.72,1929.25,563.53,41.26248426,180,10.71805556
28/4/2021,CITY MARKET,CHICKEN INN,946.0193677,479.25,-466.7693677,-49.34036063,123,3.896341463
28/4/2021,CARREFOUR,CHICKEN INN,1736.087304,838.75,-897.3373044,-51.6873375,146,5.744863014
28/4/2021,LA PIAZZA,CHICKEN INN,830.9781371,734,-96.97813713,-11.67035964,133,5.518796992
29/4/2021,LA PIAZZA,CHICKEN INN,1339.631737,643.25,-696.3817365,-51.98307248,130,4.948076923
29/4/2021,CARREFOUR,CHICKEN INN,1571.806507,1185.75,-386.0565074,-24.56132517,162,7.319444444
29/4/2021,CITY MARKET,CHICKEN INN,807.154949,571.5,-235.654949,-29.19575099,145,3.94137931
29/4/2021,JUNCTION,CHICKEN INN,1557.336,1783.5,226.164,14.52249226,232,7.6875
29/4/2021,OASIS,CHICKEN INN,934.9488119,504.75,-430.1988119,-46.01308718,62,8.141129032
30/4/2021,OASIS,CHICKEN INN,929.2643025,596.75,-332.5143025,-35.78253266,73,8.174657534
30/4/2021,JUNCTION,CHICKEN INN,2113.008,2387.75,274.742,13.00241173,292,8.177226027
30/4/2021,CARREFOUR,CHICKEN INN,1495.89672,1324.5,-171.39672,-11.45779101,177,7.483050847
30/4/2021,LA PIAZZA,CHICKEN INN,1014.578966,1324.75,310.1710341,30.57140395,214,6.190420561
30/4/2021,CITY MARKET,CHICKEN INN,937.7980999,512.5,-425.2980999,-45.35071035,132,3.882575758
1/5/2021,LA PIAZZA,CHICKEN INN,1046.913425,1186.25,139.3365752,13.3092739,210,5.648809524
1/5/2021,CARREFOUR,CHICKEN INN,1816.299536,1512.5,-303.7995364,-16.72629048,181,8.356353591
1/5/2021,CITY MARKET,CHICKEN INN,1435.543957,678,-757.5439575,-52.77051626,158,4.291139241
1/5/2021,JUNCTION,CHICKEN INN,1566.994499,3092.75,1525.755501,97.36827421,335,9.232089552
1/5/2021,OASIS,CHICKEN INN,773.7450866,1017,243.2549134,31.43863757,93,10.93548387
2/5/2021,JUNCTION,CHICKEN INN,1268.434399,3641.5,2373.065601,187.0861908,378,9.633597884
2/5/2021,CITY MARKET,CHICKEN INN,673.79772,465.75,-208.04772,-30.87688098,122,3.817622951
2/5/2021,OASIS,CHICKEN INN,838.4070358,1390.5,552.0929642,65.85023034,141,9.861702128
2/5/2021,LA PIAZZA,CHICKEN INN,991.8251994,1397.5,405.6748006,40.90184448,207,6.751207729
2/5/2021,CARREFOUR,CHICKEN INN,2238.690489,2647.25,408.5595111,18.24993286,294,9.004251701
3/5/2021,LA PIAZZA,CHICKEN INN,1021.11231,766,-255.1123102,-24.983766,133,5.759398496
3/5/2021,CARREFOUR,CHICKEN INN,1368.160347,1017.25,-350.9103471,-25.64833485,128,7.947265625
3/5/2021,CITY MARKET,CHICKEN INN,1035.028326,573.75,-461.2783257,-44.56673448,152,3.774671053
3/5/2021,JUNCTION,CHICKEN INN,1340.782777,1610,269.2172229,20.07910808,194,8.298969072
3/5/2021,OASIS,CHICKEN INN,964.3033157,449.5,-514.8033157,-53.38603605,75,5.993333333
4/5/2021,JUNCTION,CHICKEN INN,1876.382247,1761,-115.3822474,-6.149186691,234,7.525641026
4/5/2021,CITY MARKET,CHICKEN INN,771.1537381,549.5,-221.6537381,-28.74313216,137,4.010948905
4/5/2021,OASIS,CHICKEN INN,712.0624175,551.75,-160.3124175,-22.5138153,74,7.456081081
4/5/2021,LA PIAZZA,CHICKEN INN,1235.939789,984,-251.9397892,-20.3844711,176,5.590909091
4/5/2021,CARREFOUR,CHICKEN INN,1651.552312,851.25,-800.3023122,-48.45758177,133,6.40037594
5/5/2021,LA PIAZZA,CHICKEN INN,973.6837907,860,-113.6837907,-11.67563759,150,5.733333333
5/5/2021,CARREFOUR,CHICKEN INN,2086.137371,1332.5,-753.6373715,-36.1259705,167,7.979041916
5/5/2021,CITY MARKET,CHICKEN INN,790.7962512,465.75,-325.0462512,-41.10366617,142,3.279929577
5/5/2021,JUNCTION,CHICKEN INN,1181.567129,1792.75,611.1828707,51.72646188,222,8.07545045
5/5/2021,OASIS,CHICKEN INN,594.2362265,519.5,-74.73622648,-12.57685465,64,8.1171875
6/5/2021,LA PIAZZA,CHICKEN INN,773.5117242,728.75,-44.76172423,-5.786819104,135,5.398148148
6/5/2021,CARREFOUR,CHICKEN INN,1497.662223,1132.25,-365.4122228,-24.39884089,145,7.80862069
6/5/2021,CITY MARKET,CHICKEN INN,907.3592498,426.25,-481.1092498,-53.02301706,133,3.204887218
6/5/2021,JUNCTION,CHICKEN INN,2140.55226,2074.5,-66.05225958,-3.085757859,274,7.571167883
6/5/2021,OASIS,CHICKEN INN,627.8471345,569.25,-58.59713454,-9.333025718,86,6.619186047
7/5/2021,OASIS,CHICKEN INN,897.5298379,579.75,-317.7798379,-35.40604718,70,8.282142857
7/5/2021,JUNCTION,CHICKEN INN,1697.233883,1863.25,166.0161166,9.781569781,230,8.101086957
7/5/2021,CITY MARKET,CHICKEN INN,668.672955,535.25,-133.422955,-19.95339486,125,4.282
7/5/2021,LA PIAZZA,CHICKEN INN,691.1995287,755.5,64.30047133,9.302736571,149,5.070469799
7/5/2021,CARREFOUR,CHICKEN INN,1841.379287,1237.25,-604.1292874,-32.80851976,150,8.248333333
8/5/2021,LA PIAZZA,CHICKEN INN,912.3350008,1264,351.6649992,38.54559991,187,6.759358289
8/5/2021,CARREFOUR,CHICKEN INN,1823.537626,2010.75,187.2123737,10.26643876,189,10.63888889
8/5/2021,CITY MARKET,CHICKEN INN,664.6805743,546.25,-118.4305743,-17.81766745,141,3.874113475
8/5/2021,JUNCTION,CHICKEN INN,2264.639571,4068.25,1803.610429,79.64227299,389,10.45822622
8/5/2021,OASIS,CHICKEN INN,519.869923,805,285.130077,54.84642684,106,7.594339623
9/5/2021,OASIS,CHICKEN INN,823.1924595,1557,733.8075405,89.14167423,165,9.436363636
9/5/2021,CITY MARKET,CHICKEN INN,502.6334712,522.5,19.86652884,3.95248824,111,4.707207207
9/5/2021,JUNCTION,CHICKEN INN,1646.171678,4799,3152.828322,191.5248795,505,9.502970297
9/5/2021,LA PIAZZA,CHICKEN INN,1192.756122,1605,412.2438778,34.56229401,234,6.858974359
9/5/2021,CARREFOUR,CHICKEN INN,2382.991262,3049.25,666.2587382,27.95892494,325,9.382307692
10/5/2021,LA PIAZZA,CHICKEN INN,1203.664682,1214,10.33531833,0.858654282,187,6.49197861
10/5/2021,CARREFOUR,CHICKEN INN,1297.715753,1120.75,-176.9657525,-13.63671144,135,8.301851852
10/5/2021,CITY MARKET,CHICKEN INN,789.4461006,495.25,-294.1961006,-37.26614146,150,3.301666667
10/5/2021,JUNCTION,CHICKEN INN,2580.85612,1669.5,-911.3561201,-35.31216301,217,7.693548387
10/5/2021,OASIS,CHICKEN INN,599.9923114,505.25,-94.74231142,-15.79058758,67,7.541044776
11/5/2021,JUNCTION,CHICKEN INN,2149.349724,1994.5,-154.8497239,-7.204491766,259,7.700772201
11/5/2021,CITY MARKET,CHICKEN INN,657.8862682,462.5,-195.3862682,-29.69909507,124,3.72983871
11/5/2021,OASIS,CHICKEN INN,887.9267213,674,-213.9267213,-24.09283516,72,9.361111111
11/5/2021,LA PIAZZA,CHICKEN INN,884.32846,1180,295.67154,33.4345838,175,6.742857143
11/5/2021,CARREFOUR,CHICKEN INN,1367.929835,1419.75,51.82016535,3.788218082,180,7.8875
12/5/2021,OASIS,CHICKEN INN,512.2770974,547,34.7229026,6.77814854,62,8.822580645
12/5/2021,JUNCTION,CHICKEN INN,1966.87924,1316,-650.8792404,-33.09197774,196,6.714285714
12/5/2021,LA PIAZZA,CHICKEN INN,732.0117697,1096.25,364.2382303,49.75852102,186,5.893817204
12/5/2021,CARREFOUR,CHICKEN INN,1380.054788,1268.5,-111.5547878,-8.083359353,168,7.550595238
12/5/2021,CITY MARKET,CHICKEN INN,851.698204,385.75,-465.948204,-54.70813509,110,3.506818182
13/5/2021,JUNCTION,CHICKEN INN,1747.434799,1754.25,6.815201437,0.390011773,277,6.333032491
13/5/2021,CITY MARKET,CHICKEN INN,912.0630002,619.75,-292.3130002,-32.04965009,147,4.215986395
13/5/2021,OASIS,CHICKEN INN,744.4440109,512,-232.4440109,-31.22384055,63,8.126984127
13/5/2021,LA PIAZZA,CHICKEN INN,1032.186869,860.25,-171.9368695,-16.6575331,149,5.773489933
13/5/2021,CARREFOUR,CHICKEN INN,1289.071537,1366.25,77.17846312,5.987135772,170,8.036764706
14/5/2021,LA PIAZZA,CHICKEN INN,1130.601047,845.5,-285.1010474,-25.21676838,151,5.599337748
14/5/2021,CARREFOUR,CHICKEN INN,2089.525904,1342.75,-746.775904,-35.73901154,170,7.898529412
14/5/2021,JUNCTION,CHICKEN INN,2954.656072,2165.5,-789.1560721,-26.70889785,263,8.233840304
14/5/2021,OASIS,CHICKEN INN,843.0784313,409,-434.0784313,-51.48731307,63,6.492063492
14/5/2021,CITY MARKET,CHICKEN INN,964.15268,380.88,-583.27268,-60.49588329,120,3.174
15/5/2021,LA PIAZZA,CHICKEN INN,1079.496818,1311.5,232.0031823,21.49178937,196,6.691326531
15/5/2021,CARREFOUR,CHICKEN INN,1486.805088,1652.25,165.444912,11.12754546,194,8.516752577
15/5/2021,CITY MARKET,CHICKEN INN,720.5448686,754.75,34.2051314,4.747120254,180,4.193055556
15/5/2021,JUNCTION,CHICKEN INN,1426.296591,2894,1467.703409,102.9031001,357,8.106442577
15/5/2021,OASIS,CHICKEN INN,793.1537951,834.25,41.09620491,5.181366485,101,8.25990099
16/5/2021,JUNCTION,CHICKEN INN,2051.22416,4246.25,2195.02584,107.0105297,506,8.391798419
16/5/2021,OASIS,CHICKEN INN,792.7777694,1534.75,741.9722306,93.59145263,177,8.670903955
16/5/2021,CITY MARKET,CHICKEN INN,489.7852642,454.25,-35.53526418,-7.255274256,112,4.055803571
16/5/2021,LA PIAZZA,CHICKEN INN,934.2232625,2056.75,1122.526738,120.1561535,263,7.820342205
16/5/2021,CARREFOUR,CHICKEN INN,2792.243006,3365.5,573.2569936,20.53034038,326,10.32361963
17/5/2021,LA PIAZZA,CHICKEN INN,1100.223081,1191,90.77691932,8.250773949,188,6.335106383
17/5/2021,CARREFOUR,CHICKEN INN,1169.550849,1749.5,579.9491512,49.5873396,215,8.137209302
17/5/2021,CITY MARKET,CHICKEN INN,817.9589577,551.75,-266.2089577,-32.54551529,133,4.148496241
17/5/2021,JUNCTION,CHICKEN INN,1845.621883,2894.5,1048.878117,56.83060691,311,9.307073955
17/5/2021,OASIS,CHICKEN INN,704.4840544,625,-79.48405442,-11.28259099,81,7.716049383
18/5/2021,OASIS,CHICKEN INN,618.0849302,536.25,-81.83493017,-13.24007854,65,8.25
18/5/2021,JUNCTION,CHICKEN INN,2308.626892,1460.75,-847.8768924,-36.72645828,244,5.986680328
18/5/2021,CITY MARKET,CHICKEN INN,752.6290917,517,-235.6290917,-31.30746529,131,3.946564885
18/5/2021,CARREFOUR,CHICKEN INN,1556.558145,1170.75,-385.8081453,-24.78597709,161,7.27173913
18/5/2021,LA PIAZZA,CHICKEN INN,1221.900947,928.75,-293.1509474,-23.99138392,174,5.337643678
19/5/2021,LA PIAZZA,CHICKEN INN,1335.492252,878,-457.4922516,-34.25645121,138,6.362318841
19/5/2021,CARREFOUR,CHICKEN INN,1755.536463,1260,-495.5364634,-28.22706755,163,7.73006135
19/5/2021,CITY MARKET,CHICKEN INN,727.8037426,632,-95.8037426,-13.1634034,148,4.27027027
19/5/2021,JUNCTION,CHICKEN INN,2121.788437,1558.25,-563.5384371,-26.55959601,236,6.602754237
19/5/2021,OASIS,CHICKEN INN,500.475677,331,-169.475677,-33.86291978,39,8.487179487
20/5/2021,JUNCTION,CHICKEN INN,1006.971299,1910.25,903.2787008,89.70252692,260,7.347115385
20/5/2021,CITY MARKET,CHICKEN INN,620.0675347,377.25,-242.8175347,-39.15985294,107,3.525700935
20/5/2021,OASIS,CHICKEN INN,637.1176131,578.75,-58.36761305,-9.161199103,74,7.820945946
20/5/2021,LA PIAZZA,CHICKEN INN,904.2721524,704.75,-199.5221524,-22.064392,121,5.824380165
20/5/2021,CARREFOUR,CHICKEN INN,1513.498426,1068,-445.4984258,-29.43501085,143,7.468531469
21/5/2021,LA PIAZZA,CHICKEN INN,875.5541839,784.5,-91.0541839,-10.39960582,146,5.373287671
21/5/2021,CARREFOUR,CHICKEN INN,1520.759567,1610.5,89.74043305,5.901027027,197,8.175126904
21/5/2021,CITY MARKET,CHICKEN INN,814.5182514,633.25,-181.2682514,-22.25465802,146,4.337328767
21/5/2021,JUNCTION,CHICKEN INN,1939.502516,1968.25,28.74748417,1.482209172,250,7.873
21/5/2021,OASIS,CHICKEN INN,616.5663651,459.5,-157.0663651,-25.4743648,67,6.858208955
22/5/2021,JUNCTION,CHICKEN INN,2693.931221,3295,601.0687792,22.31195714,364,9.052197802
22/5/2021,CITY MARKET,CHICKEN INN,899.3309352,623.75,-275.5809352,-30.64288399,156,3.998397436
22/5/2021,OASIS,CHICKEN INN,793.9203089,784.75,-9.17030891,-1.155066674,96,8.174479167
22/5/2021,LA PIAZZA,CHICKEN INN,1337.365678,1429.75,92.38432191,6.907932768,207,6.907004831
22/5/2021,CARREFOUR,CHICKEN INN,1683.962358,1728.5,44.537642,2.644812207,201,8.599502488
23/5/2021,LA PIAZZA,CHICKEN INN,1499.002072,1694.75,195.7479275,13.05854949,213,7.95657277
23/5/2021,CARREFOUR,CHICKEN INN,1769.482465,2801.25,1031.767535,58.30900029,312,8.978365385
23/5/2021,CITY MARKET,CHICKEN INN,633.0464014,436.25,-196.7964014,-31.08720008,105,4.154761905
23/5/2021,JUNCTION,CHICKEN INN,2669.692053,3863.25,1193.557947,44.70770122,414,9.331521739
23/5/2021,OASIS,CHICKEN INN,1019.231986,1439.75,420.5180144,41.25832198,163,8.832822086
24/5/2021,LA PIAZZA,CHICKEN INN,898.0115879,915,16.98841213,1.891780948,168,5.446428571
24/5/2021,CARREFOUR,CHICKEN INN,1478.921563,1176.75,-302.1715633,-20.43188569,146,8.059931507
24/5/2021,CITY MARKET,CHICKEN INN,911.9468582,557.75,-354.1968582,-38.83963797,139,4.012589928
24/5/2021,JUNCTION,CHICKEN INN,3095.477022,1638.75,-1456.727022,-47.05985577,229,7.156113537
24/5/2021,OASIS,CHICKEN INN,698.3808689,522.75,-175.6308689,-25.14829325,63,8.297619048
25/5/2021,OASIS,CHICKEN INN,728.8389465,450,-278.8389465,-38.25796465,58,7.75862069
25/5/2021,JUNCTION,CHICKEN INN,2405.768124,1639.5,-766.2681241,-31.8512876,231,7.097402597
25/5/2021,CARREFOUR,CHICKEN INN,1619.050061,1260.5,-358.5500614,-22.14570568,169,7.458579882
25/5/2021,CITY MARKET,CHICKEN INN,917.6813687,563.25,-354.4313687,-38.62248715,145,3.884482759
25/5/2021,LA PIAZZA,CHICKEN INN,1368.573644,760,-608.5736439,-44.46773081,153,4.967320261
26/5/2021,LA PIAZZA,CHICKEN INN,848.0930711,926.5,78.40692888,9.245085422,152,6.095394737
26/5/2021,CARREFOUR,CHICKEN INN,1679.098546,1219.75,-459.348546,-27.35685449,154,7.920454545
26/5/2021,CITY MARKET,CHICKEN INN,782.8114898,483,-299.8114898,-38.29932157,129,3.744186047
26/5/2021,JUNCTION,CHICKEN INN,3919.547192,1906.5,-2013.047192,-51.35917731,252,7.56547619
26/5/2021,OASIS,CHICKEN INN,754.7124037,505,-249.7124037,-33.08709417,70,7.214285714
27/5/2021,OASIS,CHICKEN INN,637.1176131,538.75,-98.36761305,-15.43947476,72,7.482638889
27/5/2021,JUNCTION,CHICKEN INN,2770.032363,1581.25,-1188.782363,-42.91582939,253,6.25
27/5/2021,CITY MARKET,CHICKEN INN,857.6940339,528,-329.6940339,-38.43958578,148,3.567567568
27/5/2021,CARREFOUR,CHICKEN INN,1577.788339,1234,-343.7883388,-21.78925591,161,7.664596273
27/5/2021,LA PIAZZA,CHICKEN INN,956.0640957,719.54,-236.5240957,-24.73935553,139,5.176546763
28/5/2021,LA PIAZZA,CHICKEN INN,1039.680576,958.25,-81.43057556,-7.832268629,165,5.807575758
28/5/2021,CARREFOUR,CHICKEN INN,1293.912298,1119,-174.9122976,-13.51809531,155,7.219354839
28/5/2021,CITY MARKET,CHICKEN INN,966.9546054,374,-592.9546054,-61.32186579,109,3.431192661
28/5/2021,JUNCTION,CHICKEN INN,1576.899337,2028,451.1006634,28.6068142,277,7.321299639
28/5/2021,OASIS,CHICKEN INN,805.3312411,471.25,-334.0812411,-41.48370559,69,6.829710145
29/5/2021,JUNCTION,CHICKEN INN,2752.252872,2956.75,204.4971278,7.430172199,324,9.125771605
29/5/2021,CITY MARKET,CHICKEN INN,641.4521775,688,46.54782249,7.256631768,172,4
29/5/2021,OASIS,CHICKEN INN,583.8232085,783.25,199.4267915,34.15876392,99,7.911616162
29/5/2021,LA PIAZZA,CHICKEN INN,1166.362151,1145.75,-20.6121511,-1.767217076,197,5.815989848
29/5/2021,CARREFOUR,CHICKEN INN,1682.14131,1783.75,101.6086901,6.040437239,228,7.823464912
30/5/2021,LA PIAZZA,CHICKEN INN,1025.950019,1702.5,676.5499808,65.94375634,221,7.70361991
30/5/2021,CARREFOUR,CHICKEN INN,2498.639341,3037.75,539.1106588,21.57616947,311,9.767684887
30/5/2021,CITY MARKET,CHICKEN INN,995.6126399,470.5,-525.1126399,-52.74266505,161,2.922360248
30/5/2021,JUNCTION,CHICKEN INN,2645.391365,4174.75,1529.358635,57.8121882,462,9.036255411
30/5/2021,OASIS,CHICKEN INN,688.4885018,1509.75,821.2614982,119.2847079,153,9.867647059
31/5/2021,JUNCTION,CHICKEN INN,3094.738773,1849,-1245.738773,-40.25343864,244,7.577868852
31/5/2021,CITY MARKET,CHICKEN INN,582.2342834,501.5,-80.73428343,-13.86628815,136,3.6875
31/5/2021,OASIS,CHICKEN INN,1136.826776,487,-649.8267762,-57.16145941,62,7.85483871
31/5/2021,LA PIAZZA,CHICKEN INN,1195.69669,1114.5,-81.1966904,-6.790743092,214,5.207943925
31/5/2021,CARREFOUR,CHICKEN INN,2206.487904,1242.5,-963.9879043,-43.68879169,162,7.669753086
1/6/2021,LA PIAZZA,CHICKEN INN,1039.924991,960.75,-79.17499147,-7.613529064,183,5.25
1/6/2021,CARREFOUR,CHICKEN INN,1763.120643,1182,-581.1206431,-32.95977762,176,6.715909091
1/6/2021,CITY MARKET,CHICKEN INN,986.7963708,505.75,-481.0463708,-48.74829145,157,3.22133758
1/6/2021,JUNCTION,CHICKEN INN,2138.460466,2093.75,-44.71046639,-2.090778253,260,8.052884615
1/6/2021,OASIS,CHICKEN INN,504.4331346,588,83.5668654,16.56649012,84,7
2/6/2021,LA PIAZZA,CHICKEN INN,1076.968135,1018.25,-58.71813465,-5.452170102,163,6.246932515
2/6/2021,CARREFOUR,CHICKEN INN,1530.802711,1128,-402.8027114,-26.31316945,163,6.920245399
2/6/2021,CITY MARKET,CHICKEN INN,698.0341312,458,-240.0341312,-34.38716253,137,3.343065693
2/6/2021,JUNCTION,CHICKEN INN,2118.681727,2012,-106.681727,-5.035288013,282,7.134751773
2/6/2021,OASIS,CHICKEN INN,739.7165719,725.75,-13.9665719,-1.888097743,90,8.063888889
3/6/2021,OASIS,CHICKEN INN,725.6944328,804.5,78.80556723,10.85933193,103,7.810679612
3/6/2021,JUNCTION,CHICKEN INN,1919.80019,2271.5,351.6998096,18.31960489,325,6.989230769
3/6/2021,CITY MARKET,CHICKEN INN,822.8556647,492.25,-330.6056647,-40.17784392,144,3.418402778
3/6/2021,CARREFOUR,CHICKEN INN,1548.824232,1339,-209.824232,-13.54732368,181,7.397790055
3/6/2021,LA PIAZZA,CHICKEN INN,944.1756227,1033.75,89.57437732,9.487046178,168,6.15327381
4/6/2021,LA PIAZZA,CHICKEN INN,1008.024708,1260.5,252.4752923,25.04653808,223,5.652466368
4/6/2021,CARREFOUR,CHICKEN INN,2035.679034,1345.25,-690.4290337,-33.9163995,196,6.863520408
4/6/2021,CITY MARKET,CHICKEN INN,881.541858,644.75,-236.791858,-26.86110204,173,3.726878613
4/6/2021,JUNCTION,CHICKEN INN,2272.450905,2511,238.5490951,10.49743669,308,8.152597403
4/6/2021,OASIS,CHICKEN INN,778.3651741,686.5,-91.86517408,-11.80232327,76,9.032894737
5/6/2021,OASIS,CHICKEN INN,877.5337966,1051.25,173.7162034,19.79595591,128,8.212890625
5/6/2021,JUNCTION,CHICKEN INN,2139.554609,3255.75,1116.195391,52.16952097,365,8.919863014
5/6/2021,CITY MARKET,CHICKEN INN,936.7190719,666.5,-270.2190719,-28.84739726,182,3.662087912
5/6/2021,CARREFOUR,CHICKEN INN,2071.699263,1855.5,-216.1992629,-10.43584205,206,9.007281553
5/6/2021,LA PIAZZA,CHICKEN INN,1330.399514,1561,230.6004856,17.33317572,247,6.319838057
6/6/2021,LA PIAZZA,CHICKEN INN,1230.962812,1927.75,696.7871876,56.60505586,246,7.836382114
6/6/2021,CARREFOUR,CHICKEN INN,3011.783902,3215.75,203.9660976,6.772268669,285,11.28333333
6/6/2021,CITY MARKET,CHICKEN INN,829.9033606,480.5,-349.4033606,-42.10169246,114,4.214912281
6/6/2021,JUNCTION,CHICKEN INN,1840.558986,4753,2912.441014,158.2367659,472,10.06991525
6/6/2021,OASIS,CHICKEN INN,1138.132458,1414.5,276.3675419,24.28254637,170,8.320588235
7/6/2021,JUNCTION,CHICKEN INN,1644.539054,1350.75,-293.789054,-17.86452278,188,7.184840426
7/6/2021,CITY MARKET,CHICKEN INN,914.0296543,524.75,-389.2796543,-42.58939002,139,3.775179856
7/6/2021,OASIS,CHICKEN INN,589.2417351,518.25,-70.99173509,-12.04798148,73,7.099315068
7/6/2021,LA PIAZZA,CHICKEN INN,1137.615062,892.25,-245.3650619,-21.56837318,160,5.5765625
7/6/2021,CARREFOUR,CHICKEN INN,1643.060816,1411,-232.0608165,-14.12369001,204,6.916666667
8/6/2021,LA PIAZZA,CHICKEN INN,801.1701681,682.25,-118.9201681,-14.84330956,139,4.908273381
8/6/2021,CARREFOUR,CHICKEN INN,1735.518061,1372.75,-362.7680609,-20.90258057,182,7.542582418
8/6/2021,CITY MARKET,CHICKEN INN,879.9806595,447.25,-432.7306595,-49.17501934,136,3.288602941
8/6/2021,JUNCTION,CHICKEN INN,1774.110838,1757,-17.11083796,-0.964474011,242,7.260330579
8/6/2021,OASIS,CHICKEN INN,736.2987567,560,-176.2987567,-23.94391612,59,9.491525424
9/6/2021,JUNCTION,CHICKEN INN,2166.150701,1558.75,-607.4007015,-28.04055605,191,8.160994764
9/6/2021,CITY MARKET,CHICKEN INN,955.498059,454.25,-501.248059,-52.45934874,131,3.467557252
9/6/2021,OASIS,CHICKEN INN,588.215091,628,39.78490902,6.763666834,67,9.373134328
9/6/2021,LA PIAZZA,CHICKEN INN,1099.189169,736.75,-362.4391688,-32.97332062,151,4.879139073
9/6/2021,CARREFOUR,CHICKEN INN,1824.371001,1203.5,-620.8710012,-34.03205822,170,7.079411765
10/6/2021,LA PIAZZA,CHICKEN INN,1209.129919,849.75,-359.3799186,-29.72219222,149,5.703020134
10/6/2021,CARREFOUR,CHICKEN INN,1665.279755,1080,-585.2797546,-35.14603195,148,7.297297297
10/6/2021,CITY MARKET,CHICKEN INN,782.9484585,512,-270.9484585,-34.60616795,125,4.096
10/6/2021,JUNCTION,CHICKEN INN,1963.01884,1845.25,-117.76884,-5.999373905,244,7.5625
10/6/2021,OASIS,CHICKEN INN,571.1130195,401,-170.1130195,-29.78622684,59,6.796610169
11/6/2021,LA PIAZZA,CHICKEN INN,983.7659368,958.75,-25.0159368,-2.542874872,168,5.706845238
11/6/2021,CARREFOUR,CHICKEN INN,1559.614332,1581.75,22.13566768,1.419303941,187,8.45855615
11/6/2021,CITY MARKET,CHICKEN INN,649.1314482,415,-234.1314482,-36.06841863,119,3.487394958
11/6/2021,JUNCTION,CHICKEN INN,2692.81224,1685,-1007.81224,-37.42601229,215,7.837209302
11/6/2021,OASIS,CHICKEN INN,810.5030333,542.75,-267.7530333,-33.03541409,75,7.236666667
12/6/2021,OASIS,CHICKEN INN,1072.8171,955.5,-117.3171002,-10.93542414,108,8.847222222
12/6/2021,JUNCTION,CHICKEN INN,2321.182352,2660.25,339.0676479,14.60754032,302,8.808774834
12/6/2021,LA PIAZZA,CHICKEN INN,1104.404805,1196.5,92.09519545,8.338898479,193,6.199481865
12/6/2021,CARREFOUR,CHICKEN INN,2340.037424,1733.25,-606.7874239,-25.93067178,204,8.496323529
12/6/2021,CITY MARKET,CHICKEN INN,1061.927188,650.75,-411.1771878,-38.71990401,159,4.092767296
13/6/2021,LA PIAZZA,CHICKEN INN,1007.515274,1890.5,882.9847265,87.63983531,211,8.95971564
13/6/2021,CARREFOUR,CHICKEN INN,2163.540582,3094.25,930.7094181,43.01788586,283,10.93374558
13/6/2021,CITY MARKET,CHICKEN INN,649.9194817,675.25,25.33051825,3.897485606,135,5.001851852
13/6/2021,JUNCTION,CHICKEN INN,1392.044509,3734.5,2342.455491,168.2744679,409,9.130806846
13/6/2021,OASIS,CHICKEN INN,928.8400109,1397.25,468.4099891,50.4295663,142,9.839788732
14/6/2021,OASIS,CHICKEN INN,708.2544785,555,-153.2544785,-21.63833525,65,8.538461538
14/6/2021,JUNCTION,CHICKEN INN,2032.118181,1062.25,-969.8681805,-47.72695751,155,6.853225806
14/6/2021,CITY MARKET,CHICKEN INN,1037.275121,520.5,-516.7751208,-49.82044883,137,3.799270073
14/6/2021,CARREFOUR,CHICKEN INN,1551.812611,967,-584.8126107,-37.68577512,136,7.110294118
14/6/2021,LA PIAZZA,CHICKEN INN,1505.329511,966.25,-539.0795114,-35.81139593,185,5.222972973
15/6/2021,LA PIAZZA,CHICKEN INN,817.1324394,869,51.86756059,6.347509668,155,5.606451613
15/6/2021,CARREFOUR,CHICKEN INN,1703.695249,1160.75,-542.9452492,-31.86868364,154,7.537337662
15/6/2021,CITY MARKET,CHICKEN INN,737.5547549,506.25,-231.3047549,-31.36102823,132,3.835227273
15/6/2021,JUNCTION,CHICKEN INN,2095.241817,1435,-660.2418168,-31.51148528,208,6.899038462
15/6/2021,OASIS,CHICKEN INN,853.9469731,522.75,-331.1969731,-38.78425517,75,6.97
16/6/2021,JUNCTION,CHICKEN INN,2602.461275,1548.75,-1053.711275,-40.48902803,226,6.852876106
16/6/2021,CITY MARKET,CHICKEN INN,960.5831054,484,-476.5831054,-49.6139379,123,3.93495935
16/6/2021,OASIS,CHICKEN INN,631.9969137,472.25,-159.7469137,-25.27653383,67,7.048507463
16/6/2021,LA PIAZZA,CHICKEN INN,808.2052117,692.25,-115.9552117,-14.3472487,119,5.817226891
16/6/2021,CARREFOUR,CHICKEN INN,2087.302706,1226,-861.3027061,-41.26390981,160,7.6625
17/6/2021,LA PIAZZA,CHICKEN INN,960.9384334,682.25,-278.6884334,-29.00169498,113,6.037610619
17/6/2021,CARREFOUR,CHICKEN INN,1968.429106,1240,-728.429106,-37.00560532,154,8.051948052
17/6/2021,CITY MARKET,CHICKEN INN,505.5309277,444.25,-61.28092767,-12.1220927,131,3.391221374
17/6/2021,JUNCTION,CHICKEN INN,1776.341206,1369.25,-407.0912064,-22.91739926,198,6.91540404
17/6/2021,OASIS,CHICKEN INN,581.7173435,521.75,-59.96734347,-10.30867382,62,8.415322581
18/6/2021,JUNCTION,CHICKEN INN,2429.712924,1274,-1155.712924,-47.56582198,164,7.768292683
18/6/2021,CITY MARKET,CHICKEN INN,649.9194817,482.25,-167.6694817,-25.79850065,143,3.372377622
18/6/2021,OASIS,CHICKEN INN,956.1955279,545.25,-410.9455279,-42.97714389,68,8.018382353
18/6/2021,LA PIAZZA,CHICKEN INN,909.0731812,800.75,-108.3231812,-11.91578229,147,5.447278912
18/6/2021,CARREFOUR,CHICKEN INN,1582.426384,1302,-280.4263838,-17.72129096,165,7.890909091
19/6/2021,LA PIAZZA,CHICKEN INN,1104.404805,1211,106.5951954,9.651822865,205,5.907317073
19/6/2021,CARREFOUR,CHICKEN INN,2340.037424,1801,-539.0374239,-23.03541894,212,8.495283019
19/6/2021,CITY MARKET,CHICKEN INN,1061.927188,683,-378.9271878,-35.68297263,162,4.216049383
19/6/2021,JUNCTION,CHICKEN INN,2672.233934,3300,627.7660655,23.49218223,320,10.3125
19/6/2021,OASIS,CHICKEN INN,860.4447206,832.5,-27.94472061,-3.247706673,117,7.115384615
20/6/2021,LA PIAZZA,CHICKEN INN,1007.515274,1548.25,540.7347265,53.67012696,215,7.201162791
20/6/2021,CARREFOUR,CHICKEN INN,2163.540582,2904.25,740.7094181,34.23598449,257,11.30058366
20/6/2021,CITY MARKET,CHICKEN INN,649.9194817,490.5,-159.4194817,-24.52911264,118,4.156779661
20/6/2021,JUNCTION,CHICKEN INN,1890.384576,3758.25,1867.865424,98.80875288,402,9.348880597
20/6/2021,OASIS,CHICKEN INN,1259.874255,1584,324.1257445,25.72683291,181,8.751381215
21/6/2021,OASIS,CHICKEN INN,647.0327014,593.5,-53.53270143,-8.273569684,72,8.243055556
21/6/2021,JUNCTION,CHICKEN INN,1583.645786,1609.75,26.10421381,1.648361903,185,8.701351351
21/6/2021,LA PIAZZA,CHICKEN INN,1099.941191,894.25,-205.6911907,-18.70019892,168,5.322916667
21/6/2021,CARREFOUR,CHICKEN INN,1601.656943,1211.5,-390.1569431,-24.35958242,142,8.531690141
21/6/2021,CITY MARKET,CHICKEN INN,865.5135538,634,-231.5135538,-26.7486919,167,3.796407186
22/6/2021,LA PIAZZA,CHICKEN INN,1187.39406,953,-234.3940598,-19.74020822,169,5.639053254
22/6/2021,CARREFOUR,CHICKEN INN,1549.417345,1250.75,-298.6673453,-19.276107,180,6.948611111
22/6/2021,CITY MARKET,CHICKEN INN,856.116626,428,-428.116626,-50.00681134,113,3.787610619
22/6/2021,JUNCTION,CHICKEN INN,2090.823162,1852.5,-238.3231622,-11.39853272,232,7.984913793
22/6/2021,OASIS,CHICKEN INN,729.4631263,607.5,-121.9631263,-16.71957388,82,7.408536585
23/6/2021,OASIS,CHICKEN INN,653.1925661,551,-102.1925661,-15.64509019,64,8.609375
23/6/2021,JUNCTION,CHICKEN INN,2995.595282,1294.75,-1700.845282,-56.77820673,163,7.943251534
23/6/2021,LA PIAZZA,CHICKEN INN,804.3723259,814,9.627674092,1.196917619,135,6.02962963
23/6/2021,CARREFOUR,CHICKEN INN,1623.259956,1068.5,-554.7599558,-34.17566939,166,6.436746988
23/6/2021,CITY MARKET,CHICKEN INN,653.4284611,499,-154.4284611,-23.63356822,145,3.44137931
24/6/2021,LA PIAZZA,CHICKEN INN,1081.431748,939.5,-141.9317485,-13.1244296,170,5.526470588
24/6/2021,CARREFOUR,CHICKEN INN,1741.51763,1168.5,-573.0176304,-32.90334938,171,6.833333333
24/6/2021,CITY MARKET,CHICKEN INN,550.9246313,555.5,4.575368735,0.83048905,139,3.996402878
24/6/2021,JUNCTION,CHICKEN INN,2265.801882,1822.25,-443.5518819,-19.57593404,226,8.063053097
24/6/2021,OASIS,CHICKEN INN,678.5077904,616.25,-62.25779036,-9.175692784,82,7.515243902
25/6/2021,JUNCTION,CHICKEN INN,2675.558446,2128.5,-547.058446,-20.44651451,223,9.544843049
25/6/2021,OASIS,CHICKEN INN,753.4008281,615.75,-137.6508281,-18.27059687,77,7.996753247
25/6/2021,CITY MARKET,CHICKEN INN,761.0322059,499.25,-261.7822059,-34.39830849,147,3.396258503
25/6/2021,LA PIAZZA,CHICKEN INN,1130.580018,946,-184.5800184,-16.32613485,186,5.086021505
25/6/2021,CARREFOUR,CHICKEN INN,1728.309453,1209.75,-518.5594527,-30.00385445,168,7.200892857
30/6/2021,LA PIAZZA,CHICKEN INN,629.4423289,1452.75,823.3076711,130.7995401,204,7.121323529
30/6/2021,CARREFOUR,CHICKEN INN,2398.276591,2093.25,-305.0265912,-12.71857434,233,8.983905579
30/6/2021,CITY MARKET,CHICKEN INN,567.3543864,437,-130.3543864,-22.97583125,116,3.767241379
30/6/2021,JUNCTION,CHICKEN INN,4936.941673,3008.75,-1928.191673,-39.05639971,326,9.229294479
30/6/2021,OASIS,CHICKEN INN,1010.568679,923.25,-87.31867905,-8.640548719,123,7.506097561
31/7/2021,OASIS,CHICKEN INN,736.9207801,1683.25,946.3292199,128.4166827,172,9.786337209
31/7/2021,JUNCTION,CHICKEN INN,2305.243552,5251,2945.756448,127.7850423,490,10.71632653
31/7/2021,CITY MARKET,CHICKEN INN,719.5007008,612,-107.5007008,-14.94101405,127,4.818897638
31/7/2021,LA PIAZZA,CHICKEN INN,1330.024802,1478.25,148.2251982,11.14454392,203,7.282019704
31/7/2021,CARREFOUR,CHICKEN INN,1940.95726,2401.75,460.7927399,23.74048874,257,9.345330739
6/9/2021,LA PIAZZA,CHICKEN INN,1139.621766,967.25,-172.3717659,-15.12534869,184,5.256793478
6/9/2021,CARREFOUR,CHICKEN INN,1274.895779,1321.5,46.60422113,3.65553184,183,7.221311475
6/9/2021,CITY MARKET,CHICKEN INN,881.8715942,580,-301.8715942,-34.23078782,164,3.536585366
6/9/2021,JUNCTION,CHICKEN INN,2107.508674,1760.75,-346.7586744,-16.45348741,212,8.305424528
6/9/2021,Bon Marche,CHICKEN INN,1442.371622,789.25,-653.1216216,-45.28109204,98,8.053571429
6/9/2021,OASIS,CHICKEN INN,490.3303302,668.25,177.9196698,36.28567495,87,7.681034483
7/9/2021,OASIS,CHICKEN INN,552.8173857,930,377.1826143,68.22915197,128,7.265625
7/9/2021,JUNCTION,CHICKEN INN,2141.657631,2276,134.3423693,6.272821918,284,8.014084507
7/9/2021,Bon Marche,CHICKEN INN,1465.743011,615.75,-849.9930106,-57.99058938,115,5.354347826
7/9/2021,CARREFOUR,CHICKEN INN,1345.356619,1351.5,6.143380535,0.456635843,208,6.497596154
7/9/2021,LA PIAZZA,CHICKEN INN,1051.112777,1144.5,93.3872227,8.884605412,227,5.04185022
7/9/2021,CITY MARKET,CHICKEN INN,885.1757835,672.25,-212.9257835,-24.0546327,188,3.575797872
8/9/2021,OASIS,CHICKEN INN,485.7909195,960,474.2090805,97.61587988,130,7.384615385
8/9/2021,Bon Marche,CHICKEN INN,1214.716201,1032.25,-182.4662009,-15.02130298,108,9.55787037
8/9/2021,JUNCTION,CHICKEN INN,1774.871995,2929,1154.128005,65.02598548,307,9.540716612
8/9/2021,CARREFOUR,CHICKEN INN,988.5595487,2472.25,1483.690451,150.0860978,283,8.735865724
8/9/2021,LA PIAZZA,CHICKEN INN,950.4109843,1514.75,564.3390157,59.37841892,231,6.557359307
8/9/2021,CITY MARKET,CHICKEN INN,481.900473,660.75,178.849527,37.11337445,173,3.819364162
9/9/2021,LA PIAZZA,CHICKEN INN,880.2660697,1046.25,165.9839303,18.85610909,158,6.621835443
9/9/2021,CARREFOUR,CHICKEN INN,1215.295075,1132,-83.29507466,-6.853897164,162,6.987654321
9/9/2021,CITY MARKET,CHICKEN INN,528.528912,554,25.47108804,4.819242139,152,3.644736842
9/9/2021,JUNCTION,CHICKEN INN,1816.910081,2597,780.0899187,42.93497663,316,8.21835443
9/9/2021,Bon Marche,CHICKEN INN,1243.486921,666.75,-576.7369208,-46.38061817,86,7.752906977
9/9/2021,OASIS,CHICKEN INN,1111.975113,894.5,-217.4751129,-19.55755218,112,7.986607143
10/9/2021,OASIS,CHICKEN INN,733.0642341,717.5,-15.56423407,-2.123174662,89,8.061797753
10/9/2021,Bon Marche,CHICKEN INN,1420.914541,982,-438.9145407,-30.88958049,106,9.264150943
10/9/2021,JUNCTION,CHICKEN INN,2076.156902,2010.25,-65.90690244,-3.17446636,266,7.557330827
10/9/2021,CARREFOUR,CHICKEN INN,1144.357978,1238.5,94.14202201,8.226623471,169,7.328402367
10/9/2021,LA PIAZZA,CHICKEN INN,774.2507993,984.75,210.4992007,27.18746959,153,6.43627451
10/9/2021,CITY MARKET,CHICKEN INN,573.4179831,671.25,97.83201693,17.06120488,157,4.275477707
11/9/2021,LA PIAZZA,CHICKEN INN,1212.919559,1424.5,211.5804409,17.44389719,200,7.1225
11/9/2021,CARREFOUR,CHICKEN INN,1279.744395,1774.5,494.7556045,38.66050176,202,8.784653465
11/9/2021,CITY MARKET,CHICKEN INN,509.9931757,705.5,195.5068243,38.33518441,149,4.734899329
11/9/2021,JUNCTION,CHICKEN INN,3378.5999,3030.75,-347.8498995,-10.29568193,302,10.03559603
11/9/2021,Bon Marche,CHICKEN INN,2312.301984,1229,-1083.301984,-46.84950285,139,8.841726619
11/9/2021,OASIS,CHICKEN INN,894.8939002,1204.25,309.3560998,34.56902541,133,9.054511278
12/9/2021,Bon Marche,CHICKEN INN,2763.868354,2875.75,111.8816457,4.048009217,253,11.36660079
12/9/2021,OASIS,CHICKEN INN,1456.466996,1698.25,241.7830045,16.60065111,205,8.284146341
12/9/2021,JUNCTION,CHICKEN INN,4038.402168,4521.25,482.8478324,11.95640782,401,11.27493766
12/9/2021,LA PIAZZA,CHICKEN INN,1859.375092,1635,-224.3750921,-12.06723125,215,7.604651163
12/9/2021,CARREFOUR,CHICKEN INN,2829.825537,3195.5,365.6744629,12.92215573,291,10.98109966
12/9/2021,CITY MARKET,CHICKEN INN,339.7071486,595.5,255.7928514,75.29804787,146,4.078767123
13/9/2021,LA PIAZZA,CHICKEN INN,1029.06097,1036.5,7.439030225,0.722894993,98,10.57653061
13/9/2021,CARREFOUR,CHICKEN INN,1167.310015,1220.25,52.93998469,4.535212069,155,7.872580645
13/9/2021,CITY MARKET,CHICKEN INN,352.1598758,745.75,393.5901242,111.7646135,184,4.05298913
13/9/2021,JUNCTION,CHICKEN INN,1802.924708,2085.75,282.8252924,15.68702738,257,8.115758755
13/9/2021,Bon Marche,CHICKEN INN,1233.91538,723.5,-510.4153798,-41.36550919,77,9.396103896
13/9/2021,OASIS,CHICKEN INN,554.0250698,913.5,359.4749302,64.88423535,123,7.426829268
14/9/2021,OASIS,CHICKEN INN,553.4212278,891.75,338.3287722,61.13404315,104,8.574519231
14/9/2021,Bon Marche,CHICKEN INN,1552.994794,642,-910.994794,-58.66051821,79,8.126582278
14/9/2021,JUNCTION,CHICKEN INN,2269.144814,2219,-50.1448139,-2.209855166,281,7.896797153
14/9/2021,LA PIAZZA,CHICKEN INN,941.108015,911.75,-29.35801497,-3.119515986,157,5.807324841
14/9/2021,CARREFOUR,CHICKEN INN,1108.422738,1422,313.5772618,28.2904032,199,7.145728643
14/9/2021,CITY MARKET,CHICKEN INN,422.9674398,621.75,198.7825602,46.99713064,169,3.678994083
15/9/2021,Bon Marche,CHICKEN INN,933.8037446,716.75,-217.0537446,-23.24404307,86,8.334302326
15/9/2021,OASIS,CHICKEN INN,470.0910265,626.5,156.4089735,33.27206107,84,7.458333333
15/9/2021,JUNCTION,CHICKEN INN,1364.419206,1997.75,633.3307937,46.41761057,222,8.998873874
15/9/2021,CITY MARKET,CHICKEN INN,530.5549888,146.75,-383.8049888,-72.34028459,40,3.66875
15/9/2021,CARREFOUR,CHICKEN INN,1026.583424,1212,185.4165762,18.06152056,160,7.575
15/9/2021,LA PIAZZA,CHICKEN INN,749.5422532,932,182.4577468,24.34255655,116,8.034482759
16/9/2021,LA PIAZZA,CHICKEN INN,806.4034746,647.75,-158.6534746,-19.67420523,110,5.888636364
16/9/2021,CARREFOUR,CHICKEN INN,1165.4509,1015.75,-149.7009003,-12.84489121,147,6.909863946
16/9/2021,CITY MARKET,CHICKEN INN,571.3919062,289.25,-282.1419062,-49.37800188,79,3.661392405
16/9/2021,JUNCTION,CHICKEN INN,1832.73968,2242,409.2603199,22.33052104,267,8.397003745
16/9/2021,Bon Marche,CHICKEN INN,1254.320643,798.5,-455.820643,-36.34004156,96,8.317708333
16/9/2021,OASIS,CHICKEN INN,507.2273119,728,220.7726881,43.52539442,87,8.367816092
17/9/2021,LA PIAZZA,CHICKEN INN,1012.050828,998.25,-13.80082798,-1.36364969,124,8.050403226
17/9/2021,CARREFOUR,CHICKEN INN,1111.437106,1662.5,551.0628942,49.58111362,205,8.109756098
17/9/2021,CITY MARKET,CHICKEN INN,542.5776525,538.5,-4.077652543,-0.751533449,144,3.739583333
17/9/2021,JUNCTION,CHICKEN INN,2276.409012,2650.75,374.3409883,16.44436419,300,8.835833333
17/9/2021,Bon Marche,CHICKEN INN,1557.966386,1295,-262.9663856,-16.87882281,79,16.39240506
17/9/2021,OASIS,CHICKEN INN,786.8061754,829.25,42.44382455,5.394444766,96,8.638020833
18/9/2021,Bon Marche,CHICKEN INN,2121.060492,1176.5,-944.5604916,-44.53246361,117,10.05555556
18/9/2021,JUNCTION,CHICKEN INN,3099.169059,2986.75,-112.4190591,-3.627393569,286,10.44318182
18/9/2021,OASIS,CHICKEN INN,970.977997,964,-6.977997025,-0.718656555,125,7.712
18/9/2021,CARREFOUR,CHICKEN INN,1798.376281,1708.25,-90.12628138,-5.011536368,204,8.37377451
18/9/2021,LA PIAZZA,CHICKEN INN,1304.327151,1272.5,-31.82715093,-2.44012025,164,7.759146341
18/9/2021,CITY MARKET,CHICKEN INN,500.5843422,565.5,64.91565775,12.96797608,149,3.795302013
19/9/2021,LA PIAZZA,CHICKEN INN,1451.789298,1845,393.2107023,27.08455717,207,8.913043478
19/9/2021,CARREFOUR,CHICKEN INN,2267.615383,2851.25,583.634617,25.73781345,291,9.798109966
19/9/2021,CITY MARKET,CHICKEN INN,339.7071486,591.75,252.0428514,74.19415588,114,5.190789474
19/9/2021,JUNCTION,CHICKEN INN,4163.358664,4482.75,319.3913359,7.671482609,428,10.47371495
19/9/2021,Bon Marche,CHICKEN INN,2849.388145,2431.5,-417.8881445,-14.66589048,213,11.41549296
19/9/2021,OASIS,CHICKEN INN,1590.218007,1942,351.7819931,22.12162053,209,9.291866029
20/9/2021,OASIS,CHICKEN INN,667.547373,798.5,130.952627,19.61697886,95,8.405263158
20/9/2021,Bon Marche,CHICKEN INN,1219.042678,782,-437.0426777,-35.85130247,84,9.30952381
20/9/2021,JUNCTION,CHICKEN INN,1781.193588,2228.25,447.0564116,25.09869868,283,7.873674912
20/9/2021,CITY MARKET,CHICKEN INN,603.8282501,557.5,-46.3282501,-7.672421768,137,4.069343066
20/9/2021,LA PIAZZA,CHICKEN INN,945.097507,1274.25,329.152493,34.82735809,165,7.722727273
20/9/2021,CARREFOUR,CHICKEN INN,941.5002215,1178.75,237.2497785,25.19912084,164,7.1875
21/9/2021,LA PIAZZA,CHICKEN INN,1058.548138,1292.5,233.9518617,22.10120195,199,6.494974874
21/9/2021,CARREFOUR,CHICKEN INN,1286.239822,1397.75,111.510178,8.669470194,182,7.679945055
21/9/2021,CITY MARKET,CHICKEN INN,526.2113476,594.75,68.53865239,13.02492862,156,3.8125
21/9/2021,JUNCTION,CHICKEN INN,1978.976485,2447.25,468.2735149,23.66240925,303,8.076732673
21/9/2021,Bon Marche,CHICKEN INN,1354.404602,644,-710.4046022,-52.4514315,68,9.470588235
21/9/2021,OASIS,CHICKEN INN,632.8264558,709.75,76.92354423,12.15555126,86,8.252906977
22/9/2021,Bon Marche,CHICKEN INN,971.7533268,578.75,-393.0033268,-40.44270454,66,8.768939394
22/9/2021,JUNCTION,CHICKEN INN,1419.868908,1969.25,549.3810923,38.69238134,227,8.675110132
22/9/2021,OASIS,CHICKEN INN,540.740545,665.25,124.509455,23.02572947,87,7.646551724
22/9/2021,CARREFOUR,CHICKEN INN,874.2584028,1132.25,257.9915972,29.50976466,177,6.396892655
22/9/2021,LA PIAZZA,CHICKEN INN,844.395714,1134,289.604286,34.2972236,172,6.593023256
22/9/2021,CITY MARKET,CHICKEN INN,506.2325094,683,176.7674906,34.91824159,178,3.837078652
23/9/2021,Bon Marche,CHICKEN INN,1087.088642,809,-278.0886425,-25.5810457,90,8.988888889
23/9/2021,JUNCTION,CHICKEN INN,1588.390099,2306.5,718.1099005,45.20992046,267,8.638576779
23/9/2021,OASIS,CHICKEN INN,419.3682954,823.25,403.8817046,96.30716225,103,7.992718447
23/9/2021,CARREFOUR,CHICKEN INN,1103.090215,1375.25,272.1597851,24.67248657,182,7.556318681
23/9/2021,LA PIAZZA,CHICKEN INN,827.6573837,1061.5,233.8426163,28.25355285,169,6.281065089
23/9/2021,CITY MARKET,CHICKEN INN,528.8203994,602.5,73.67960057,13.93282117,156,3.862179487
24/9/2021,LA PIAZZA,CHICKEN INN,900.459037,1386,485.540963,53.92149372,171,8.105263158
24/9/2021,CARREFOUR,CHICKEN INN,1227.123025,1520.75,293.6269754,23.92807971,226,6.728982301
24/9/2021,CITY MARKET,CHICKEN INN,609.1849298,760,150.8150702,24.75686165,148,5.135135135
24/9/2021,JUNCTION,CHICKEN INN,2016.537203,2204.25,187.7127969,9.30867016,268,8.224813433
24/9/2021,Bon Marche,CHICKEN INN,1380.111026,777.25,-602.8610265,-43.68206723,93,8.357526882
24/9/2021,OASIS,CHICKEN INN,624.3726672,812,187.6273328,30.05053594,94,8.638297872
25/9/2021,Bon Marche,CHICKEN INN,2178.321447,1215.25,-963.0714466,-44.21163131,116,10.4762931
25/9/2021,JUNCTION,CHICKEN INN,3182.835405,3579.75,396.9145953,12.47047192,386,9.273963731
25/9/2021,OASIS,CHICKEN INN,1140.65761,1195.5,54.84239031,4.807962516,116,10.30603448
25/9/2021,CARREFOUR,CHICKEN INN,1885.310948,1638.25,-247.0609481,-13.10451988,224,7.313616071
25/9/2021,LA PIAZZA,CHICKEN INN,1242.415496,1581.75,339.3345043,27.31248165,154,10.2711039
25/9/2021,CITY MARKET,CHICKEN INN,569.3658293,530.75,-38.61582932,-6.782252698,140,3.791071429
26/9/2021,LA PIAZZA,CHICKEN INN,1482.346176,1682,199.6538239,13.46877181,225,7.475555556
26/9/2021,CARREFOUR,CHICKEN INN,2533.300516,2808.75,275.4494837,10.87314679,274,10.25091241
26/9/2021,CITY MARKET,CHICKEN INN,483.7879738,588,104.2120262,21.54084678,131,4.488549618
26/9/2021,JUNCTION,CHICKEN INN,4543.18707,4510.5,-32.68707003,-0.719474447,502,8.985059761
26/9/2021,Bon Marche,CHICKEN INN,3109.34138,2470.75,-638.5913804,-20.5378343,218,11.3337156
26/9/2021,OASIS,CHICKEN INN,1380.986741,2059.5,678.5132592,49.13249629,229,8.993449782
27/9/2021,OASIS,CHICKEN INN,786.5042544,626.25,-160.2542544,-20.37551018,82,7.637195122
27/9/2021,Bon Marche,CHICKEN INN,1136.390844,720.75,-415.6408436,-36.57551853,62,11.625
27/9/2021,JUNCTION,CHICKEN INN,1660.427581,1993,332.5724188,20.02932393,246,8.101626016
27/9/2021,CITY MARKET,CHICKEN INN,592.9667578,584.25,-8.716757805,-1.4700247,158,3.69778481
27/9/2021,LA PIAZZA,CHICKEN INN,893.2867194,1131,237.7132806,26.61108415,164,6.896341463
27/9/2021,CARREFOUR,CHICKEN INN,960.274988,1483.5,523.225012,54.48699784,180,8.241666667
28/9/2021,LA PIAZZA,CHICKEN INN,836.1624546,1195,358.8375454,42.914812,166,7.198795181
28/9/2021,CARREFOUR,CHICKEN INN,1124.649829,1113.5,-11.14982861,-0.991404464,167,6.667664671
28/9/2021,CITY MARKET,CHICKEN INN,598.7582794,566.75,-32.00827943,-5.345776507,161,3.520186335
28/9/2021,JUNCTION,CHICKEN INN,1752.075323,2457,704.9246768,40.23369701,275,8.934545455
28/9/2021,Bon Marche,CHICKEN INN,1199.114239,923,-276.1142385,-23.02651654,96,9.614583333
28/9/2021,OASIS,CHICKEN INN,421.1798215,907.75,486.5701785,115.5255199,123,7.380081301
29/9/2021,Bon Marche,CHICKEN INN,971.7533268,575.75,-396.0033268,-40.75142486,70,8.225
29/9/2021,JUNCTION,CHICKEN INN,1419.868908,2157,737.1310923,51.91543306,243,8.87654321
29/9/2021,OASIS,CHICKEN INN,540.740545,712.25,171.509455,31.71751344,97,7.342783505
29/9/2021,CARREFOUR,CHICKEN INN,874.2584028,1097.5,223.2415972,25.53496729,168,6.532738095
29/9/2021,CITY MARKET,CHICKEN INN,506.2325094,594.75,88.51749062,17.48554053,172,3.457848837
29/9/2021,LA PIAZZA,CHICKEN INN,844.395714,1259,414.604286,49.10070944,198,6.358585859
30/9/2021,LA PIAZZA,CHICKEN INN,1152.340657,987,-165.3406572,-14.34824469,172,5.738372093
30/9/2021,CARREFOUR,CHICKEN INN,1191.187785,1471.75,280.5622152,23.55314744,189,7.787037037
30/9/2021,CITY MARKET,CHICKEN INN,684.1927804,622.5,-61.69278043,-9.016871004,179,3.477653631
30/9/2021,JUNCTION,CHICKEN INN,1350.259656,2313.5,963.2403443,71.33741575,267,8.664794007
30/9/2021,Bon Marche,CHICKEN INN,924.1129976,624.75,-299.3629976,-32.39463122,76,8.220394737
30/9/2021,OASIS,CHICKEN INN,573.348015,848,274.651985,47.9031893,112,7.571428571
1/10/2021,JUNCTION,CHICKEN INN,2196.11494,2854.5,658.3850597,29.97953557,299,9.546822742
1/10/2021,OASIS,CHICKEN INN,663.7498072,937,273.2501928,41.16764929,124,7.556451613
1/10/2021,Bon Marche,CHICKEN INN,1503.013442,969.5,-533.5134423,-35.49625222,102,9.504901961
1/10/2021,CITY MARKET,CHICKEN INN,651.5524143,697,45.4475857,6.975277001,198,3.52020202
1/10/2021,CARREFOUR,CHICKEN INN,1327.391865,1280.75,-46.64186451,-3.513797678,194,6.601804124
1/10/2021,LA PIAZZA,CHICKEN INN,1096.360745,1277.75,181.3892555,16.54466893,202,6.32549505
2/10/2021,LA PIAZZA,CHICKEN INN,1291.036777,1792.5,501.463223,38.84190071,251,7.141434263
2/10/2021,CARREFOUR,CHICKEN INN,1708.674596,2294.5,585.8254037,34.28536978,244,9.403688525
2/10/2021,CITY MARKET,CHICKEN INN,570.1663555,922.75,352.5836445,61.838732,219,4.21347032
2/10/2021,JUNCTION,CHICKEN INN,3419.867881,3329,-90.86788098,-2.65705823,353,9.430594901
2/10/2021,Bon Marche,CHICKEN INN,2340.545707,1254,-1086.545707,-46.42275107,121,10.36363636
2/10/2021,OASIS,CHICKEN INN,1098.915427,1605.75,506.8345734,46.12134484,142,11.30809859
3/10/2021,Bon Marche,CHICKEN INN,3092.810849,2250,-842.8108493,-27.2506432,199,11.30653266
3/10/2021,JUNCTION,CHICKEN INN,4519.033511,4393.5,-125.5335111,-2.77788405,511,8.597847358
3/10/2021,OASIS,CHICKEN INN,1365.39325,2143.5,778.1067502,56.98773964,225,9.526666667
3/10/2021,CITY MARKET,CHICKEN INN,650.7740196,768.5,117.7259804,18.09014755,135,5.692592593
3/10/2021,LA PIAZZA,CHICKEN INN,1575.325297,2301,725.6747026,46.06507011,229,10.04803493
3/10/2021,CARREFOUR,CHICKEN INN,2720.936635,2847.75,126.8133651,4.66065117,312,9.127403846
4/10/2021,LA PIAZZA,CHICKEN INN,943.042222,1551,607.957778,64.46771563,240,6.4625
4/10/2021,CARREFOUR,CHICKEN INN,1262.211679,1065,-197.2116792,-15.62429523,145,7.344827586
4/10/2021,CITY MARKET,CHICKEN INN,677.6415227,648.75,-28.89152271,-4.263540787,162,4.00462963
4/10/2021,JUNCTION,CHICKEN INN,1975.063914,1534.5,-440.5639141,-22.30631176,205,7.485365854
4/10/2021,Bon Marche,CHICKEN INN,1351.726887,455.25,-896.4768873,-66.32085932,57,7.986842105
4/10/2021,OASIS,CHICKEN INN,639.3023005,709,69.69769953,10.90215059,85,8.341176471
5/10/2021,OASIS,CHICKEN INN,620.9666704,787.5,166.5333296,26.81840065,94,8.377659574
5/10/2021,Bon Marche,CHICKEN INN,1008.994288,591,-417.9942877,-41.426824,76,7.776315789
5/10/2021,JUNCTION,CHICKEN INN,1474.283175,1855,380.7168249,25.82386012,249,7.449799197
5/10/2021,CITY MARKET,CHICKEN INN,602.0289872,535.75,-66.2789872,-11.00926843,161,3.327639752
5/10/2021,LA PIAZZA,CHICKEN INN,971.1689686,1140,168.8310314,17.38431075,191,5.968586387
5/10/2021,CARREFOUR,CHICKEN INN,1321.405284,1142,-179.4052835,-13.57685532,172,6.639534884
6/10/2021,LA PIAZZA,CHICKEN INN,839.6438974,995,155.3561026,18.50261796,186,5.349462366
6/10/2021,CARREFOUR,CHICKEN INN,1290.009344,1139.75,-150.2593438,-11.64792678,178,6.403089888
6/10/2021,CITY MARKET,CHICKEN INN,572.5118493,666.75,94.23815067,16.46047165,194,3.43685567
6/10/2021,JUNCTION,CHICKEN INN,1541.127818,1756.5,215.3721824,13.97497209,207,8.485507246
6/10/2021,Bon Marche,CHICKEN INN,1054.742529,502.5,-552.2425291,-52.35804131,61,8.237704918
6/10/2021,OASIS,CHICKEN INN,625.5505779,771,145.4494221,23.25142477,108,7.138888889
7/10/2021,Bon Marche,CHICKEN INN,1129.332853,706,-423.3328533,-37.48521546,72,9.805555556
7/10/2021,JUNCTION,CHICKEN INN,1650.114817,1714,63.88518272,3.871559849,190,9.021052632
7/10/2021,OASIS,CHICKEN INN,782.3202147,747.25,-35.07021473,-4.482846546,97,7.703608247
7/10/2021,CARREFOUR,CHICKEN INN,1212.602931,1042.25,-170.352931,-14.04853367,141,7.391843972
7/10/2021,LA PIAZZA,CHICKEN INN,1181.013971,974.5,-206.5139711,-17.48615818,171,5.698830409
7/10/2021,CITY MARKET,CHICKEN INN,554.2324622,564.75,10.51753783,1.897676255,174,3.245689655
8/10/2021,OASIS,CHICKEN INN,621.2722643,757.25,135.9777357,21.88697992,100,7.5725
8/10/2021,Bon Marche,CHICKEN INN,1402.592629,713.5,-689.0926287,-49.12991945,76,9.388157895
8/10/2021,JUNCTION,CHICKEN INN,2049.385947,1710.5,-338.885947,-16.53597496,222,7.704954955
8/10/2021,LA PIAZZA,CHICKEN INN,848.7434596,904.75,56.00654044,6.598759591,172,5.260174419
8/10/2021,CARREFOUR,CHICKEN INN,1238.01229,1103.25,-134.7622898,-10.88537577,164,6.727134146
8/10/2021,CITY MARKET,CHICKEN INN,572.1973985,555.25,-16.94739851,-2.96180978,166,3.344879518
9/10/2021,LA PIAZZA,CHICKEN INN,1173.015456,1169.75,-3.265456004,-0.278381328,143,8.18006993
9/10/2021,CARREFOUR,CHICKEN INN,1957.667333,1503.25,-454.4173329,-23.21218346,200,7.51625
9/10/2021,CITY MARKET,CHICKEN INN,663.8933204,859.25,195.3566796,29.42591432,204,4.212009804
9/10/2021,JUNCTION,CHICKEN INN,3564.757113,2522,-1042.757113,-29.25184186,310,8.135483871
9/10/2021,Bon Marche,CHICKEN INN,2439.707395,1319.5,-1120.207395,-45.91564535,127,10.38976378
9/10/2021,OASIS,CHICKEN INN,654.2763983,1191,536.7236017,82.03315954,133,8.954887218
10/10/2021,OASIS,CHICKEN INN,1841.814037,1563,-278.8140368,-15.13801237,164,9.530487805
10/10/2021,JUNCTION,CHICKEN INN,4513.826235,3628.5,-885.3262349,-19.61365345,354,10.25
10/10/2021,Bon Marche,CHICKEN INN,3089.247008,2098,-991.2470076,-32.08701037,203,10.33497537
10/10/2021,CARREFOUR,CHICKEN INN,2476.973575,2679,202.0264247,8.156180054,304,8.8125
10/10/2021,LA PIAZZA,CHICKEN INN,1564.296628,1966,401.7033719,25.67948845,246,7.991869919
10/10/2021,CITY MARKET,CHICKEN INN,537.984118,645.75,107.765882,20.03142442,136,4.748161765
11/10/2021,LA PIAZZA,CHICKEN INN,957.6561188,1290.5,332.8438812,34.75609612,220,5.865909091
11/10/2021,CARREFOUR,CHICKEN INN,1297.680392,1421.25,123.569608,9.522345313,173,8.215317919
11/10/2021,CITY MARKET,CHICKEN INN,630.9326882,730.5,99.56731177,15.78097214,142,5.144366197
11/10/2021,JUNCTION,CHICKEN INN,1991.040784,1624.5,-366.5407842,-18.40950658,200,8.1225
11/10/2021,Bon Marche,CHICKEN INN,1362.661402,442.25,-920.4114018,-67.54512901,56,7.897321429
11/10/2021,OASIS,CHICKEN INN,508.5081396,669,160.4918604,31.56131592,95,7.042105263
12/10/2021,Bon Marche,CHICKEN INN,1410.095841,630,-780.095841,-55.32218579,69,9.130434783
12/10/2021,OASIS,CHICKEN INN,414.9964264,649.5,234.5035736,56.50737179,81,8.018518519
12/10/2021,JUNCTION,CHICKEN INN,2060.3492,1772,-288.3492,-13.9951616,218,8.128440367
12/10/2021,LA PIAZZA,CHICKEN INN,1022.4632,926.5,-95.96320039,-9.385491854,175,5.294285714
12/10/2021,CARREFOUR,CHICKEN INN,1240.883002,1271.5,30.61699831,2.467355767,170,7.479411765
12/10/2021,CITY MARKET,CHICKEN INN,642.3405517,493.25,-149.0905517,-23.21051525,126,3.91468254
13/10/2021,LA PIAZZA,CHICKEN INN,877.4161799,784.25,-93.16617986,-10.61824274,164,4.782012195
13/10/2021,CARREFOUR,CHICKEN INN,1083.436713,1282,198.5632868,18.32716986,165,7.76969697
13/10/2021,CITY MARKET,CHICKEN INN,573.4448919,507.75,-65.69489194,-11.45618225,125,4.062
13/10/2021,JUNCTION,CHICKEN INN,1797.370993,1574.25,-223.1209934,-12.41374175,195,8.073076923
13/10/2021,Bon Marche,CHICKEN INN,1230.114469,593.5,-636.6144692,-51.75245761,76,7.809210526
13/10/2021,OASIS,CHICKEN INN,410.1069251,792,381.8930749,93.1203673,94,8.425531915
14/10/2021,LA PIAZZA,CHICKEN INN,972.8250889,837.75,-135.0750889,-13.88482785,152,5.511513158
14/10/2021,CARREFOUR,CHICKEN INN,1394.493766,1114.25,-280.2437661,-20.09645169,130,8.571153846
14/10/2021,CITY MARKET,CHICKEN INN,482.6871676,579.25,96.56283237,20.00526197,134,4.322761194
14/10/2021,JUNCTION,CHICKEN INN,1894.534033,1638.25,-256.2840333,-13.52754972,186,8.807795699
14/10/2021,Bon Marche,CHICKEN INN,1296.612516,851.5,-445.1125164,-34.32887704,84,10.13690476
14/10/2021,OASIS,CHICKEN INN,497.8123554,658.5,160.6876446,32.27875782,86,7.656976744
15/10/2021,Bon Marche,CHICKEN INN,1376.938859,508.25,-868.6888587,-63.08841189,65,7.819230769
15/10/2021,JUNCTION,CHICKEN INN,2011.902166,2051.5,39.59783449,1.968178929,231,8.880952381
15/10/2021,OASIS,CHICKEN INN,581.8506597,794,212.1493403,36.46113255,90,8.822222222
15/10/2021,CARREFOUR,CHICKEN INN,1340.337747,1659.5,319.162253,23.81207675,189,8.78042328
15/10/2021,LA PIAZZA,CHICKEN INN,1068.789071,776.25,-292.5390712,-27.37107621,144,5.390625
15/10/2021,CITY MARKET,CHICKEN INN,534.7055816,463.25,-71.45558158,-13.36353763,143,3.23951049
16/10/2021,OASIS,CHICKEN INN,959.5646384,1166,206.4353616,21.51343988,113,10.31858407
16/10/2021,Bon Marche,CHICKEN INN,2258.967602,743.75,-1515.217602,-67.0756677,85,8.75
16/10/2021,JUNCTION,CHICKEN INN,3300.670747,1994.5,-1306.170747,-39.57288827,244,8.174180328
16/10/2021,LA PIAZZA,CHICKEN INN,1304.822614,1161,-143.8226136,-11.02238819,135,8.6
16/10/2021,CARREFOUR,CHICKEN INN,1750.841637,2137.5,386.6583632,22.08414257,224,9.542410714
16/10/2021,CITY MARKET,CHICKEN INN,560.0162953,593.25,33.23370467,5.934417435,132,4.494318182
17/10/2021,LA PIAZZA,CHICKEN INN,1773.586557,1782.5,8.913442705,0.502565982,228,7.817982456
17/10/2021,CARREFOUR,CHICKEN INN,2896.113326,2992.5,96.38667434,3.328138905,268,11.16604478
17/10/2021,CITY MARKET,CHICKEN INN,404.5848002,646,241.4151998,59.66986394,119,5.428571429
17/10/2021,JUNCTION,CHICKEN INN,4768.767592,3519,-1249.767592,-26.20734954,411,8.562043796
17/10/2021,Bon Marche,CHICKEN INN,3263.727987,1833.25,-1430.477987,-43.82957136,195,9.401282051
17/10/2021,OASIS,CHICKEN INN,1480.296531,1679,198.7034687,13.42322058,180,9.327777778
18/10/2021,LA PIAZZA,CHICKEN INN,863.6303432,758,-105.6303432,-12.23096711,156,4.858974359
18/10/2021,CARREFOUR,CHICKEN INN,1214.999145,1828,613.000855,50.45278077,191,9.570680628
18/10/2021,CITY MARKET,CHICKEN INN,537.984118,648.5,110.515882,20.54259192,177,3.663841808
18/10/2021,JUNCTION,CHICKEN INN,1247.379343,1489.5,242.1206574,19.41034689,200,7.4475
18/10/2021,Bon Marche,CHICKEN INN,853.7020924,325.25,-528.4520924,-61.90122961,50,6.505
18/10/2021,OASIS,CHICKEN INN,488.6445404,658,169.3554596,34.65821177,85,7.741176471
19/10/2021,Bon Marche,CHICKEN INN,1326.102571,504.25,-821.8525706,-61.97503789,64,7.87890625
19/10/2021,JUNCTION,CHICKEN INN,1937.623168,1636.5,-301.1231679,-15.54085298,204,8.022058824
19/10/2021,OASIS,CHICKEN INN,589.4905056,858,268.5094944,45.549418,87,9.862068966
19/10/2021,CARREFOUR,CHICKEN INN,1411.275173,1325,-86.27517266,-6.113277859,188,7.04787234
19/10/2021,CITY MARKET,CHICKEN INN,604.5342839,578.75,-25.78428392,-4.265148331,156,3.709935897
19/10/2021,LA PIAZZA,CHICKEN INN,1045.066513,975.75,-69.31651274,-6.63273695,172,5.672965116
20/10/2021,LA PIAZZA,CHICKEN INN,921.5399567,790,-131.5399567,-14.27392874,123,6.422764228
20/10/2021,CARREFOUR,CHICKEN INN,1056.833202,1467.25,410.4167985,38.834586,186,7.88844086
20/10/2021,CITY MARKET,CHICKEN INN,555.0160118,595,39.98398824,7.204114367,158,3.765822785
20/10/2021,JUNCTION,CHICKEN INN,1758.251869,1333,-425.251869,-24.18606097,170,7.841176471
20/10/2021,Bon Marche,CHICKEN INN,1203.341476,687.75,-515.5914762,-42.84664714,79,8.705696203
20/10/2021,OASIS,CHICKEN INN,514.0088286,628.5,114.4911714,22.27416438,75,8.38
21/10/2021,JUNCTION,CHICKEN INN,1979.173789,1389.5,-589.6737891,-29.79393686,193,7.199481865
21/10/2021,OASIS,CHICKEN INN,671.6952469,757,85.30475314,12.69991913,90,8.411111111
21/10/2021,Bon Marche,CHICKEN INN,1354.539671,407.25,-947.2896715,-69.9344354,56,7.272321429
21/10/2021,CITY MARKET,CHICKEN INN,567.3569178,446,-121.3569178,-21.38987188,142,3.14084507
21/10/2021,CARREFOUR,CHICKEN INN,1086.789831,1919.25,832.4601688,76.59808225,180,10.6625
21/10/2021,LA PIAZZA,CHICKEN INN,995.7104877,959.75,-35.96048769,-3.611540517,147,6.528911565
22/10/2021,LA PIAZZA,CHICKEN INN,723.8246705,934.25,210.4253295,29.07131217,121,7.72107438
22/10/2021,CARREFOUR,CHICKEN INN,1347.043983,1638.25,291.206017,21.61815209,212,7.72759434
22/10/2021,CITY MARKET,CHICKEN INN,574.2284415,543.75,-30.47844153,-5.307720643,167,3.255988024
22/10/2021,JUNCTION,CHICKEN INN,2139.157667,1777.5,-361.6576672,-16.90654563,213,8.345070423
22/10/2021,Bon Marche,CHICKEN INN,1464.032082,622,-842.0320823,-57.51459223,78,7.974358974
22/10/2021,OASIS,CHICKEN INN,706.8385378,762.5,55.66146224,7.874706778,76,10.03289474
23/10/2021,Bon Marche,CHICKEN INN,2465.589428,987.5,-1478.089428,-59.94872508,99,9.974747475
23/10/2021,OASIS,CHICKEN INN,838.2438863,859.5,21.25611367,2.535791077,109,7.885321101
23/10/2021,JUNCTION,CHICKEN INN,3602.574419,2984.75,-617.8244188,-17.14952551,309,9.659385113
23/10/2021,CARREFOUR,CHICKEN INN,2180.056558,2151.5,-28.5565578,-1.30989986,238,9.039915966
23/10/2021,LA PIAZZA,CHICKEN INN,1701.063047,1322.75,-378.313047,-22.23980162,184,7.188858696
23/10/2021,CITY MARKET,CHICKEN INN,715.7570864,623,-92.75708636,-12.95929696,178,3.5
24/10/2021,Bon Marche,CHICKEN INN,3116.2409,1598.25,-1517.9909,-48.71224493,174,9.185344828
24/10/2021,JUNCTION,CHICKEN INN,4553.268124,3687.5,-865.7681244,-19.01421354,409,9.015892421
24/10/2021,OASIS,CHICKEN INN,1610.479505,1592.25,-18.22950454,-1.131930241,175,9.098571429
24/10/2021,CARREFOUR,CHICKEN INN,3083.99865,2987.75,-96.24864998,-3.120904414,316,9.454905063
24/10/2021,LA PIAZZA,CHICKEN INN,2064.499559,1894.5,-169.9995589,-8.234419727,264,7.176136364
24/10/2021,CITY MARKET,CHICKEN INN,460.3508494,651.5,191.1491506,41.52249331,164,3.972560976
25/10/2021,LA PIAZZA,CHICKEN INN,980.5506172,878,-102.5506172,-10.45847255,162,5.419753086
25/10/2021,CARREFOUR,CHICKEN INN,1349.440197,1746.5,397.059803,29.42403849,183,9.543715847
25/10/2021,CITY MARKET,CHICKEN INN,616.2462883,587.75,-28.49628833,-4.624172002,162,3.62808642
25/10/2021,JUNCTION,CHICKEN INN,1461.12512,1603.5,142.3748803,9.744194959,183,8.762295082
25/10/2021,Bon Marche,CHICKEN INN,999.9889603,580.5,-419.4889603,-41.94935914,69,8.413043478
25/10/2021,OASIS,CHICKEN INN,484.6718205,618.5,133.8281795,27.61212305,79,7.829113924
26/10/2021,Bon Marche,CHICKEN INN,1021.52664,494.25,-527.2766404,-51.61653348,56,8.825892857
26/10/2021,JUNCTION,CHICKEN INN,1492.594712,1764.5,271.9052876,18.21695369,200,8.8225
26/10/2021,OASIS,CHICKEN INN,463.585846,695.5,231.914154,50.02615071,91,7.642857143
26/10/2021,CARREFOUR,CHICKEN INN,1272.753439,1215.75,-57.00343932,-4.47874958,196,6.202806122
26/10/2021,LA PIAZZA,CHICKEN INN,997.9216813,899.5,-98.42168129,-9.862665892,163,5.518404908
26/10/2021,CITY MARKET,CHICKEN INN,637.3351132,489,-148.3351132,-23.27427284,141,3.468085106
27/10/2021,LA PIAZZA,CHICKEN INN,929.5384718,784.25,-145.2884718,-15.63017306,146,5.371575342
27/10/2021,CARREFOUR,CHICKEN INN,1130.886496,1244.5,113.6135037,10.04641086,164,7.588414634
27/10/2021,CITY MARKET,CHICKEN INN,582.9763603,554.5,-28.47636031,-4.884650948,171,3.242690058
27/10/2021,JUNCTION,CHICKEN INN,1458.177199,1341,-117.1771989,-8.035868275,159,8.433962264
27/10/2021,Bon Marche,CHICKEN INN,997.9714136,540,-457.9714136,-45.89023366,56,9.642857143
27/10/2021,OASIS,CHICKEN INN,446.4725913,677.5,231.0274087,51.74503726,75,9.033333333
28/10/2021,OASIS,CHICKEN INN,556.4863715,669.5,113.0136285,20.308427,80,8.36875
28/10/2021,Bon Marche,CHICKEN INN,1450.571953,603.5,-847.0719528,-58.39572116,83,7.271084337
28/10/2021,JUNCTION,CHICKEN INN,2119.490517,1797.25,-322.2405166,-15.20367815,232,7.746767241
28/10/2021,CITY MARKET,CHICKEN INN,633.4276751,494.75,-138.6776751,-21.89321379,160,3.0921875
28/10/2021,LA PIAZZA,CHICKEN INN,1075.404453,947.25,-128.1544529,-11.91686091,170,5.572058824
28/10/2021,CARREFOUR,CHICKEN INN,1116.746461,1342.75,226.0035391,20.23767677,184,7.297554348
29/10/2021,LA PIAZZA,CHICKEN INN,929.2563854,1203,273.7436146,29.45835175,138,8.717391304
29/10/2021,CARREFOUR,CHICKEN INN,1160.36072,1862.75,702.3892802,60.53197666,211,8.828199052
29/10/2021,CITY MARKET,CHICKEN INN,611.2511597,716.25,104.9988403,17.1776918,199,3.599246231
29/10/2021,JUNCTION,CHICKEN INN,1455.702667,1909,453.2973332,31.13941765,219,8.716894977
29/10/2021,Bon Marche,CHICKEN INN,996.2778524,524.5,-471.7778524,-47.35404398,65,8.069230769
29/10/2021,OASIS,CHICKEN INN,568.7101248,748,179.2898752,31.5257048,84,8.904761905
30/10/2021,Bon Marche,CHICKEN INN,1089.769792,845,-244.7697919,-22.46068791,92,9.184782609
30/10/2021,JUNCTION,CHICKEN INN,1592.307596,2790.25,1197.942404,75.23310236,294,9.490646259
30/10/2021,OASIS,CHICKEN INN,752.0664252,1065.75,313.6835748,41.70955707,112,9.515625
30/10/2021,CARREFOUR,CHICKEN INN,1122.74095,2619.75,1497.00905,133.3352141,301,8.703488372
30/10/2021,CITY MARKET,CHICKEN INN,564.856776,1001.25,436.393224,77.25732301,221,4.530542986
30/10/2021,LA PIAZZA,CHICKEN INN,944.4253555,1507.75,563.3246445,59.64734442,188,8.019946809
31/10/2021,LA PIAZZA,CHICKEN INN,1254.638528,1482.25,227.6114716,18.14159748,202,7.337871287
31/10/2021,CARREFOUR,CHICKEN INN,1470.22362,3101.25,1631.02638,110.9372995,308,10.06899351
31/10/2021,CITY MARKET,CHICKEN INN,652.176161,491.5,-160.676161,-24.63692643,132,3.723484848
31/10/2021,JUNCTION,CHICKEN INN,2599.07635,4080,1480.92365,56.97884363,438,9.315068493
31/10/2021,Bon Marche,CHICKEN INN,1778.798833,1930.5,151.7011672,8.528292487,176,10.96875
31/10/2021,OASIS,CHICKEN INN,916.4759078,1570.5,654.0240922,71.36293345,189,8.30952381
1/11/2021,JUNCTION,CHICKEN INN,1737.133827,1196,-541.1338274,-31.15095791,155,7.716129032
1/11/2021,OASIS,CHICKEN INN,632.7641622,605.5,-27.2641622,-4.308739942,86,7.040697674
1/11/2021,Bon Marche,CHICKEN INN,703.5574372,554,-149.5574372,-21.25731736,75,7.386666667
1/11/2021,CITY MARKET,CHICKEN INN,584.801921,609.5,24.69807897,4.223323843,179,3.405027933
1/11/2021,CARREFOUR,CHICKEN INN,1367.886249,1392.75,24.86375064,1.817676774,206,6.76092233
1/11/2021,LA PIAZZA,CHICKEN INN,1094.755704,894,-200.7557045,-18.3379455,176,5.079545455
2/11/2021,LA PIAZZA,CHICKEN INN,962.4594167,918.5,-43.95941667,-4.567404704,174,5.278735632
2/11/2021,CARREFOUR,CHICKEN INN,1364.166146,1384.75,20.58385364,1.508896383,182,7.608516484
2/11/2021,CITY MARKET,CHICKEN INN,625.9130289,597.5,-28.4130289,-4.539453181,179,3.337988827
2/11/2021,JUNCTION,CHICKEN INN,2208.869979,1683.75,-525.1199792,-23.77324081,202,8.33539604
2/11/2021,Bon Marche,CHICKEN INN,894.6155312,659,-235.6155312,-26.3370714,76,8.671052632
2/11/2021,OASIS,CHICKEN INN,683.4775012,789,105.5224988,15.4390596,107,7.373831776
3/11/2021,Bon Marche,CHICKEN INN,717.094815,431,-286.094815,-39.896372,51,8.450980392
3/11/2021,JUNCTION,CHICKEN INN,1770.558585,1542.25,-228.3085852,-12.89472075,149,10.35067114
3/11/2021,OASIS,CHICKEN INN,708.8341708,896,187.1658292,26.40474133,102,8.784313725
3/11/2021,CITY MARKET,CHICKEN INN,551.9695226,621.25,69.28047742,12.55150413,152,4.087171053
3/11/2021,LA PIAZZA,CHICKEN INN,1052.241458,1005.25,-46.99145753,-4.465843575,157,6.402866242
3/11/2021,CARREFOUR,CHICKEN INN,1372.91933,1239.5,-133.4193299,-9.717929304,158,7.844936709
4/11/2021,LA PIAZZA,CHICKEN INN,982.5996874,708.25,-274.3496874,-27.92079938,136,5.207720588
4/11/2021,CARREFOUR,CHICKEN INN,1160.98725,1227,66.01274968,5.685915126,166,7.391566265
4/11/2021,CITY MARKET,CHICKEN INN,574.9813714,720,145.0186286,25.22144816,167,4.311377246
4/11/2021,JUNCTION,CHICKEN INN,2163.308777,1410.75,-752.5587773,-34.78739536,200,7.05375
4/11/2021,Bon Marche,CHICKEN INN,876.1627661,601,-275.1627661,-31.40543935,72,8.347222222
4/11/2021,OASIS,CHICKEN INN,729.1963448,654.5,-74.69634478,-10.24365321,72,9.090277778
5/11/2021,OASIS,CHICKEN INN,866.3528754,817.25,-49.10287538,-5.667768501,89,9.18258427
5/11/2021,Bon Marche,CHICKEN INN,1278.396932,563.5,-714.8969319,-55.92135854,72,7.826388889
5/11/2021,JUNCTION,CHICKEN INN,3156.453813,1812.5,-1343.953813,-42.57796542,205,8.841463415
5/11/2021,CARREFOUR,CHICKEN INN,1505.284971,1535.25,29.96502882,1.990654885,207,7.416666667
5/11/2021,LA PIAZZA,CHICKEN INN,965.5330694,867.75,-97.78306935,-10.12736616,172,5.04505814
5/11/2021,CITY MARKET,CHICKEN INN,628.1540218,631.5,3.345978171,0.532668431,185,3.413513514
6/11/2021,LA PIAZZA,CHICKEN INN,1552.905327,1419.5,-133.4053272,-8.590692867,209,6.791866029
6/11/2021,CARREFOUR,CHICKEN INN,2265.74405,2141.25,-124.4940497,-5.494621058,243,8.811728395
6/11/2021,CITY MARKET,CHICKEN INN,803.2570602,818.25,14.99293984,1.866518278,211,3.877962085
6/11/2021,JUNCTION,CHICKEN INN,4282.319534,2537,-1745.319534,-40.75640596,275,9.225454545
6/11/2021,Bon Marche,CHICKEN INN,1734.384369,1035,-699.3843686,-40.32464667,100,10.35
6/11/2021,OASIS,CHICKEN INN,1098.404821,1096,-2.404820714,-0.21893756,128,8.5625
7/11/2021,OASIS,CHICKEN INN,2136.107311,1974.25,-161.8573114,-7.577208809,204,9.677696078
7/11/2021,Bon Marche,CHICKEN INN,2144.663719,1861.5,-283.1637193,-13.20317571,186,10.00806452
7/11/2021,JUNCTION,CHICKEN INN,5295.328708,3869.75,-1425.578708,-26.92143938,399,9.698621554
7/11/2021,CARREFOUR,CHICKEN INN,2898.100287,3568.5,670.3997128,23.13238488,357,9.995798319
7/11/2021,LA PIAZZA,CHICKEN INN,2035.118051,1828.25,-206.8680506,-10.1649165,217,8.425115207
7/11/2021,CITY MARKET,CHICKEN INN,534.5740465,673.25,138.6759535,25.94139286,158,4.261075949
8/11/2021,LA PIAZZA,CHICKEN INN,1002.730728,1065.5,62.76927211,6.259833309,196,5.43622449
8/11/2021,CARREFOUR,CHICKEN INN,1197.330468,1586,388.6695317,32.46134146,217,7.30875576
8/11/2021,CITY MARKET,CHICKEN INN,622.8247184,645,22.1752816,3.560436981,184,3.505434783
8/11/2021,JUNCTION,CHICKEN INN,1860.999862,1507.25,-353.749862,-19.00859152,190,7.932894737
8/11/2021,Bon Marche,CHICKEN INN,753.7244816,651.5,-102.2244816,-13.56257945,71,9.176056338
8/11/2021,OASIS,CHICKEN INN,783.7516034,782.5,-1.251603447,-0.159693893,92,8.505434783
9/11/2021,OASIS,CHICKEN INN,706.529019,750.75,44.22098101,6.258905129,94,7.986702128
9/11/2021,JUNCTION,CHICKEN INN,2369.120578,1573.25,-795.8705779,-33.59350239,205,7.674390244
9/11/2021,Bon Marche,CHICKEN INN,959.518706,1123,163.481294,17.03784335,58,19.36206897
9/11/2021,CARREFOUR,CHICKEN INN,1529.951442,1593.25,63.29855764,4.137291935,220,7.242045455
9/11/2021,LA PIAZZA,CHICKEN INN,1146.50014,1109.25,-37.25013967,-3.249030539,190,5.838157895
9/11/2021,CITY MARKET,CHICKEN INN,480.9754222,554,73.02457776,15.18260069,182,3.043956044
10/11/2021,LA PIAZZA,CHICKEN INN,967.2129636,820.5,-146.7129636,-15.16863081,156,5.259615385
10/11/2021,CARREFOUR,CHICKEN INN,1128.364135,1526,397.6358647,35.24003043,195,7.825641026
10/11/2021,CITY MARKET,CHICKEN INN,493.3240341,511.75,18.4259659,3.735063494,136,3.762867647
10/11/2021,JUNCTION,CHICKEN INN,1898.152242,1194.5,-703.6522419,-37.07037962,172,6.944767442
10/11/2021,Bon Marche,CHICKEN INN,768.7715855,396.5,-372.2715855,-48.42421241,59,6.720338983
10/11/2021,OASIS,CHICKEN INN,864.4319156,721.5,-142.9319156,-16.53478001,88,8.198863636
11/11/2021,Bon Marche,CHICKEN INN,894.7710179,428.25,-466.5210179,-52.13859284,46,9.309782609
11/11/2021,OASIS,CHICKEN INN,602.0288052,477,-125.0288052,-20.76791079,62,7.693548387
11/11/2021,JUNCTION,CHICKEN INN,2209.253887,1579.75,-629.5038872,-28.49395856,192,8.227864583
11/11/2021,LA PIAZZA,CHICKEN INN,1003.016864,792.25,-210.7668637,-21.01329213,144,5.501736111
11/11/2021,CARREFOUR,CHICKEN INN,1154.36109,1216.25,61.88890961,5.361312862,161,7.554347826
11/11/2021,CITY MARKET,CHICKEN INN,497.3893064,541.75,44.36069361,8.918706743,157,3.450636943
12/11/2021,LA PIAZZA,CHICKEN INN,1032.664228,1107.5,74.8357717,7.246863951,185,5.986486486
12/11/2021,CARREFOUR,CHICKEN INN,1145.870502,1514.25,368.3794976,32.14844058,214,7.075934579
12/11/2021,CITY MARKET,CHICKEN INN,640.7850729,587.25,-53.53507288,-8.354606738,160,3.6703125
12/11/2021,JUNCTION,CHICKEN INN,2396.88579,2301.5,-95.38578983,-3.979571752,284,8.103873239
12/11/2021,Bon Marche,CHICKEN INN,970.7639083,455.5,-515.2639083,-53.07818965,65,7.007692308
12/11/2021,OASIS,CHICKEN INN,706.144827,797.75,91.60517297,12.9725758,88,9.065340909
13/11/2021,LA PIAZZA,CHICKEN INN,1578.925228,1091.25,-487.6752278,-30.88653086,172,6.344476744
13/11/2021,CARREFOUR,CHICKEN INN,1649.309853,1666.5,17.19014706,1.042263043,209,7.973684211
13/11/2021,CITY MARKET,CHICKEN INN,653.2725893,573.5,-79.77258926,-12.21122554,165,3.475757576
13/11/2021,JUNCTION,CHICKEN INN,4494.311013,2300.25,-2194.061013,-48.81862886,232,9.91487069
13/11/2021,Bon Marche,CHICKEN INN,1820.243143,797,-1023.243143,-56.21464073,76,10.48684211
13/11/2021,OASIS,CHICKEN INN,1159.107151,1063.75,-95.35715078,-8.226776163,123,8.648373984
14/11/2021,Bon Marche,CHICKEN INN,2154.163458,1605.75,-548.4134576,-25.45830288,173,9.281791908
14/11/2021,JUNCTION,CHICKEN INN,5318.784244,3696,-1622.784244,-30.51043565,398,9.286432161
14/11/2021,OASIS,CHICKEN INN,2106.140338,1734.92,-371.2203383,-17.62562216,171,10.14573099
14/11/2021,CARREFOUR,CHICKEN INN,2776.089662,2912.75,136.660338,4.922763837,294,9.907312925
14/11/2021,LA PIAZZA,CHICKEN INN,2077.355392,1413.75,-663.6053919,-31.94472137,181,7.810773481
14/11/2021,CITY MARKET,CHICKEN INN,535.5510083,503.75,-31.80100828,-5.937998022,122,4.129098361
15/11/2021,OASIS,CHICKEN INN,730.3489207,756.25,25.90107934,3.546397975,88,8.59375
15/11/2021,Bon Marche,CHICKEN INN,575.1354211,346.75,-228.3854211,-39.7098514,52,6.668269231
15/11/2021,JUNCTION,CHICKEN INN,1420.050649,1484,63.94935099,4.503314796,205,7.23902439
15/11/2021,LA PIAZZA,CHICKEN INN,1034.621028,1088.5,53.87897179,5.207604555,153,7.114379085
15/11/2021,CARREFOUR,CHICKEN INN,1203.168842,1250,46.83115826,3.892318072,182,6.868131868
15/11/2021,CITY MARKET,CHICKEN INN,559.4055446,621.5,62.09445543,11.10007865,188,3.305851064
16/11/2021,LA PIAZZA,CHICKEN INN,766.3825282,908,141.6174718,18.47869263,160,5.675
16/11/2021,CARREFOUR,CHICKEN INN,1223.327423,951.75,-271.5774234,-22.19989663,168,5.665178571
16/11/2021,CITY MARKET,CHICKEN INN,581.0144578,483.25,-97.76445778,-16.82651033,147,3.287414966
16/11/2021,JUNCTION,CHICKEN INN,1559.273001,1777.5,218.2269993,13.99543244,210,8.464285714
16/11/2021,Bon Marche,CHICKEN INN,631.5219351,446,-185.5219351,-29.37695823,55,8.109090909
16/11/2021,OASIS,CHICKEN INN,647.3634568,758.75,111.3865432,17.20618334,78,9.727564103
17/11/2021,LA PIAZZA,CHICKEN INN,822.6036047,610.75,-211.8536047,-25.75403311,108,5.655092593
17/11/2021,CARREFOUR,CHICKEN INN,1118.017872,1364.75,246.7321276,22.0687105,186,7.337365591
17/11/2021,CITY MARKET,CHICKEN INN,554.0762411,558,3.923758862,0.708162266,141,3.957446809
17/11/2021,JUNCTION,CHICKEN INN,1947.676364,1519.75,-427.9263643,-21.97112273,213,7.134976526
17/11/2021,Bon Marche,CHICKEN INN,788.829375,452.25,-336.579375,-42.66821009,60,7.5375
17/11/2021,OASIS,CHICKEN INN,773.3784205,724,-49.37842046,-6.38476833,86,8.418604651
18/11/2021,Bon Marche,CHICKEN INN,720.4352721,475,-245.4352721,-34.06763683,67,7.089552239
18/11/2021,JUNCTION,CHICKEN INN,1778.806414,1555.25,-223.5564135,-12.56777645,202,7.699257426
18/11/2021,OASIS,CHICKEN INN,912.4559109,626.5,-285.9559109,-31.33914828,76,8.243421053
18/11/2021,CARREFOUR,CHICKEN INN,1257.806213,1256.75,-1.056213316,-0.083972659,176,7.140625
18/11/2021,LA PIAZZA,CHICKEN INN,976.4431518,840,-136.4431518,-13.97348648,123,6.829268293
18/11/2021,CITY MARKET,CHICKEN INN,533.8702636,471.5,-62.37026358,-11.68266297,137,3.441605839
19/11/2021,LA PIAZZA,CHICKEN INN,840.5101699,855.75,15.23983014,1.813164277,146,5.86130137
19/11/2021,CARREFOUR,CHICKEN INN,1097.3341,1363.5,266.1659003,24.25568479,174,7.836206897
19/11/2021,CITY MARKET,CHICKEN INN,566.702662,508,-58.70266204,-10.35863531,149,3.409395973
19/11/2021,JUNCTION,CHICKEN INN,2301.416558,1870.25,-431.1665576,-18.73483339,223,8.3867713
19/11/2021,Bon Marche,CHICKEN INN,932.097867,577.5,-354.597867,-38.04298664,75,7.7
19/11/2021,OASIS,CHICKEN INN,579.3614794,514.79,-64.57147941,-11.14528351,73,7.051917808
20/11/2021,OASIS,CHICKEN INN,1648.951903,1015.5,-633.4519029,-38.4154263,104,9.764423077
20/11/2021,Bon Marche,CHICKEN INN,1426.891785,919.75,-507.1417846,-35.54171312,77,11.94480519
20/11/2021,JUNCTION,CHICKEN INN,3523.098266,2902.25,-620.8482661,-17.62222394,318,9.126572327
20/11/2021,CARREFOUR,CHICKEN INN,1967.873214,1884.25,-83.62321423,-4.249420828,214,8.804906542
20/11/2021,LA PIAZZA,CHICKEN INN,1402.711704,1292.5,-110.2117044,-7.857046038,170,7.602941176
20/11/2021,CITY MARKET,CHICKEN INN,679.229214,568,-111.229214,-16.37579946,138,4.115942029
21/11/2021,LA PIAZZA,CHICKEN INN,1541.718339,2335,793.281661,51.45438313,272,8.584558824
21/11/2021,CARREFOUR,CHICKEN INN,2977.675479,3618,640.3245213,21.50417418,294,12.30612245
21/11/2021,JUNCTION,CHICKEN INN,5783.387139,3661,-2122.387139,-36.69799528,360,10.16944444
21/11/2021,Bon Marche,CHICKEN INN,2342.332508,1687.5,-654.8325076,-27.95642828,151,11.17549669
21/11/2021,OASIS,CHICKEN INN,2075.404981,1607.75,-467.6549813,-22.53319162,178,9.032303371
22/11/2021,OASIS,CHICKEN INN,834.8491345,842.5,7.650865543,0.916436902,96,8.776041667
22/11/2021,Bon Marche,CHICKEN INN,780.6236877,461.75,-318.8736877,-40.8485795,57,8.100877193
22/11/2021,JUNCTION,CHICKEN INN,1927.415933,1838,-89.41593317,-4.639161254,207,8.879227053
22/11/2021,LA PIAZZA,CHICKEN INN,921.9019696,907,-14.90196962,-1.616437551,148,6.128378378
22/11/2021,CARREFOUR,CHICKEN INN,1313.774069,1214.5,-99.27406879,-7.556403429,151,8.043046358
23/11/2021,LA PIAZZA,CHICKEN INN,971.4034691,1006.5,35.09653094,3.612971546,166,6.063253012
23/11/2021,CARREFOUR,CHICKEN INN,1460.451165,1593.25,132.7988348,9.093000712,223,7.144618834
23/11/2021,JUNCTION,CHICKEN INN,2059.517412,1598,-461.517412,-22.40900753,208,7.682692308
23/11/2021,Bon Marche,CHICKEN INN,834.1261735,431.25,-402.8761735,-48.29918857,54,7.986111111
23/11/2021,OASIS,CHICKEN INN,860.9741879,709.25,-151.7241879,-17.6223852,85,8.344117647
24/11/2021,OASIS,CHICKEN INN,599.7236534,960.75,361.0263466,60.19878398,93,10.33064516
24/11/2021,JUNCTION,CHICKEN INN,2139.828473,1826.25,-313.5784732,-14.65437427,200,9.13125
24/11/2021,Bon Marche,CHICKEN INN,866.6529964,398,-468.6529964,-54.0761987,56,7.107142857
24/11/2021,LA PIAZZA,CHICKEN INN,845.2637168,921.25,75.98628321,8.989653962,126,7.311507937
24/11/2021,CARREFOUR,CHICKEN INN,1126.50846,1614.75,488.2415396,43.34113384,167,9.669161677
25/11/2021,LA PIAZZA,CHICKEN INN,1011.68401,1414.75,403.0659895,39.84109518,167,8.471556886
25/11/2021,CARREFOUR,CHICKEN INN,1582.207948,2030.25,448.042052,28.31751999,207,9.807971014
25/11/2021,JUNCTION,CHICKEN INN,2135.320651,1622.25,-513.0706511,-24.02780355,195,8.319230769
25/11/2021,Bon Marche,CHICKEN INN,864.8272811,506.25,-358.5772811,-41.46229992,57,8.881578947
25/11/2021,OASIS,CHICKEN INN,1150.654928,770,-380.6549276,-33.08158845,82,9.390243902
26/11/2021,Bon Marche,CHICKEN INN,943.8596865,356.75,-587.1096865,-62.20306841,48,7.432291667
26/11/2021,JUNCTION,CHICKEN INN,2330.457335,2286.75,-43.70733455,-1.875483147,254,9.002952756
26/11/2021,OASIS,CHICKEN INN,955.1012187,839.75,-115.3512187,-12.07738159,92,9.127717391
26/11/2021,LA PIAZZA,CHICKEN INN,936.7256519,1069.25,132.5243481,14.14761599,142,7.529929577
26/11/2021,CARREFOUR,CHICKEN INN,1291.759812,1560.75,268.9901878,20.82354515,184,8.482336957
27/11/2021,OASIS,CHICKEN INN,1215.583369,1084.5,-131.0833693,-10.78357705,118,9.190677966
27/11/2021,Bon Marche,CHICKEN INN,1558.057389,851.25,-706.8073894,-45.36465692,82,10.38109756
27/11/2021,LA PIAZZA,CHICKEN INN,1273.765975,1824,550.2340251,43.19741899,211,8.644549763
27/11/2021,CARREFOUR,CHICKEN INN,1465.492999,2313,847.5070011,57.83084612,228,10.14473684
27/11/2021,JUNCTION,CHICKEN INN,3846.955562,2965.25,-881.7055618,-22.91956711,287,10.33188153
28/11/2021,Bon Marche,CHICKEN INN,2101.578845,2013.25,-88.32884516,-4.202975556,172,11.70494186
28/11/2021,JUNCTION,CHICKEN INN,5188.949061,3670.75,-1518.199061,-29.25831499,357,10.28221289
28/11/2021,OASIS,CHICKEN INN,1931.717187,1468.75,-462.9671873,-23.96661325,152,9.662828947
28/11/2021,LA PIAZZA,CHICKEN INN,1812.190545,1897.5,85.30945543,4.707532312,210,9.035714286
28/11/2021,CARREFOUR,CHICKEN INN,2912.420495,3722.5,810.0795045,27.81464784,329,11.31458967
29/11/2021,LA PIAZZA,CHICKEN INN,921.9019696,1138.75,216.8480304,23.52181008,171,6.659356725
29/11/2021,CARREFOUR,CHICKEN INN,1313.774069,1457,143.2259312,10.90186925,164,8.884146341
29/11/2021,Bon Marche,CHICKEN INN,780.6236877,284.75,-495.8736877,-63.52275693,39,7.301282051
29/11/2021,OASIS,CHICKEN INN,834.8491345,537.5,-297.3491345,-35.61710999,59,9.110169492
29/11/2021,JUNCTION,CHICKEN INN,1927.415933,1654.75,-272.6659332,-14.14670951,204,8.111519608
30/11/2021,LA PIAZZA,CHICKEN INN,971.4034691,1107.5,136.0965309,14.01029904,173,6.401734104
30/11/2021,CARREFOUR,CHICKEN INN,1460.451165,1703.5,243.0488348,16.64203779,237,7.187763713
30/11/2021,JUNCTION,CHICKEN INN,2059.517412,2832.5,772.982588,37.53221913,245,11.56122449
30/11/2021,Bon Marche,CHICKEN INN,834.1261735,394,-440.1261735,-52.76493982,50,7.88
30/11/2021,OASIS,CHICKEN INN,860.9741879,640.25,-220.7241879,-25.63656275,78,8.208333333
1/12/2021,Bon Marche,CHICKEN INN,718.3158597,495,-223.3158597,-31.08881096,58,8.534482759
1/12/2021,OASIS,CHICKEN INN,721.1005092,492.25,-228.8505092,-31.73628451,65,7.573076923
1/12/2021,CARREFOUR,CHICKEN INN,1426.299874,1605,178.7001256,12.52893089,188,8.537234043
1/12/2021,LA PIAZZA,CHICKEN INN,795.6575769,993.5,197.8424231,24.8652723,158,6.287974684
1/12/2021,JUNCTION,CHICKEN INN,1791.963337,1431.25,-360.7133365,-20.12950428,188,7.613031915
2/12/2021,LA PIAZZA,CHICKEN INN,839.2668037,947,107.7331963,12.83658496,150,6.313333333
2/12/2021,CARREFOUR,CHICKEN INN,1204.952401,1564.5,359.5475987,29.83915367,199,7.861809045
2/12/2021,JUNCTION,CHICKEN INN,1966.967409,2422.25,455.2825908,23.1464227,220,11.01022727
2/12/2021,Bon Marche,CHICKEN INN,788.4669606,425.25,-363.2169606,-46.06622456,48,8.859375
2/12/2021,OASIS,CHICKEN INN,812.2233982,649,-163.2233982,-20.09587492,79,8.215189873
3/12/2021,OASIS,CHICKEN INN,886.6351691,562,-324.6351691,-36.61428967,73,7.698630137
3/12/2021,Bon Marche,CHICKEN INN,811.1393228,321.5,-489.6393228,-60.36439229,37,8.689189189
3/12/2021,JUNCTION,CHICKEN INN,2023.527544,1706.75,-316.7775438,-15.65471865,193,8.843264249
3/12/2021,LA PIAZZA,CHICKEN INN,886.1484632,1054.25,168.1015368,18.96990671,158,6.672468354
3/12/2021,CARREFOUR,CHICKEN INN,1492.419527,1634.25,141.8304733,9.503391689,203,8.050492611
4/12/2021,LA PIAZZA,CHICKEN INN,1294.529493,1765.75,471.2205068,36.40090931,222,7.953828829
4/12/2021,CARREFOUR,CHICKEN INN,1806.47997,2464.25,657.77003,36.41169794,260,9.477884615
4/12/2021,JUNCTION,CHICKEN INN,2733.042326,2782.5,49.45767353,1.809619743,261,10.66091954
4/12/2021,Bon Marche,CHICKEN INN,1095.551236,953.5,-142.0512361,-12.96618829,94,10.14361702
4/12/2021,OASIS,CHICKEN INN,1155.589579,963.75,-191.8395785,-16.60101321,104,9.266826923
5/12/2021,OASIS,CHICKEN INN,1687.192315,1446.75,-240.4423151,-14.2510319,155,9.333870968
5/12/2021,JUNCTION,CHICKEN INN,3801.827823,3393.75,-408.0778228,-10.73372709,353,9.614022663
5/12/2021,Bon Marche,CHICKEN INN,1523.97829,1825,301.0217102,19.75236211,154,11.85064935
5/12/2021,LA PIAZZA,CHICKEN INN,1520.520753,2139.25,618.7292466,40.69193039,242,8.839876033
5/12/2021,CARREFOUR,CHICKEN INN,2185.205496,3490.75,1305.544504,59.74470162,341,10.23680352
6/12/2021,LA PIAZZA,CHICKEN INN,967.0309302,1102,134.9690698,13.9570582,181,6.08839779
6/12/2021,CARREFOUR,CHICKEN INN,954.3791565,1406,451.6208435,47.3209039,161,8.732919255
6/12/2021,JUNCTION,CHICKEN INN,1511.593703,1274.75,-236.8437029,-15.66847642,163,7.820552147
6/12/2021,Bon Marche,CHICKEN INN,605.9285411,238,-367.9285411,-60.72144092,39,6.102564103
6/12/2021,OASIS,CHICKEN INN,703.4434788,833.25,129.8065212,18.45301366,87,9.577586207
7/12/2021,OASIS,CHICKEN INN,866.4557058,733,-133.4557058,-15.4024845,94,7.79787234
7/12/2021,JUNCTION,CHICKEN INN,1623.493324,1686.25,62.75667636,3.865533381,186,9.065860215
7/12/2021,Bon Marche,CHICKEN INN,650.7839634,471,-179.7839634,-27.62575195,59,7.983050847
7/12/2021,LA PIAZZA,CHICKEN INN,839.9708022,1348,508.0291978,60.4817687,205,6.575609756
7/12/2021,CARREFOUR,CHICKEN INN,1088.049314,1495.5,407.4506855,37.44781418,200,7.4775
8/12/2021,LA PIAZZA,CHICKEN INN,870.915792,1324.5,453.584208,52.0812933,182,7.277472527
8/12/2021,CARREFOUR,CHICKEN INN,1413.604016,1435.5,21.89598421,1.548947511,186,7.717741935
8/12/2021,JUNCTION,CHICKEN INN,2782.586296,1382,-1400.586296,-50.3339752,147,9.401360544
8/12/2021,Bon Marche,CHICKEN INN,1115.41114,410,-705.4111398,-63.24225343,49,8.367346939
8/12/2021,OASIS,CHICKEN INN,460.0287026,589,128.9712974,28.03548923,73,8.068493151
9/12/2021,Bon Marche,CHICKEN INN,867.2322434,395,-472.2322434,-54.45280051,51,7.745098039
9/12/2021,LA PIAZZA,CHICKEN INN,864.1156305,1346.25,482.1343695,55.79512191,191,7.048429319
9/12/2021,CARREFOUR,CHICKEN INN,1179.797842,1697.5,517.7021579,43.88058186,211,8.045023697
9/12/2021,JUNCTION,CHICKEN INN,2163.461051,1335,-828.4610506,-38.29331942,170,7.852941176
9/12/2021,OASIS,CHICKEN INN,746.0095342,618.75,-127.2595342,-17.05870078,80,7.734375
10/12/2021,OASIS,CHICKEN INN,923.8410546,704.5,-219.3410546,-23.74229349,64,11.0078125
10/12/2021,Bon Marche,CHICKEN INN,913.9379673,430.25,-483.6879673,-52.92350079,46,9.35326087
10/12/2021,JUNCTION,CHICKEN INN,2279.976569,1908.25,-371.7265691,-16.30396444,191,9.990837696
10/12/2021,KIN ALILAC,CHICKEN INN,672.2120593,118.5,-553.7120593,-82.37163431,13,9.115384615
10/12/2021,CARREFOUR,CHICKEN INN,1171.655417,1747.75,576.0945828,49.16928428,207,8.443236715
10/12/2021,LA PIAZZA,CHICKEN INN,1065.258064,1208.25,142.991936,13.42322024,167,7.23502994
11/12/2021,Bon Marche,CHICKEN INN,1367.603135,865,-502.6031347,-36.75065682,84,10.29761905
11/12/2021,JUNCTION,CHICKEN INN,3411.722912,3706.08,294.3570883,8.627813451,292,12.69205479
11/12/2021,OASIS,CHICKEN INN,1270.67558,790.5,-480.1755802,-37.78899884,88,8.982954545
11/12/2021,CARREFOUR,CHICKEN INN,2055.369393,2430.75,375.3806071,18.2634133,260,9.349038462
11/12/2021,LA PIAZZA,CHICKEN INN,1633.756207,1645.5,11.74379275,0.718821615,207,7.949275362
11/12/2021,KIN ALILAC,CHICKEN INN,924.5783614,425.55,-499.0283614,-53.9736146,48,8.865625
12/12/2021,LA PIAZZA,CHICKEN INN,1447.150183,2120.75,673.5998173,46.54664218,230,9.220652174
12/12/2021,CARREFOUR,CHICKEN INN,2364.868497,3225.25,860.3815028,36.38179053,319,10.11050157
12/12/2021,KIN ALILAC,CHICKEN INN,412.09012,1181,768.90988,186.5877979,110,10.73636364
12/12/2021,JUNCTION,CHICKEN INN,4012.569202,3395.25,-617.3192021,-15.3846369,324,10.47916667
12/12/2021,Bon Marche,CHICKEN INN,1608.454837,1703.25,94.79516319,5.893554548,150,11.355
12/12/2021,OASIS,CHICKEN INN,1731.019587,1508.5,-222.519587,-12.85482779,141,10.69858156
13/12/2021,Bon Marche,CHICKEN INN,858.1575421,406.75,-451.4075421,-52.60194311,40,10.16875
13/12/2021,JUNCTION,CHICKEN INN,2140.822636,1333.75,-807.0726362,-37.69918267,169,7.892011834
13/12/2021,OASIS,CHICKEN INN,705.3353035,702.75,-2.585303469,-0.366535385,83,8.46686747
13/12/2021,CARREFOUR,CHICKEN INN,1137.401896,1375,237.5981043,20.88954706,183,7.513661202
13/12/2021,LA PIAZZA,CHICKEN INN,874.1959609,1021.75,147.5540391,16.87882874,165,6.192424242
13/12/2021,KIN ALILAC,CHICKEN INN,248.9358207,446.25,197.3141793,79.2630722,63,7.083333333
14/12/2021,LA PIAZZA,CHICKEN INN,1020.248576,1044.25,24.00142363,2.352507436,180,5.801388889
14/12/2021,CARREFOUR,CHICKEN INN,1274.186729,1521.25,247.0632712,19.38987949,170,8.948529412
14/12/2021,KIN ALILAC,CHICKEN INN,290.5257265,551.5,260.9742735,89.82828357,68,8.110294118
14/12/2021,JUNCTION,CHICKEN INN,2529.891535,1850.5,-679.3915346,-26.85457164,216,8.56712963
14/12/2021,Bon Marche,CHICKEN INN,1014.117407,1024.5,10.38259279,1.023805796,44,23.28409091
14/12/2021,OASIS,CHICKEN INN,836.1865109,622,-214.1865109,-25.61468142,92,6.760869565
15/12/2021,OASIS,CHICKEN INN,714.1638187,676.75,-37.41381867,-5.23882864,89,7.603932584
15/12/2021,Bon Marche,CHICKEN INN,944.291137,548,-396.291137,-41.96705036,65,8.430769231
15/12/2021,JUNCTION,CHICKEN INN,2355.697808,1843,-512.6978085,-21.76415866,168,10.9702381
15/12/2021,KIN ALILAC,CHICKEN INN,277.0413357,460,182.9586643,66.04020435,54,8.518518519
15/12/2021,LA PIAZZA,CHICKEN INN,972.8950058,1023.25,50.35499422,5.175789157,138,7.414855072
15/12/2021,CARREFOUR,CHICKEN INN,1404.25999,1718.5,314.2400097,22.37762322,204,8.424019608
16/12/2021,LA PIAZZA,CHICKEN INN,1032.440902,1124,91.55909766,8.86821681,149,7.543624161
16/12/2021,CARREFOUR,CHICKEN INN,1275.143266,1208,-67.1432661,-5.265546852,149,8.10738255
16/12/2021,KIN ALILAC,CHICKEN INN,293.9976102,486,192.0023898,65.30746617,72,6.75
16/12/2021,JUNCTION,CHICKEN INN,2301.732834,1267.75,-1033.982834,-44.92193094,133,9.531954887
16/12/2021,Bon Marche,CHICKEN INN,922.6590555,423,-499.6590555,-54.15424609,50,8.46
16/12/2021,OASIS,CHICKEN INN,741.2799725,738.75,-2.529972488,-0.341297834,80,9.234375
17/12/2021,Bon Marche,CHICKEN INN,1057.599495,514.75,-542.8494946,-51.32845632,63,8.170634921
17/12/2021,JUNCTION,CHICKEN INN,2638.365133,1551.25,-1087.115133,-41.20411992,163,9.516871166
17/12/2021,OASIS,CHICKEN INN,851.6364125,624.25,-227.3864125,-26.69994015,79,7.901898734
17/12/2021,CARREFOUR,CHICKEN INN,1258.139037,1848.75,590.610963,46.94321896,209,8.84569378
17/12/2021,KIN ALILAC,CHICKEN INN,356.2800307,459.25,102.9699693,28.90141472,58,7.918103448
17/12/2021,LA PIAZZA,CHICKEN INN,1251.16009,1197.5,-53.66009002,-4.288826861,140,8.553571429
18/12/2021,LA PIAZZA,CHICKEN INN,1407.293036,1917.5,510.2069641,36.25449363,228,8.410087719
18/12/2021,CARREFOUR,CHICKEN INN,1628.247823,2107.25,479.0021775,29.41825997,230,9.161956522
18/12/2021,KIN ALILAC,CHICKEN INN,400.7404089,1042.75,642.0095911,160.2058532,122,8.547131148
18/12/2021,JUNCTION,CHICKEN INN,2989.296458,2748.25,-241.0464583,-8.063651822,288,9.542534722
18/12/2021,Bon Marche,CHICKEN INN,1198.271757,827.75,-370.5217568,-30.92134607,78,10.61217949
18/12/2021,OASIS,CHICKEN INN,1056.584087,782,-274.5840867,-25.9879067,91,8.593406593
19/12/2021,JUNCTION,CHICKEN INN,5006.80282,3666.25,-1340.55282,-26.7746278,367,9.989782016
19/12/2021,OASIS,CHICKEN INN,1777.369292,1305,-472.3692918,-26.57687932,134,9.73880597
19/12/2021,Bon Marche,CHICKEN INN,2006.997464,1307.5,-699.4974639,-34.85293213,119,10.98739496
19/12/2021,KIN ALILAC,CHICKEN INN,389.5250792,1538.75,1149.224921,295.032331,165,9.325757576
19/12/2021,CARREFOUR,CHICKEN INN,2501.179014,3128.25,627.0709857,25.0710158,268,11.67257463
19/12/2021,LA PIAZZA,CHICKEN INN,1367.9078,1881.5,513.5921998,37.54581996,221,8.513574661
20/12/2021,LA PIAZZA,CHICKEN INN,1132.068297,1268.75,136.6817031,12.07362696,164,7.736280488
20/12/2021,CARREFOUR,CHICKEN INN,1108.413282,1198.25,89.836718,8.104983895,154,7.780844156
20/12/2021,KIN ALILAC,CHICKEN INN,322.3674819,874.25,551.8825181,171.1967085,95,9.202631579
20/12/2021,JUNCTION,CHICKEN INN,1725.750847,1593.25,-132.5008467,-7.677866532,164,9.714939024
20/12/2021,Bon Marche,CHICKEN INN,691.7743113,392,-299.7743113,-43.33412016,49,8
20/12/2021,OASIS,CHICKEN INN,624.3021461,804,179.6978539,28.78379563,90,8.933333333
21/12/2021,Bon Marche,CHICKEN INN,1081.89601,474,-607.8960103,-56.18802588,53,8.943396226
21/12/2021,JUNCTION,CHICKEN INN,2698.977001,1716.5,-982.4770006,-36.4018293,197,8.71319797
21/12/2021,OASIS,CHICKEN INN,767.1349099,699.25,-67.88490985,-8.849148824,88,7.946022727
21/12/2021,KIN ALILAC,CHICKEN INN,413.6255914,599.25,185.6244086,44.8773994,78,7.682692308
21/12/2021,LA PIAZZA,CHICKEN INN,1452.542347,1273.25,-179.2923472,-12.34334734,182,6.995879121
21/12/2021,CARREFOUR,CHICKEN INN,1909.240534,1477.25,-431.9905344,-22.62630227,168,8.793154762
22/12/2021,LA PIAZZA,CHICKEN INN,972.8950058,1268.5,295.6049942,30.38405917,161,7.878881988
22/12/2021,CARREFOUR,CHICKEN INN,1360.425285,1482.5,122.0747146,8.973275926,153,9.689542484
22/12/2021,KIN ALILAC,CHICKEN INN,277.0413357,689.25,412.2086643,148.7895888,87,7.922413793
22/12/2021,JUNCTION,CHICKEN INN,2355.697808,1977.75,-377.9478085,-16.04398523,232,8.524784483
22/12/2021,Bon Marche,CHICKEN INN,1293.216899,506,-787.216899,-60.87276617,66,7.666666667
22/12/2021,OASIS,CHICKEN INN,778.1705539,665.5,-112.6705539,-14.47890225,71,9.373239437
23/12/2021,OASIS,CHICKEN INN,1213.290231,979.75,-233.5402314,-19.24850505,111,8.826576577
23/12/2021,Bon Marche,CHICKEN INN,812.640123,533.25,-279.390123,-34.38054744,58,9.193965517
23/12/2021,JUNCTION,CHICKEN INN,2027.27155,2482.75,455.4784502,22.46755992,219,11.33675799
23/12/2021,CARREFOUR,CHICKEN INN,1203.276485,1562.75,359.4735152,29.87455666,206,7.586165049
23/12/2021,LA PIAZZA,CHICKEN INN,900.2206973,1067.5,167.2793027,18.58203252,163,6.549079755
23/12/2021,KIN ALILAC,CHICKEN INN,256.3466181,698,441.6533819,172.2875789,84,8.30952381
24/12/2021,LA PIAZZA,CHICKEN INN,952.0303464,1724.5,772.4696536,81.1391839,206,8.371359223
24/12/2021,CARREFOUR,CHICKEN INN,1184.588434,1517,332.4115662,28.06135504,186,8.155913978
24/12/2021,KIN ALILAC,CHICKEN INN,271.0999206,726.75,455.6500794,168.0745897,91,7.986263736
24/12/2021,JUNCTION,CHICKEN INN,1868.792391,2087.25,218.4576087,11.68977408,219,9.530821918
24/12/2021,Bon Marche,CHICKEN INN,749.1131017,626.25,-122.8631017,-16.40114175,70,8.946428571
24/12/2021,OASIS,CHICKEN INN,851.6364125,804.5,-47.13641246,-5.534804732,82,9.81097561
25/12/2021,Bon Marche,CHICKEN INN,3247.349191,3200,-47.34919066,-1.458087439,275,11.63636364
25/12/2021,OASIS,CHICKEN INN,2770.577251,3046.75,276.1727485,9.968058041,361,8.439750693
25/12/2021,JUNCTION,CHICKEN INN,8101.075052,7888,-213.0750522,-2.630207112,698,11.3008596
25/12/2021,KIN ALILAC,CHICKEN INN,790.1333098,1711,920.8666902,116.5457371,157,10.89808917
25/12/2021,CARREFOUR,CHICKEN INN,4388.142506,4781.75,393.6074935,8.969797424,433,11.04330254
25/12/2021,LA PIAZZA,CHICKEN INN,2774.736661,3146.75,372.0133388,13.40715838,272,11.56893382
26/12/2021,LA PIAZZA,CHICKEN INN,1744.407754,1943.5,199.0922456,11.41317132,195,9.966666667
26/12/2021,CARREFOUR,CHICKEN INN,2501.661236,2409.5,-92.16123553,-3.684001424,277,8.698555957
26/12/2021,KIN ALILAC,CHICKEN INN,496.7371109,1486.25,989.5128891,199.2025293,143,10.39335664
26/12/2021,JUNCTION,CHICKEN INN,4366.608565,4121.5,-245.1085649,-5.613247931,392,10.51403061
26/12/2021,Bon Marche,CHICKEN INN,1750.372969,1567.5,-182.8729688,-10.44765727,140,11.19642857
26/12/2021,OASIS,CHICKEN INN,1348.555696,1144,-204.5556964,-15.1685019,108,10.59259259
27/12/2021,OASIS,CHICKEN INN,577.3218331,603.5,26.1781669,4.534414844,59,10.22881356
27/12/2021,Bon Marche,CHICKEN INN,1034.672202,567.25,-467.422202,-45.1758732,56,10.12946429
27/12/2021,JUNCTION,CHICKEN INN,2581.169031,2035.75,-545.4190307,-21.13069792,221,9.211538462
27/12/2021,KIN ALILAC,CHICKEN INN,337.6561066,520.25,182.5938934,54.07688172,65,8.003846154
27/12/2021,CARREFOUR,CHICKEN INN,1411.928099,1155.5,-256.4280992,-18.16155506,151,7.652317881
27/12/2021,LA PIAZZA,CHICKEN INN,1185.757854,1430.75,244.9921459,20.66122902,193,7.413212435
28/12/2021,LA PIAZZA,CHICKEN INN,1183.173947,1282.25,99.0760525,8.373752035,200,6.41125
28/12/2021,CARREFOUR,CHICKEN INN,1356.591231,1587.75,231.1587691,17.03967738,196,8.100765306
28/12/2021,KIN ALILAC,CHICKEN INN,336.920314,606.5,269.579686,80.01289171,78,7.775641026
28/12/2021,JUNCTION,CHICKEN INN,2763.948327,2162.25,-601.6983268,-21.76952156,231,9.36038961
28/12/2021,Bon Marche,CHICKEN INN,1107.940033,396.75,-711.1900332,-64.19030019,57,6.960526316
28/12/2021,OASIS,CHICKEN INN,878.7525663,804.5,-74.25256628,-8.449769495,100,8.045
29/12/2021,OASIS,CHICKEN INN,685.1558402,905.5,220.3441598,32.15971417,96,9.432291667
29/12/2021,Bon Marche,CHICKEN INN,639.9411961,605,-34.94119612,-5.46006357,59,10.25423729
29/12/2021,JUNCTION,CHICKEN INN,1596.444162,2465.5,869.0558376,54.43697049,212,11.62971698
29/12/2021,CARREFOUR,CHICKEN INN,1186.509414,1314.25,127.7405863,10.76608284,168,7.822916667
29/12/2021,LA PIAZZA,CHICKEN INN,772.6886582,1222,449.3113418,58.14907945,186,6.569892473
29/12/2021,KIN ALILAC,CHICKEN INN,220.0306269,643.5,423.4693731,192.4592859,71,9.063380282
30/12/2021,LA PIAZZA,CHICKEN INN,814.1781533,1344.5,530.3218467,65.13584829,164,8.198170732
30/12/2021,CARREFOUR,CHICKEN INN,1318.977971,1295,-23.97797104,-1.817920509,179,7.234636872
30/12/2021,KIN ALILAC,CHICKEN INN,231.845165,576.75,344.904835,148.7651619,64,9.01171875
30/12/2021,JUNCTION,CHICKEN INN,1705.861456,1967.25,261.3885441,15.32296443,216,9.107638889
30/12/2021,Bon Marche,CHICKEN INN,683.8015674,639.75,-44.05156737,-6.442156536,64,9.99609375
30/12/2021,OASIS,CHICKEN INN,706.5965199,832.75,126.1534801,17.85367979,94,8.859042553
31/12/2021,KIN ALILAC,CHICKEN INN,289.2568147,740.75,451.4931853,156.0873114,88,8.417613636
31/12/2021,OASIS,CHICKEN INN,860.7802318,709.25,-151.5302318,-17.60382339,85,8.344117647
31/12/2021,Bon Marche,CHICKEN INN,838.680034,681.25,-157.430034,-18.7711675,61,11.16803279
31/12/2021,CARREFOUR,CHICKEN INN,1381.263569,1681.5,300.2364311,21.73636067,190,8.85
31/12/2021,LA PIAZZA,CHICKEN INN,1015.792498,1300.75,284.9575022,28.05272758,185,7.031081081
31/12/2021,JUNCTION,CHICKEN INN,2092.232618,1949.5,-142.7326185,-6.82202434,218,8.94266055
1/1/2022,Bon Marche,CHICKEN INN,2647.114185,2747.5,100.3858153,3.792273712,254,10.81692913
1/1/2022,LA PIAZZA,CHICKEN INN,2784.921232,3630.25,845.328768,30.35377656,300,12.10083333
1/1/2022,CARREFOUR,CHICKEN INN,4823.169308,6228,1404.830692,29.12671322,481,12.94802495
1/1/2022,KIN ALILAC,CHICKEN INN,1488.338993,1733,244.661007,16.43852698,180,9.627777778
1/1/2022,JUNCTION,CHICKEN INN,6535.914983,5801.75,-734.1649829,-11.23278049,492,11.7921748
1/1/2022,OASIS,CHICKEN INN,2466.715578,2130.75,-335.9655782,-13.61995607,235,9.067021277
2/1/2022,Bon Marche,CHICKEN INN,2086.269426,1988.5,-97.76942642,-4.68632791,177,11.23446328
2/1/2022,OASIS,CHICKEN INN,1817.178889,1975.75,158.5711107,8.726224572,214,9.232476636
2/1/2022,JUNCTION,CHICKEN INN,5151.149007,5198,46.85099345,0.909525106,517,10.05415861
2/1/2022,LA PIAZZA,CHICKEN INN,2005.483448,2542.75,537.266552,26.78987715,239,10.63912134
2/1/2022,CARREFOUR,CHICKEN INN,2655.054264,3659.75,1004.695736,37.84087392,287,12.75174216
2/1/2022,KIN ALILAC,CHICKEN INN,1071.785866,1354,282.2141336,26.33120499,117,11.57264957
3/1/2022,LA PIAZZA,CHICKEN INN,890.5765801,1618.25,727.6734199,81.70812439,193,8.384715026
3/1/2022,CARREFOUR,CHICKEN INN,1326.800357,1546.75,219.9496432,16.5774483,157,9.851910828
3/1/2022,KIN ALILAC,CHICKEN INN,475.9487756,520.5,44.5512244,9.360508249,55,9.463636364
3/1/2022,JUNCTION,CHICKEN INN,3035.337427,1904.5,-1130.837427,-37.25574024,202,9.428217822
3/1/2022,Bon Marche,CHICKEN INN,1229.343524,687.5,-541.8435243,-44.07584321,76,9.046052632
3/1/2022,OASIS,CHICKEN INN,1084.973894,759.5,-325.4738945,-29.99831573,99,7.671717172
4/1/2022,OASIS,CHICKEN INN,737.1574739,811.75,74.59252606,10.11894048,83,9.780120482
4/1/2022,Bon Marche,CHICKEN INN,968.103132,1075,106.896868,11.04188846,88,12.21590909
4/1/2022,JUNCTION,CHICKEN INN,2390.316142,2974.75,584.4338579,24.45006531,275,10.81727273
4/1/2022,CARREFOUR,CHICKEN INN,1140.455259,1587.5,447.0447415,39.19879699,183,8.674863388
4/1/2022,LA PIAZZA,CHICKEN INN,889.6968535,1136.5,246.8031465,27.7401393,161,7.059006211
4/1/2022,KIN ALILAC,CHICKEN INN,475.4786253,782.25,306.7713747,64.51843644,70,11.175
5/1/2022,LA PIAZZA,CHICKEN INN,921.0737696,1433.5,512.4262304,55.6335711,180,7.963888889
5/1/2022,CARREFOUR,CHICKEN INN,1109.34929,1356.5,247.1507095,22.27889013,156,8.695512821
5/1/2022,KIN ALILAC,CHICKEN INN,492.2473178,502.75,10.5026822,2.13361898,61,8.241803279
5/1/2022,JUNCTION,CHICKEN INN,1930.231029,2129.75,199.5189706,10.33653317,229,9.300218341
5/1/2022,Bon Marche,CHICKEN INN,781.7638312,654.5,-127.2638312,-16.27906359,71,9.218309859
5/1/2022,OASIS,CHICKEN INN,787.4441853,577.5,-209.9441853,-26.66146874,80,7.21875
6/1/2022,Bon Marche,CHICKEN INN,749.5328737,604.5,-145.0328737,-19.34976821,71,8.514084507
6/1/2022,OASIS,CHICKEN INN,1046.496941,882.5,-163.996941,-15.67103874,98,9.005102041
6/1/2022,JUNCTION,CHICKEN INN,1850.650481,2053.75,203.0995188,10.97449361,240,8.557291667
6/1/2022,LA PIAZZA,CHICKEN INN,875.6212276,1139.5,263.8787724,30.13617807,134,8.503731343
6/1/2022,CARREFOUR,CHICKEN INN,982.8904484,1380,397.1095516,40.40221901,171,8.070175439
6/1/2022,KIN ALILAC,CHICKEN INN,467.9562212,610,142.0437788,30.35407423,79,7.721518987
7/1/2022,LA PIAZZA,CHICKEN INN,1002.301861,1197.75,195.4481393,19.49992782,170,7.045588235
7/1/2022,CARREFOUR,CHICKEN INN,1401.803532,1455.75,53.94646787,3.848361531,188,7.743351064
7/1/2022,KIN ALILAC,CHICKEN INN,535.6578581,526,-9.657858081,-1.802990087,65,8.092307692
7/1/2022,JUNCTION,CHICKEN INN,2818.826786,2017,-801.8267862,-28.44540822,248,8.133064516
7/1/2022,Bon Marche,CHICKEN INN,1141.654442,601,-540.6544416,-47.35710053,76,7.907894737
7/1/2022,OASIS,CHICKEN INN,1241.929388,769.25,-472.6793876,-38.06008557,92,8.361413043
8/1/2022,OASIS,CHICKEN INN,905.9227251,784.25,-121.6727251,-13.43080615,81,9.682098765
8/1/2022,Bon Marche,CHICKEN INN,1154.442433,824.75,-329.6924328,-28.55858581,94,8.77393617
8/1/2022,JUNCTION,CHICKEN INN,2850.401255,3195.25,344.8487453,12.09825265,336,9.509672619
8/1/2022,LA PIAZZA,CHICKEN INN,1231.030781,1498,266.9692185,21.68664038,169,8.863905325
8/1/2022,CARREFOUR,CHICKEN INN,1771.877339,1800.25,28.37266107,1.601276818,188,9.575797872
8/1/2022,KIN ALILAC,CHICKEN INN,657.8969246,555.75,-102.1469246,-15.52628091,65,8.55
9/1/2022,Bon Marche,CHICKEN INN,1888.316542,1678.5,-209.8165418,-11.11130137,163,10.29754601
9/1/2022,OASIS,CHICKEN INN,1650.699398,1688.5,37.80060228,2.289974924,162,10.42283951
9/1/2022,JUNCTION,CHICKEN INN,4662.389121,4587.25,-75.13912145,-1.611601252,402,11.41106965
9/1/2022,LA PIAZZA,CHICKEN INN,1482.04611,2220.25,738.20389,49.80977886,241,9.212655602
9/1/2022,CARREFOUR,CHICKEN INN,2428.591188,3514.5,1085.908812,44.71352847,320,10.9828125
9/1/2022,KIN ALILAC,CHICKEN INN,792.0464642,1272.25,480.2035358,60.62820269,121,10.51446281
10/1/2022,LA PIAZZA,CHICKEN INN,746.3014147,934,187.6985853,25.15050643,37,25.24324324
10/1/2022,CARREFOUR,CHICKEN INN,1055.858654,1139,83.14134619,7.874287518,144,7.909722222
10/1/2022,KIN ALILAC,CHICKEN INN,398.8441337,489.5,90.65586635,22.72964767,57,8.587719298
10/1/2022,JUNCTION,CHICKEN INN,1820.364767,1430.5,-389.8647665,-21.41684863,188,7.609042553
10/1/2022,Bon Marche,CHICKEN INN,737.2668413,397.5,-339.7668413,-46.08464972,52,7.644230769
10/1/2022,OASIS,CHICKEN INN,628.9648524,759.5,130.5351476,20.75396535,89,8.533707865
11/1/2022,OASIS,CHICKEN INN,1035.068143,761,-274.068143,-26.47827052,86,8.848837209
11/1/2022,Bon Marche,CHICKEN INN,799.640921,386.75,-412.890921,-51.63454122,40,9.66875
11/1/2022,JUNCTION,CHICKEN INN,1974.370848,1656,-318.3708476,-16.12517973,210,7.885714286
11/1/2022,KIN ALILAC,CHICKEN INN,377.6873721,663.25,285.5626279,75.6082011,76,8.726973684
11/1/2022,CARREFOUR,CHICKEN INN,1138.129579,1056.75,-81.37957866,-7.15029116,162,6.523148148
11/1/2022,LA PIAZZA,CHICKEN INN,706.7137169,932.5,225.7862831,31.94876196,143,6.520979021
12/1/2022,LA PIAZZA,CHICKEN INN,699.3826617,1004.75,305.3673383,43.66241187,143,7.026223776
12/1/2022,CARREFOUR,CHICKEN INN,1032.020435,1485,452.9795647,43.89249953,171,8.684210526
12/1/2022,KIN ALILAC,CHICKEN INN,373.7694533,373.5,-0.269453342,-0.072090787,48,7.78125
12/1/2022,JUNCTION,CHICKEN INN,2004.012185,1405.25,-598.7621854,-29.87817089,173,8.12283237
12/1/2022,Bon Marche,CHICKEN INN,811.645974,541.5,-270.145974,-33.28372008,54,10.02777778
12/1/2022,OASIS,CHICKEN INN,699.4424404,595.75,-103.6924404,-14.8250141,68,8.761029412
13/1/2022,OASIS,CHICKEN INN,732.2049948,469.5,-262.7049948,-35.87861277,56,8.383928571
13/1/2022,Bon Marche,CHICKEN INN,836.960977,444.75,-392.210977,-46.86132183,50,8.895
13/1/2022,JUNCTION,CHICKEN INN,2066.516746,1310.25,-756.2667456,-36.59620698,163,8.038343558
13/1/2022,CARREFOUR,CHICKEN INN,1201.504355,1194.5,-7.004354684,-0.582965401,163,7.328220859
13/1/2022,LA PIAZZA,CHICKEN INN,889.4036113,821.5,-67.9036113,-7.634735281,63,13.03968254
13/1/2022,KIN ALILAC,CHICKEN INN,475.3219086,443.75,-31.57190859,-6.642216153,50,8.875
14/1/2022,LA PIAZZA,CHICKEN INN,892.3360334,940.25,47.91396664,5.369498131,135,6.964814815
14/1/2022,CARREFOUR,CHICKEN INN,1191.329505,1801.5,610.1704947,51.21760957,199,9.052763819
14/1/2022,KIN ALILAC,CHICKEN INN,476.8890761,549.5,72.61092389,15.22595663,51,10.7745098
14/1/2022,JUNCTION,CHICKEN INN,2699.617058,1407.75,-1291.867058,-47.85371519,158,8.909810127
14/1/2022,Bon Marche,CHICKEN INN,1093.37325,282.25,-811.1232502,-74.18539369,38,7.427631579
14/1/2022,OASIS,CHICKEN INN,411.0557697,535,123.9442303,30.15265553,59,9.06779661
15/1/2022,KIN ALILAC,CHICKEN INN,562.1429892,733,170.8570108,30.39387027,90,8.144444444
15/1/2022,OASIS,CHICKEN INN,1205.738194,740,-465.7381938,-38.62680939,92,8.043478261
15/1/2022,Bon Marche,CHICKEN INN,1138.131219,830,-308.1312195,-27.07343531,74,11.21621622
15/1/2022,CARREFOUR,CHICKEN INN,1345.115086,1801.75,456.6349143,33.9476465,201,8.963930348
15/1/2022,LA PIAZZA,CHICKEN INN,1051.859794,1409.5,357.6402065,34.00074883,176,8.008522727
15/1/2022,JUNCTION,CHICKEN INN,2810.127698,2641.75,-168.377698,-5.991816603,231,11.43614719
16/1/2022,Bon Marche,CHICKEN INN,1897.320332,1307.5,-589.8203315,-31.08701898,127,10.29527559
16/1/2022,LA PIAZZA,CHICKEN INN,1187.924177,1899.75,711.8258228,59.921823,227,8.368942731
16/1/2022,CARREFOUR,CHICKEN INN,2488.477444,3201.5,713.022556,28.65296439,263,12.1730038
16/1/2022,KIN ALILAC,CHICKEN INN,634.859562,1117.25,482.390438,75.98380284,120,9.310416667
16/1/2022,JUNCTION,CHICKEN INN,4684.620125,3610.5,-1074.120125,-22.92864941,333,10.84234234
16/1/2022,OASIS,CHICKEN INN,1519.64918,1394.75,-124.8991801,-8.218948279,133,10.48684211
17/1/2022,Bon Marche,CHICKEN INN,865.5382228,661,-204.5382228,-23.63133336,72,9.180555556
17/1/2022,OASIS,CHICKEN INN,736.0145941,810,73.98540586,10.0521656,90,9
17/1/2022,JUNCTION,CHICKEN INN,2137.076017,2436.75,299.673983,14.02261691,227,10.7345815
17/1/2022,LA PIAZZA,CHICKEN INN,1110.801477,1389,278.198523,25.04484634,177,7.847457627
17/1/2022,CARREFOUR,CHICKEN INN,1620.417438,1714.25,93.83256157,5.790641309,189,9.07010582
17/1/2022,KIN ALILAC,CHICKEN INN,593.6430563,664.75,71.10694371,11.97806375,73,9.106164384
18/1/2022,LA PIAZZA,CHICKEN INN,985.8802971,1238.25,252.3697029,25.59841226,197,6.285532995
18/1/2022,CARREFOUR,CHICKEN INN,1019.519906,1160,140.4800939,13.77904375,164,7.073170732
18/1/2022,KIN ALILAC,CHICKEN INN,526.88172,540,13.11828003,2.489796007,69,7.826086957
18/1/2022,JUNCTION,CHICKEN INN,2183.793343,1829,-354.7933429,-16.24665374,215,8.506976744
18/1/2022,Bon Marche,CHICKEN INN,884.4592302,358,-526.4592302,-59.52328974,53,6.754716981
18/1/2022,OASIS,CHICKEN INN,592.0117388,461.75,-130.2617388,-22.00323579,71,6.503521127
19/1/2022,OASIS,CHICKEN INN,711.6331583,532.5,-179.1331583,-25.17212081,67,7.947761194
19/1/2022,Bon Marche,CHICKEN INN,722.6519942,346.5,-376.1519942,-52.05160952,48,7.21875
19/1/2022,JUNCTION,CHICKEN INN,1784.27966,1857.5,73.22034036,4.103635883,166,11.18975904
19/1/2022,CARREFOUR,CHICKEN INN,1141.618098,1426.75,285.1319016,24.97611959,155,9.20483871
19/1/2022,LA PIAZZA,CHICKEN INN,755.3919231,992.75,237.3580769,31.4218447,154,6.446428571
19/1/2022,KIN ALILAC,CHICKEN INN,403.702353,553,149.297647,36.9821097,67,8.253731343
20/1/2022,LA PIAZZA,CHICKEN INN,960.6614674,1080.5,119.8385326,12.47458513,159,6.795597484
20/1/2022,CARREFOUR,CHICKEN INN,1034.346115,1328,293.6538848,28.39029224,162,8.197530864
20/1/2022,KIN ALILAC,CHICKEN INN,513.4040793,395.5,-117.9040793,-22.96516215,56,7.0625
20/1/2022,JUNCTION,CHICKEN INN,1853.550177,1142.75,-710.8001773,-38.34804075,149,7.669463087
20/1/2022,Bon Marche,CHICKEN INN,750.7072811,337.75,-412.9572811,-55.00909496,37,9.128378378
20/1/2022,OASIS,CHICKEN INN,520.7722309,445.75,-75.02223095,-14.4059584,62,7.189516129
21/1/2022,Bon Marche,CHICKEN INN,628.6994056,315.5,-313.1994056,-49.81703542,41,7.695121951
21/1/2022,OASIS,CHICKEN INN,870.1124912,706.25,-163.8624912,-18.83233408,64,11.03515625
21/1/2022,JUNCTION,CHICKEN INN,1552.303973,1639.75,87.44602742,5.633305652,219,7.487442922
21/1/2022,LA PIAZZA,CHICKEN INN,1072.386748,1105.25,32.86325205,3.064496285,174,6.352011494
21/1/2022,CARREFOUR,CHICKEN INN,1008.763637,1363.25,354.4863632,35.1406762,180,7.573611111
21/1/2022,KIN ALILAC,CHICKEN INN,573.1131618,804.5,231.3868382,40.37367376,82,9.81097561
22/1/2022,LA PIAZZA,CHICKEN INN,1269.44551,1591.75,322.3044895,25.38939142,200,7.95875
22/1/2022,CARREFOUR,CHICKEN INN,1632.627258,1671.25,38.62274234,2.365680357,180,9.284722222
22/1/2022,KIN ALILAC,CHICKEN INN,678.4268191,742.75,64.32318091,9.48122614,76,9.773026316
22/1/2022,JUNCTION,CHICKEN INN,2570.0973,2071,-499.0972996,-19.41939317,238,8.701680672
22/1/2022,Bon Marche,CHICKEN INN,1040.916388,668,-372.9163882,-35.8257774,77,8.675324675
22/1/2022,OASIS,CHICKEN INN,929.1612811,811.25,-117.9112811,-12.6900769,103,7.876213592
23/1/2022,OASIS,CHICKEN INN,1578.31701,1494.25,-84.0670101,-5.326370404,154,9.702922078
23/1/2022,Bon Marche,CHICKEN INN,1706.413891,1206,-500.413891,-29.32546984,127,9.496062992
23/1/2022,JUNCTION,CHICKEN INN,4213.258416,3155,-1058.258416,-25.1173394,328,9.618902439
23/1/2022,LA PIAZZA,CHICKEN INN,1536.58916,1684.5,147.9108397,9.625919765,183,9.204918033
23/1/2022,CARREFOUR,CHICKEN INN,2622.785456,2581.25,-41.53545559,-1.583639085,243,10.62242798
23/1/2022,KIN ALILAC,CHICKEN INN,821.1957801,1355.5,534.3042199,65.06417019,143,9.479020979
24/1/2022,Bon Marche,CHICKEN INN,548.5787258,287,-261.5787258,-47.6829876,35,8.2
24/1/2022,OASIS,CHICKEN INN,719.6333169,544.5,-175.1333169,-24.33646592,78,6.980769231
24/1/2022,JUNCTION,CHICKEN INN,1354.480262,1311.75,-42.73026167,-3.15473491,184,7.129076087
24/1/2022,LA PIAZZA,CHICKEN INN,1033.092292,1170.75,137.6577077,13.32482187,189,6.194444444
24/1/2022,CARREFOUR,CHICKEN INN,1343.661536,1522,178.3384642,13.27257345,161,9.453416149
24/1/2022,KIN ALILAC,CHICKEN INN,552.113117,448.5,-103.613117,-18.76664651,62,7.233870968
25/1/2022,LA PIAZZA,CHICKEN INN,914.9156832,1034,119.0843168,13.01587883,162,6.382716049
25/1/2022,CARREFOUR,CHICKEN INN,979.9833486,1398,418.0166514,42.65548512,155,9.019354839
25/1/2022,KIN ALILAC,CHICKEN INN,488.956266,550,61.04373399,12.48449774,59,9.322033898
25/1/2022,JUNCTION,CHICKEN INN,1707.598808,1799.75,92.15119248,5.396536474,233,7.724248927
25/1/2022,Bon Marche,CHICKEN INN,691.5954441,396.5,-295.0954441,-42.66879526,49,8.091836735
25/1/2022,OASIS,CHICKEN INN,953.9236769,606.75,-347.1736769,-36.3942824,69,8.793478261
26/1/2022,OASIS,CHICKEN INN,699.4424404,520.75,-178.6924404,-25.54784069,57,9.135964912
26/1/2022,JUNCTION,CHICKEN INN,1889.957473,1363.75,-526.2074726,-27.8422917,178,7.661516854
26/1/2022,Bon Marche,CHICKEN INN,765.4526179,415,-350.4526179,-45.78371146,47,8.829787234
26/1/2022,CARREFOUR,CHICKEN INN,916.6085725,1118.5,201.8914275,22.02591526,124,9.02016129
26/1/2022,LA PIAZZA,CHICKEN INN,724.6014914,946.25,221.6485086,30.58902185,151,6.266556291
26/1/2022,KIN ALILAC,CHICKEN INN,387.247094,455.75,68.50290599,17.68971467,51,8.93627451
27/1/2022,LA PIAZZA,CHICKEN INN,1071.507021,832.25,-239.2570213,-22.3290204,132,6.304924242
27/1/2022,CARREFOUR,CHICKEN INN,1088.999592,963,-125.9995917,-11.57021478,125,7.704
27/1/2022,KIN ALILAC,CHICKEN INN,572.6430115,485,-87.64301154,-15.30499976,65,7.461538462
27/1/2022,JUNCTION,CHICKEN INN,1825.519782,1500.25,-325.2697818,-17.81792698,197,7.615482234
27/1/2022,Bon Marche,CHICKEN INN,739.3546766,424.5,-314.8546766,-42.58506595,54,7.861111111
27/1/2022,OASIS,CHICKEN INN,692.9661215,385.75,-307.2161215,-44.33349798,60,6.429166667
28/1/2022,Bon Marche,CHICKEN INN,691.3344647,364.25,-327.0844647,-47.31204379,46,7.918478261
28/1/2022,OASIS,CHICKEN INN,611.0597355,822.5,211.4402645,34.60222499,82,10.0304878
28/1/2022,JUNCTION,CHICKEN INN,1706.954431,1696,-10.95443062,-0.641752962,214,7.925233645
28/1/2022,CARREFOUR,CHICKEN INN,968.3549493,1428,459.6450507,47.46658764,170,8.4
28/1/2022,LA PIAZZA,CHICKEN INN,1072.67999,976.75,-95.92999016,-8.943020382,143,6.83041958
28/1/2022,KIN ALILAC,CHICKEN INN,573.2698785,599.75,26.48012146,4.619137068,67,8.951492537
29/1/2022,LA PIAZZA,CHICKEN INN,909.3440813,1458.75,549.4059187,60.41782533,168,8.683035714
29/1/2022,CARREFOUR,CHICKEN INN,1383.198093,2080,696.8019067,50.37614714,227,9.162995595
29/1/2022,KIN ALILAC,CHICKEN INN,485.9786477,765.75,279.7713523,57.56865113,83,9.225903614
29/1/2022,JUNCTION,CHICKEN INN,2018.832854,2982.5,963.6671457,47.73387473,338,8.823964497
29/1/2022,Bon Marche,CHICKEN INN,817.6485005,676.75,-140.8985005,-17.23216032,65,10.41153846
29/1/2022,OASIS,CHICKEN INN,675.0610046,713,37.93899544,5.62008399,90,7.922222222
30/1/2022,TATARAFEL,CHICKEN INN,1070.878377,487.39,-583.4883769,-54.48689501,65,7.498307692
30/1/2022,OASIS,CHICKEN INN,1427.837836,1413.5,-14.33783583,-1.004164162,169,8.363905325
30/1/2022,Bon Marche,CHICKEN INN,1740.080235,1431.25,-308.8302353,-17.74804569,122,11.73155738
30/1/2022,LA PIAZZA,CHICKEN INN,1814.876014,2165.25,350.373986,19.30567065,227,9.538546256
30/1/2022,ALILAC,CHICKEN INN,969.9199777,1193.75,223.8300223,23.07716384,130,9.182692308
30/1/2022,CARREFOUR,CHICKEN INN,2409.404329,2460.75,51.34567103,2.131052494,239,10.2960251
30/1/2022,JUNCTION,CHICKEN INN,4296.383037,3467.5,-828.8830374,-19.29257774,376,9.222074468
31/1/2022,Bon Marche,CHICKEN INN,1042.482265,592.5,-449.9822647,-43.16450072,64,9.2578125
31/1/2022,OASIS,CHICKEN INN,656.0130078,470.75,-185.2630078,-28.24075218,56,8.40625
31/1/2022,TATARAFEL,CHICKEN INN,492.0097559,366.75,-125.2597559,-25.45879515,35,10.47857143
31/1/2022,ALILAC,CHICKEN INN,879.1809783,485.5,-393.6809783,-44.77815012,61,7.959016393
31/1/2022,CARREFOUR,CHICKEN INN,1887.289202,1340.75,-546.5392017,-28.95895347,163,8.225460123
31/1/2022,JUNCTION,CHICKEN INN,2573.963561,1509,-1064.963561,-41.37446144,164,9.201219512
31/1/2022,LA PIAZZA,CHICKEN INN,1645.088777,1055.25,-589.8387766,-35.8545256,163,6.47392638
1/2/2022,TATARAFEL,CHICKEN INN,544.1309622,506.5,-37.63096218,-6.915791381,67,7.559701493
1/2/2022,LA PIAZZA,CHICKEN INN,1065.302737,1038.5,-26.80273658,-2.515973691,159,6.531446541
1/2/2022,CARREFOUR,CHICKEN INN,1233.154569,1494.25,261.0954314,21.17296874,189,7.906084656
1/2/2022,ALILAC,CHICKEN INN,633.2741224,715.25,81.97587755,12.94476983,82,8.722560976
1/2/2022,JUNCTION,CHICKEN INN,2015.335559,1698.25,-317.0855593,-15.73363591,222,7.649774775
1/2/2022,Bon Marche,CHICKEN INN,816.2320593,489.75,-326.4820593,-39.99868121,54,9.069444444
1/2/2022,OASIS,CHICKEN INN,772.1282246,474.75,-297.3782246,-38.51409845,71,6.686619718
2/2/2022,TATARAFEL,CHICKEN INN,321.6818305,510.75,189.0681695,58.77489852,66,7.738636364
2/2/2022,OASIS,CHICKEN INN,456.4702948,437.25,-19.22029478,-4.210634294,71,6.158450704
2/2/2022,Bon Marche,CHICKEN INN,770.591855,407,-363.591855,-47.1834542,49,8.306122449
2/2/2022,LA PIAZZA,CHICKEN INN,1011.499568,1181.75,170.2504319,16.83148835,165,7.162121212
2/2/2022,ALILAC,CHICKEN INN,601.2905809,664.5,63.20941909,10.51229158,77,8.62987013
2/2/2022,CARREFOUR,CHICKEN INN,1030.822004,1404.75,373.927996,36.27473943,190,7.393421053
2/2/2022,JUNCTION,CHICKEN INN,1902.646618,1283.5,-619.146618,-32.54133543,156,8.227564103
3/2/2022,Bon Marche,CHICKEN INN,997.8668433,465,-532.8668433,-53.40059617,61,7.62295082
3/2/2022,OASIS,CHICKEN INN,473.4868948,672.5,199.0131052,42.03138618,87,7.729885057
3/2/2022,TATARAFEL,CHICKEN INN,333.6736975,524.5,190.8263025,57.189495,82,6.396341463
3/2/2022,JUNCTION,CHICKEN INN,2463.804882,1600.75,-863.0548823,-35.0293519,171,9.361111111
3/2/2022,CARREFOUR,CHICKEN INN,947.7988857,1548.5,600.7011143,63.37854194,187,8.280748663
3/2/2022,LA PIAZZA,CHICKEN INN,1021.735293,1169,147.2647072,14.41319569,158,7.398734177
3/2/2022,ALILAC,CHICKEN INN,607.3752547,701.5,94.12474533,15.49696742,78,8.993589744
4/2/2022,OASIS,CHICKEN INN,774.6807146,467,-307.6807146,-39.71710007,65,7.184615385
4/2/2022,Bon Marche,CHICKEN INN,783.6886093,527.75,-255.9386093,-32.65820203,60,8.795833333
4/2/2022,JUNCTION,CHICKEN INN,1934.983445,2459.5,524.5165554,27.10703065,239,10.29079498
4/2/2022,TATARAFEL,CHICKEN INN,545.9297422,692,146.0702578,26.75623738,96,7.208333333
4/2/2022,CARREFOUR,CHICKEN INN,1251.442878,1349.25,97.8071221,7.815548262,164,8.227134146
4/2/2022,LA PIAZZA,CHICKEN INN,917.2784095,885.25,-32.02840955,-3.491678122,127,6.970472441
4/2/2022,ALILAC,CHICKEN INN,545.2803789,499.5,-45.7803789,-8.395750273,56,8.919642857
5/2/2022,LA PIAZZA,CHICKEN INN,1029.871382,1111,81.12861829,7.877548569,169,6.573964497
5/2/2022,CARREFOUR,CHICKEN INN,1562.344136,1763.5,201.1558643,12.87525967,185,9.532432432
5/2/2022,ALILAC,CHICKEN INN,612.2117902,1147,534.7882098,87.35346466,101,11.35643564
5/2/2022,JUNCTION,CHICKEN INN,3147.777761,2215.5,-932.277761,-29.61701339,264,8.392045455
5/2/2022,Bon Marche,CHICKEN INN,1274.88304,413.5,-861.3830398,-67.56565213,49,8.43877551
5/2/2022,OASIS,CHICKEN INN,742.3491746,895.25,152.9008254,20.59688764,76,11.77960526
5/2/2022,TATARAFEL,CHICKEN INN,523.145195,883.5,360.354805,68.88236925,123,7.182926829
6/2/2022,Bon Marche,CHICKEN INN,1753.245297,1345.75,-407.4952969,-23.24234365,134,10.04291045
6/2/2022,TATARAFEL,CHICKEN INN,1130.533255,1530.25,399.7167447,35.35647826,161,9.504658385
6/2/2022,JUNCTION,CHICKEN INN,4328.88852,2792.25,-1536.63852,-35.49729943,311,8.97829582
6/2/2022,OASIS,CHICKEN INN,1604.239964,1361.5,-242.7399642,-15.13115055,158,8.617088608
6/2/2022,CARREFOUR,CHICKEN INN,2277.329941,3236.25,958.9200587,42.10720815,275,11.76818182
6/2/2022,LA PIAZZA,CHICKEN INN,1525.647895,1865.25,339.6021045,22.25953351,219,8.517123288
6/2/2022,ALILAC,CHICKEN INN,906.9284242,1550.25,643.3215758,70.93410667,154,10.06655844
7/2/2022,TATARAFEL,CHICKEN INN,713.216286,502.5,-210.716286,-29.54451407,79,6.360759494
7/2/2022,OASIS,CHICKEN INN,1012.062285,513.25,-498.8122845,-49.28671804,68,7.547794118
7/2/2022,Bon Marche,CHICKEN INN,766.3585607,284.5,-481.8585607,-62.87638521,34,8.367647059
7/2/2022,LA PIAZZA,CHICKEN INN,1006.775387,1016,9.224612582,0.916253287,159,6.389937107
7/2/2022,ALILAC,CHICKEN INN,598.4822699,775.25,176.7677301,29.53600114,78,9.939102564
7/2/2022,CARREFOUR,CHICKEN INN,1159.42075,1334.25,174.8292497,15.0790168,156,8.552884615
7/2/2022,JUNCTION,CHICKEN INN,1892.19431,1722,-170.1943104,-8.994547201,202,8.524752475
8/2/2022,OASIS,CHICKEN INN,623.2329747,595,-28.23297469,-4.530083587,67,8.880597015
8/2/2022,Bon Marche,CHICKEN INN,714.8975767,226.75,-488.1475767,-68.28216973,31,7.314516129
8/2/2022,JUNCTION,CHICKEN INN,1765.133446,1222.75,-542.3834461,-30.72761707,180,6.793055556
8/2/2022,TATARAFEL,CHICKEN INN,439.2021265,652.5,213.2978735,48.56485445,88,7.414772727
8/2/2022,CARREFOUR,CHICKEN INN,1254.926365,1248.75,-6.176365383,-0.492169545,165,7.568181818
8/2/2022,LA PIAZZA,CHICKEN INN,1043.25656,1118.25,74.99343978,7.188398582,173,6.463872832
8/2/2022,ALILAC,CHICKEN INN,620.1686713,549.75,-70.41867128,-11.35476114,75,7.33
9/2/2022,LA PIAZZA,CHICKEN INN,923.0524081,960.5,37.44759188,4.056930197,140,6.860714286
9/2/2022,CARREFOUR,CHICKEN INN,1317.048559,1498.25,181.2014412,13.7581443,152,9.856907895
9/2/2022,ALILAC,CHICKEN INN,548.712759,600.75,52.03724103,9.483512126,64,9.38671875
9/2/2022,JUNCTION,CHICKEN INN,1644.278639,1770,125.7213605,7.645988794,156,11.34615385
9/2/2022,Bon Marche,CHICKEN INN,665.9501113,338,-327.9501113,-49.24544733,39,8.666666667
9/2/2022,OASIS,CHICKEN INN,572.6085897,515,-57.60858972,-10.06072748,68,7.573529412
9/2/2022,TATARAFEL,CHICKEN INN,403.5263224,693.25,289.7236776,71.7979625,87,7.968390805
10/2/2022,OASIS,CHICKEN INN,517.7300547,486.25,-31.48005474,-6.080399323,59,8.241525424
10/2/2022,TATARAFEL,CHICKEN INN,364.8525515,537.5,172.6474485,47.31978652,68,7.904411765
10/2/2022,Bon Marche,CHICKEN INN,796.2562018,408.75,-387.5062018,-48.66601992,36,11.35416667
10/2/2022,JUNCTION,CHICKEN INN,1966.013733,1629.5,-336.5137328,-17.11655047,187,8.713903743
10/2/2022,ALILAC,CHICKEN INN,567.4348321,656.25,88.81516794,15.65204723,76,8.634868421
10/2/2022,CARREFOUR,CHICKEN INN,1254.055494,1332.25,78.19450649,6.235330645,178,7.484550562
10/2/2022,LA PIAZZA,CHICKEN INN,954.5469458,1018.25,63.70305421,6.673642873,138,7.378623188
11/2/2022,OASIS,CHICKEN INN,512.6250747,517.75,5.124925253,0.99974143,75,6.903333333
11/2/2022,Bon Marche,CHICKEN INN,879.8637644,429.25,-450.6137644,-51.2140382,54,7.949074074
11/2/2022,JUNCTION,CHICKEN INN,2172.446808,1455.75,-716.6968079,-32.99030408,182,7.998626374
11/2/2022,TATARAFEL,CHICKEN INN,361.2549914,604,242.7450086,67.19492169,80,7.55
11/2/2022,CARREFOUR,CHICKEN INN,1244.766194,1409.25,164.4838064,13.21403226,166,8.489457831
11/2/2022,LA PIAZZA,CHICKEN INN,825.4193414,941.25,115.8306586,14.03294699,137,6.870437956
11/2/2022,ALILAC,CHICKEN INN,490.6743324,798,307.3256676,62.63332874,75,10.64
12/2/2022,LA PIAZZA,CHICKEN INN,1245.608965,1093.25,-152.3589647,-12.23168499,148,7.386824324
12/2/2022,CARREFOUR,CHICKEN INN,2020.42274,2237.75,217.3272605,10.75652418,200,11.18875
12/2/2022,ALILAC,CHICKEN INN,740.4579909,815.25,74.79200908,10.10077682,104,7.838942308
12/2/2022,JUNCTION,CHICKEN INN,2853.80661,2746,-107.8066097,-3.777642441,276,9.949275362
12/2/2022,Bon Marche,CHICKEN INN,1155.821637,610.5,-545.3216373,-47.18043163,73,8.363013699
12/2/2022,OASIS,CHICKEN INN,1220.090219,840.25,-379.8402194,-31.13214198,96,8.752604167
12/2/2022,TATARAFEL,CHICKEN INN,859.8168593,889.25,29.43314075,3.423187209,124,7.171370968
13/2/2022,OASIS,CHICKEN INN,2219.390054,1452.5,-766.8900539,-34.55409078,142,10.22887324
13/2/2022,TATARAFEL,CHICKEN INN,1564.039245,1641,76.96075498,4.920640912,176,9.323863636
13/2/2022,Bon Marche,CHICKEN INN,2077.489183,1440.25,-637.239183,-30.67352592,122,11.80532787
13/2/2022,JUNCTION,CHICKEN INN,5129.469955,3020.75,-2108.719955,-41.10989973,275,10.98454545
13/2/2022,ALILAC,CHICKEN INN,891.3266966,1418.75,527.4233034,59.17283813,133,10.66729323
13/2/2022,CARREFOUR,CHICKEN INN,2304.907551,3189.25,884.3424494,38.36780565,282,11.30939716
13/2/2022,LA PIAZZA,CHICKEN INN,1499.402447,1927,427.5975526,28.51786412,224,8.602678571
14/2/2022,OASIS,CHICKEN INN,608.7688647,656.75,47.9811353,7.881667096,32,20.5234375
14/2/2022,Bon Marche,CHICKEN INN,646.635706,536.5,-110.135706,-17.03211019,68,7.889705882
14/2/2022,JUNCTION,CHICKEN INN,1596.589986,1890,293.4100139,18.37729264,252,7.5
14/2/2022,TATARAFEL,CHICKEN INN,429.0090396,778.5,349.4909604,81.46470776,107,7.275700935
14/2/2022,CARREFOUR,CHICKEN INN,1090.912163,2052.5,961.5878369,88.14530348,209,9.820574163
14/2/2022,LA PIAZZA,CHICKEN INN,1126.454631,1466.75,340.2953694,30.20941636,203,7.225369458
14/2/2022,ALILAC,CHICKEN INN,669.6261477,765.75,96.12385229,14.35485347,73,10.48972603
15/2/2022,LA PIAZZA,CHICKEN INN,915.7036827,1012.5,96.79631734,10.57070307,158,6.408227848
15/2/2022,CARREFOUR,CHICKEN INN,1165.516853,1458.5,292.9831467,25.13761563,189,7.716931217
15/2/2022,ALILAC,CHICKEN INN,544.3442752,627.25,82.90572475,15.23038425,81,7.74382716
15/2/2022,JUNCTION,CHICKEN INN,2372.020556,1420.25,-951.7705562,-40.12488651,220,6.455681818
15/2/2022,Bon Marche,CHICKEN INN,960.6932277,429.75,-530.9432277,-55.26667748,59,7.283898305
15/2/2022,OASIS,CHICKEN INN,761.0674346,671.25,-89.81743462,-11.80150806,61,11.00409836
15/2/2022,TATARAFEL,CHICKEN INN,536.3362487,531.25,-5.086248677,-0.948332075,79,6.724683544
16/2/2022,OASIS,CHICKEN INN,687.0452247,581.5,-105.5452247,-15.36219464,60,9.691666667
16/2/2022,TATARAFEL,CHICKEN INN,484.1716275,526.25,42.07837249,8.690796837,67,7.854477612
16/2/2022,Bon Marche,CHICKEN INN,755.510744,317.5,-438.010744,-57.97544873,45,7.055555556
16/2/2022,JUNCTION,CHICKEN INN,1865.410272,1116.75,-748.6602722,-40.1338131,156,7.158653846
16/2/2022,ALILAC,CHICKEN INN,647.4716945,533.25,-114.2216945,-17.64118733,61,8.741803279
16/2/2022,CARREFOUR,CHICKEN INN,1047.078279,1575,527.921721,50.41855338,166,9.487951807
16/2/2022,LA PIAZZA,CHICKEN INN,1089.186094,891.75,-197.4360943,-18.12693858,138,6.461956522
17/2/2022,OASIS,CHICKEN INN,885.2886146,499.75,-385.5386146,-43.54948298,65,7.688461538
17/2/2022,Bon Marche,CHICKEN INN,803.5321764,427.5,-376.0321764,-46.7974012,53,8.066037736
17/2/2022,JUNCTION,CHICKEN INN,1983.978637,1263.5,-720.4786365,-36.31483844,159,7.946540881
17/2/2022,TATARAFEL,CHICKEN INN,623.8768773,600.75,-23.1268773,-3.706961765,73,8.229452055
17/2/2022,CARREFOUR,CHICKEN INN,1230.832244,1388.75,157.9177564,12.83016083,158,8.789556962
17/2/2022,LA PIAZZA,CHICKEN INN,950.0852196,1075.75,125.6647804,13.22668512,157,6.851910828
17/2/2022,ALILAC,CHICKEN INN,564.7825384,461.5,-103.2825384,-18.28713378,59,7.822033898
18/2/2022,LA PIAZZA,CHICKEN INN,942.7364942,850.25,-92.48649416,-9.810428973,125,6.802
18/2/2022,CARREFOUR,CHICKEN INN,1039.240432,1722.75,683.5095679,65.77010928,172,10.01598837
18/2/2022,ALILAC,CHICKEN INN,560.4140547,965,404.5859453,72.19411112,108,8.935185185
18/2/2022,JUNCTION,CHICKEN INN,2103.20027,1375.5,-727.7002701,-34.59966606,172,7.997093023
18/2/2022,Bon Marche,CHICKEN INN,851.8181896,436.5,-415.3181896,-48.75667069,61,7.155737705
18/2/2022,OASIS,CHICKEN INN,1005.68106,609.25,-396.4310595,-39.41916334,77,7.912337662
18/2/2022,TATARAFEL,CHICKEN INN,708.7193359,637.25,-71.46933587,-10.08429321,84,7.586309524
19/2/2022,Bon Marche,CHICKEN INN,1315.231626,635.5,-679.7316262,-51.6815147,77,8.253246753
19/2/2022,OASIS,CHICKEN INN,1166.913344,743.25,-423.6633444,-36.30632441,82,9.06402439
19/2/2022,JUNCTION,CHICKEN INN,3247.401318,2260,-987.4013178,-30.40589139,245,9.224489796
19/2/2022,TATARAFEL,CHICKEN INN,822.3422751,1011,188.6577249,22.94150874,120,8.425
19/2/2022,CARREFOUR,CHICKEN INN,1729.841825,2173.75,443.9081746,25.66177832,193,11.26295337
19/2/2022,LA PIAZZA,CHICKEN INN,1128.816721,1372.25,243.4332791,21.56535021,160,8.5765625
19/2/2022,ALILAC,CHICKEN INN,671.0303032,981,309.9696968,46.19309968,113,8.681415929
20/2/2022,OASIS,CHICKEN INN,1643.803559,1190,-453.8035592,-27.60692156,151,7.880794702
20/2/2022,Bon Marche,CHICKEN INN,1937.393599,1463.5,-473.8935994,-24.46036776,148,9.888513514
20/2/2022,JUNCTION,CHICKEN INN,4783.563901,3127.75,-1655.813901,-34.61464998,313,9.992811502
20/2/2022,TATARAFEL,CHICKEN INN,1158.414346,1690.75,532.3356541,45.95382092,169,10.00443787
20/2/2022,CARREFOUR,CHICKEN INN,2529.011912,3583.75,1054.738088,41.70554054,267,13.42228464
20/2/2022,LA PIAZZA,CHICKEN INN,1531.15944,1858,326.8405604,21.34595209,209,8.889952153
20/2/2022,ALILAC,CHICKEN INN,910.204787,1518,607.795213,66.77565551,139,10.92086331
21/2/2022,LA PIAZZA,CHICKEN INN,1426.177647,948.75,-477.4276473,-33.47602932,,
21/2/2022,CARREFOUR,CHICKEN INN,924.2853452,1470,545.7146548,59.04179457,157,9.363057325
21/2/2022,ALILAC,CHICKEN INN,847.7978767,687,-160.7978767,-18.96653449,85,8.082352941
21/2/2022,JUNCTION,CHICKEN INN,1702.419601,1178.25,-524.1696005,-30.78968313,136,8.663602941
21/2/2022,Bon Marche,CHICKEN INN,689.4978109,254.75,-434.7478109,-63.05281961,42,6.06547619
21/2/2022,OASIS,CHICKEN INN,902.3052146,522,-380.3052146,-42.14817873,75,6.96
21/2/2022,TATARAFEL,CHICKEN INN,635.8687442,411.25,-224.6187442,-35.32470282,61,6.741803279
22/2/2022,OASIS,CHICKEN INN,747.8795696,570.75,-177.1295696,-23.68423698,77,7.412337662
22/2/2022,TATARAFEL,CHICKEN INN,747.8795696,496,-251.8795696,-33.67916171,73,6.794520548
22/2/2022,Bon Marche,CHICKEN INN,744.1337656,425.75,-318.3837656,-42.78582431,50,8.515
22/2/2022,JUNCTION,CHICKEN INN,1837.319695,1631.25,-206.0696955,-11.21577785,147,11.09693878
22/2/2022,ALILAC,CHICKEN INN,394.2556559,744.5,350.2443441,88.83685974,93,8.005376344
22/2/2022,CARREFOUR,CHICKEN INN,1378.00959,1523,144.9904103,10.52172723,163,9.343558282
22/2/2022,LA PIAZZA,CHICKEN INN,663.2224724,1127.25,464.0275276,69.96559178,166,6.790662651
23/2/2022,OASIS,CHICKEN INN,655.5645147,492.5,-163.0645147,-24.87390806,72,6.840277778
23/2/2022,Bon Marche,CHICKEN INN,883.7001874,379.25,-504.4501874,-57.08386109,58,6.538793103
23/2/2022,JUNCTION,CHICKEN INN,2181.919212,1067.75,-1114.169212,-51.06372435,116,9.204741379
23/2/2022,TATARAFEL,CHICKEN INN,461.9866737,663.75,201.7633263,43.67297539,79,8.401898734
23/2/2022,CARREFOUR,CHICKEN INN,1079.590829,1382.5,302.9091712,28.05777551,170,8.132352941
23/2/2022,LA PIAZZA,CHICKEN INN,754.5566316,761.25,6.693368397,0.88705978,129,5.901162791
23/2/2022,ALILAC,CHICKEN INN,448.5496679,757,308.4503321,68.7661488,86,8.802325581
24/2/2022,LA PIAZZA,CHICKEN INN,846.9406088,931,84.05939124,9.925063266,134,6.947761194
24/2/2022,CARREFOUR,CHICKEN INN,1502.834558,1394,-108.8345579,-7.241952035,158,8.82278481
24/2/2022,ALILAC,CHICKEN INN,503.467749,659,155.532251,30.89219743,78,8.448717949
24/2/2022,JUNCTION,CHICKEN INN,1668.122966,1396.75,-271.3729662,-16.26816318,175,7.981428571
24/2/2022,Bon Marche,CHICKEN INN,675.6073139,622.25,-53.35731391,-7.89768151,72,8.642361111
24/2/2022,OASIS,CHICKEN INN,534.3212397,479.75,-54.57123974,-10.21318931,60,7.995833333
24/2/2022,TATARAFEL,CHICKEN INN,376.5446218,580.25,203.7053782,54.09860252,37,15.68243243
25/2/2022,Bon Marche,CHICKEN INN,869.8096904,575.5,-294.3096904,-33.83610158,76,7.572368421
25/2/2022,OASIS,CHICKEN INN,794.6752196,787.25,-7.425219608,-0.934371606,88,8.946022727
25/2/2022,JUNCTION,CHICKEN INN,2147.622577,1665.75,-481.8725774,-22.4374889,204,8.165441176
25/2/2022,TATARAFEL,CHICKEN INN,560.0201859,780.75,220.7298141,39.41461749,89,8.77247191
25/2/2022,CARREFOUR,CHICKEN INN,1630.272142,1680.75,50.47785843,3.096284181,159,10.57075472
25/2/2022,LA PIAZZA,CHICKEN INN,670.8336523,1371.5,700.6663477,104.4471078,205,6.690243902
25/2/2022,ALILAC,CHICKEN INN,398.7801569,943.75,544.9698431,136.6592178,104,9.074519231
26/2/2022,OASIS,CHICKEN INN,1139.686784,1049.75,-89.93678444,-7.891359772,134,7.833955224
26/2/2022,Bon Marche,CHICKEN INN,1575.579226,859.5,-716.0792263,-45.44863339,106,8.108490566
26/2/2022,JUNCTION,CHICKEN INN,3890.218235,2377.5,-1512.718235,-38.88517671,270,8.805555556
26/2/2022,TATARAFEL,CHICKEN INN,803.155288,1231,427.844712,53.27048435,130,9.469230769
26/2/2022,CARREFOUR,CHICKEN INN,1587.889711,2454.5,866.6102895,54.57622678,220,11.15681818
26/2/2022,LA PIAZZA,CHICKEN INN,1388.121748,1601.5,213.3782523,15.37172461,209,7.662679426
26/2/2022,ALILAC,CHICKEN INN,825.1753717,1075.75,250.5746283,30.36622722,107,10.05373832
27/2/2022,LA PIAZZA,CHICKEN INN,1611.732965,2121.25,509.5170349,31.61299334,228,9.30372807
27/2/2022,CARREFOUR,CHICKEN INN,3037.310794,3523.5,486.1892063,16.00722611,262,13.44847328
27/2/2022,ALILAC,CHICKEN INN,958.1020907,1988.75,1030.647909,107.5718255,177,11.23587571
27/2/2022,JUNCTION,CHICKEN INN,4474.567557,3593.75,-880.8175571,-19.68497616,340,10.56985294
27/2/2022,Bon Marche,CHICKEN INN,1812.246836,1272.75,-539.4968364,-29.7695008,131,9.715648855
27/2/2022,OASIS,CHICKEN INN,1771.428059,1654,-117.4280591,-6.629005255,171,9.67251462
27/2/2022,TATARAFEL,CHICKEN INN,1248.353348,1759.5,511.146652,40.94567078,169,10.4112426
28/2/2022,Bon Marche,CHICKEN INN,582.73942,464.75,-117.98942,-20.24737231,61,7.618852459
28/2/2022,OASIS,CHICKEN INN,987.3882145,421.75,-565.6382145,-57.28630403,64,6.58984375
28/2/2022,JUNCTION,CHICKEN INN,1438.825468,1217.75,-221.0754682,-15.36499548,176,6.919034091
28/2/2022,TATARAFEL,CHICKEN INN,695.8280789,640.25,-55.57807892,-7.987329141,90,7.113888889
28/2/2022,CARREFOUR,CHICKEN INN,1205.86725,1440.5,234.63275,19.45759369,156,9.233974359
28/2/2022,LA PIAZZA,CHICKEN INN,828.5687951,1211.5,382.9312049,46.21598196,176,6.883522727
28/2/2022,ALILAC,CHICKEN INN,492.5465397,840,347.4534603,70.54225993,94,8.936170213
1/3/2022,LA PIAZZA,CHICKEN INN,965.1281866,1192.25,227.1218134,23.53281321,197,6.052030457
1/3/2022,CARREFOUR,CHICKEN INN,1293.189073,2092.75,799.5609269,61.8286176,246,8.507113821
1/3/2022,ALILAC,CHICKEN INN,573.7248995,647.25,73.52510054,12.81539299,77,8.405844156
1/3/2022,JUNCTION,CHICKEN INN,1582.375898,1006.75,-575.6258978,-36.37731708,124,8.118951613
1/3/2022,Bon Marche,CHICKEN INN,640.878851,360.75,-280.128851,-43.71011004,48,7.515625
1/3/2022,OASIS,CHICKEN INN,839.0589589,585,-254.0589589,-30.27903537,72,8.125
1/3/2022,TATARAFEL,CHICKEN INN,629.2942192,661,31.70578082,5.038307973,95,6.957894737
2/3/2022,TATARAFEL,CHICKEN INN,498.2835829,599.75,101.4664171,20.36318687,81,7.404320988
2/3/2022,OASIS,CHICKEN INN,664.3781105,429.25,-235.1281105,-35.39070701,68,6.3125
2/3/2022,Bon Marche,CHICKEN INN,653.6043199,405.25,-248.3543199,-37.99765582,49,8.270408163
2/3/2022,JUNCTION,CHICKEN INN,1613.795994,1272,-341.7959941,-21.17962836,145,8.772413793
2/3/2022,CARREFOUR,CHICKEN INN,1277.284933,1809,531.7150667,41.62853979,205,8.824390244
2/3/2022,LA PIAZZA,CHICKEN INN,767.5613837,1228.75,461.1886163,60.08491648,181,6.788674033
2/3/2022,ALILAC,CHICKEN INN,456.2804027,722,265.7195973,58.2360311,85,8.494117647
3/3/2022,LA PIAZZA,CHICKEN INN,1087.791856,1057.75,-30.04185557,-2.761728305,136,7.777573529
3/3/2022,CARREFOUR,CHICKEN INN,1269.723949,1681.5,411.7760512,32.43036028,181,9.290055249
3/3/2022,ALILAC,CHICKEN INN,646.6428829,678.25,31.6071171,4.887878292,82,8.271341463
3/3/2022,JUNCTION,CHICKEN INN,1711.94639,1552.75,-159.1963902,-9.299145762,187,8.303475936
3/3/2022,Bon Marche,CHICKEN INN,693.3562607,489.25,-204.1062607,-29.43742954,58,8.435344828
3/3/2022,OASIS,CHICKEN INN,523.6732411,594.25,70.57675892,13.47725134,71,8.36971831
3/3/2022,TATARAFEL,CHICKEN INN,392.7549308,719.75,326.9950692,83.25676994,108,6.664351852
4/3/2022,Bon Marche,CHICKEN INN,700.6279572,480.25,-220.3779572,-31.45434819,53,9.061320755
4/3/2022,TATARAFEL,CHICKEN INN,511.024575,633.25,122.225425,23.91771961,87,7.278735632
4/3/2022,JUNCTION,CHICKEN INN,1729.900731,1774,44.09926906,2.549236975,186,9.537634409
4/3/2022,OASIS,CHICKEN INN,681.3661,725,43.63390001,6.403884785,82,8.841463415
4/3/2022,CARREFOUR,CHICKEN INN,1196.460616,1486.75,290.2893837,24.26234343,170,8.745588235
4/3/2022,LA PIAZZA,CHICKEN INN,929.1120455,1155.75,226.6379545,24.39296267,176,6.566761364
4/3/2022,ALILAC,CHICKEN INN,552.3149384,731.75,179.4350616,32.48781613,98,7.466836735
5/3/2022,OASIS,CHICKEN INN,977.9173077,1156,178.0826923,18.21040397,122,9.475409836
5/3/2022,Bon Marche,CHICKEN INN,1147.837292,658.5,-489.3372916,-42.63124183,63,10.45238095
5/3/2022,JUNCTION,CHICKEN INN,2834.092687,2657.25,-176.8426869,-6.239834275,303,8.76980198
5/3/2022,TATARAFEL,CHICKEN INN,733.4379808,1393,659.5620192,89.9274426,154,9.045454545
5/3/2022,CARREFOUR,CHICKEN INN,1957.252091,2533,575.7479089,29.41613456,264,9.59469697
5/3/2022,LA PIAZZA,CHICKEN INN,1529.903037,1788.75,258.8469632,16.91917442,204,8.768382353
5/3/2022,ALILAC,CHICKEN INN,909.4579126,881,-28.45791256,-3.12910715,98,8.989795918
6/3/2022,LA PIAZZA,CHICKEN INN,1451.085105,1659.75,208.6648952,14.37992124,205,8.096341463
6/3/2022,CARREFOUR,CHICKEN INN,2678.152855,3432,753.8471453,28.14802538,275,12.48
6/3/2022,ALILAC,CHICKEN INN,862.6042296,1269.25,406.6457704,47.14163883,146,8.693493151
6/3/2022,JUNCTION,CHICKEN INN,4197.425628,3534.75,-662.6756276,-15.78766812,381,9.277559055
6/3/2022,Bon Marche,CHICKEN INN,1700.001445,1261,-439.0014454,-25.82359248,148,8.52027027
6/3/2022,OASIS,CHICKEN INN,1553.66243,1222.25,-331.4124296,-21.33104485,178,6.866573034
6/3/2022,TATARAFEL,CHICKEN INN,1165.246822,2122.75,957.5031778,82.1717047,210,10.10833333
7/3/2022,OASIS,CHICKEN INN,542.138447,506.5,-35.63844704,-6.573680069,62,8.169354839
7/3/2022,TATARAFEL,CHICKEN INN,406.6038353,607.25,200.6461647,49.34684509,91,6.673076923
7/3/2022,Bon Marche,CHICKEN INN,709.5963829,398.75,-310.8463829,-43.80608334,62,6.431451613
7/3/2022,JUNCTION,CHICKEN INN,1752.044418,1465,-287.0444179,-16.38339844,189,7.751322751
7/3/2022,ALILAC,CHICKEN INN,503.444375,622.25,118.805625,23.59856042,79,7.876582278
7/3/2022,CARREFOUR,CHICKEN INN,1388.353188,1997.75,609.3968116,43.89350035,181,11.03729282
7/3/2022,LA PIAZZA,CHICKEN INN,846.9012887,1386.25,539.3487113,63.68495579,201,6.896766169
8/3/2022,OASIS,CHICKEN INN,718.2965119,1262.75,544.4534881,75.79787442,157,8.042993631
8/3/2022,Bon Marche,CHICKEN INN,787.1611455,1303,515.8388545,65.53154427,149,8.744966443
8/3/2022,JUNCTION,CHICKEN INN,1943.557386,3069,1125.442614,57.90632283,422,7.272511848
8/3/2022,TATARAFEL,CHICKEN INN,538.7223839,1839.75,1301.027616,241.502424,216,8.517361111
8/3/2022,CARREFOUR,CHICKEN INN,1335.165573,2824.75,1489.584427,111.5655209,293,9.640784983
8/3/2022,LA PIAZZA,CHICKEN INN,858.9066691,2093,1234.093331,143.6818895,248,8.439516129
8/3/2022,ALILAC,CHICKEN INN,510.5810287,1419.5,908.9189713,178.0165968,148,9.591216216
9/3/2022,LA PIAZZA,CHICKEN INN,1158.519205,1189.5,30.98079489,2.674171887,178,6.68258427
9/3/2022,CARREFOUR,CHICKEN INN,1155.005563,1681.75,526.7444367,45.60535927,202,8.32549505
9/3/2022,ALILAC,CHICKEN INN,688.6870819,722.25,33.56291814,4.873464164,89,8.115168539
9/3/2022,JUNCTION,CHICKEN INN,1977.969872,1250.25,-727.7198723,-36.7912516,169,7.397928994
9/3/2022,Bon Marche,CHICKEN INN,801.0985638,488.5,-312.5985638,-39.02123633,52,9.394230769
9/3/2022,OASIS,CHICKEN INN,855.3083402,432,-423.3083402,-49.49189904,58,7.448275862
9/3/2022,TATARAFEL,CHICKEN INN,641.4812551,752,110.5187449,17.22867878,94,8
10/3/2022,Bon Marche,CHICKEN INN,795.2812066,309,-486.2812066,-61.14581893,38,8.131578947
10/3/2022,OASIS,CHICKEN INN,543.6156635,533.75,-9.865663517,-1.814823262,75,7.116666667
10/3/2022,JUNCTION,CHICKEN INN,1963.6064,1284.75,-678.8563997,-34.57191827,173,7.426300578
10/3/2022,TATARAFEL,CHICKEN INN,407.7117476,562.5,154.7882524,37.96511954,85,6.617647059
10/3/2022,CARREFOUR,CHICKEN INN,998.3106776,1662,663.6893224,66.48124048,178,9.337078652
10/3/2022,LA PIAZZA,CHICKEN INN,841.6815581,936.5,94.81844188,11.26535814,140,6.689285714
10/3/2022,ALILAC,CHICKEN INN,500.3414821,762,261.6585179,52.2959873,90,8.466666667
11/3/2022,OASIS,CHICKEN INN,662.5315899,601.5,-61.03158991,-9.21187621,82,7.335365854
11/3/2022,Bon Marche,CHICKEN INN,895.7518131,516,-379.7518131,-42.39475796,62,8.322580645
11/3/2022,JUNCTION,CHICKEN INN,2211.675541,1384.25,-827.425541,-37.41170554,209,6.623205742
11/3/2022,TATARAFEL,CHICKEN INN,496.8986924,692.25,195.3513076,39.31411182,83,8.340361446
11/3/2022,CARREFOUR,CHICKEN INN,1338.55498,1476.25,137.6950199,10.2868408,174,8.484195402
11/3/2022,LA PIAZZA,CHICKEN INN,863.6044266,1799.25,935.6455734,108.341915,147,12.23979592
11/3/2022,ALILAC,CHICKEN INN,513.3736323,740.75,227.3763677,44.29062059,84,8.818452381
12/3/2022,LA PIAZZA,CHICKEN INN,1377.225917,1520,142.774083,10.36678742,192,7.916666667
12/3/2022,CARREFOUR,CHICKEN INN,1721.036506,1958.75,237.7134936,13.81222843,203,9.649014778
12/3/2022,ALILAC,CHICKEN INN,818.6982949,844.75,26.05170512,3.182088601,104,8.122596154
12/3/2022,JUNCTION,CHICKEN INN,3141.710392,2380.75,-760.9603917,-24.22121382,291,8.181271478
12/3/2022,Bon Marche,CHICKEN INN,1272.425692,835.5,-436.9256915,-34.33801238,98,8.525510204
12/3/2022,OASIS,CHICKEN INN,1370.487586,1004,-366.4875865,-26.74140139,137,7.328467153
12/3/2022,TATARAFEL,CHICKEN INN,1027.86569,1221.25,193.3843101,18.81416143,158,7.72943038
13/3/2022,Bon Marche,CHICKEN INN,1838.406069,1855.5,17.09393136,0.929823484,180,10.30833333
13/3/2022,OASIS,CHICKEN INN,1846.520596,1364.5,-482.0205962,-26.10426318,176,7.752840909
13/3/2022,JUNCTION,CHICKEN INN,4539.15658,3860.25,-678.9065798,-14.956668,384,10.05273438
13/3/2022,TATARAFEL,CHICKEN INN,1384.890447,1463.25,78.35955286,5.658177008,168,8.709821429
13/3/2022,CARREFOUR,CHICKEN INN,2232.315493,3615.25,1382.934507,61.95067461,284,12.72975352
13/3/2022,LA PIAZZA,CHICKEN INN,1482.403488,2211.5,729.0965116,49.18340501,236,9.370762712
13/3/2022,ALILAC,CHICKEN INN,881.2215871,1536.75,655.5284129,74.3886013,152,10.11019737
14/3/2022,LA PIAZZA,CHICKEN INN,846.9012887,1136,289.0987113,34.13605755,160,7.1
14/3/2022,CARREFOUR,CHICKEN INN,1388.353188,1517.5,129.1468116,9.302158318,151,10.04966887
14/3/2022,ALILAC,CHICKEN INN,503.444375,626.5,123.055625,24.44274504,75,8.353333333
14/3/2022,JUNCTION,CHICKEN INN,1752.044418,1206.5,-545.5444179,-31.13759059,176,6.855113636
14/3/2022,Bon Marche,CHICKEN INN,709.5963829,308.25,-401.3463829,-56.55981239,41,7.518292683
14/3/2022,OASIS,CHICKEN INN,542.138447,518.75,-23.38844704,-4.314109646,71,7.306338028
14/3/2022,TATARAFEL,CHICKEN INN,406.6038353,571,164.3961647,40.43153322,77,7.415584416
15/3/2022,TATARAFEL,CHICKEN INN,1235.045301,1087.5,-147.5453008,-11.94654971,134,8.115671642
15/3/2022,OASIS,CHICKEN INN,1646.727068,463,-1183.727068,-71.88362242,66,7.015151515
15/3/2022,Bon Marche,CHICKEN INN,1615.770961,399,-1216.770961,-75.305906,51,7.823529412
15/3/2022,JUNCTION,CHICKEN INN,3989.454514,1451.75,-2537.704514,-63.61031327,202,7.186881188
15/3/2022,CARREFOUR,CHICKEN INN,2239.094306,1516.25,-722.8443065,-32.28288797,176,8.615056818
15/3/2022,LA PIAZZA,CHICKEN INN,1813.595395,1025,-788.5953945,-43.48243257,160,6.40625
15/3/2022,ALILAC,CHICKEN INN,1078.100142,685.75,-392.3501423,-36.39273635,81,8.466049383
16/3/2022,LA PIAZZA,CHICKEN INN,770.6932221,1202.5,431.8067779,56.02836065,178,6.755617978
16/3/2022,CARREFOUR,CHICKEN INN,1164.652337,1130,-34.65233663,-2.975337407,132,8.560606061
16/3/2022,ALILAC,CHICKEN INN,458.1421385,631.5,173.3578615,37.83931818,71,8.894366197
16/3/2022,JUNCTION,CHICKEN INN,1962.110205,1298,-664.1102046,-33.84673313,178,7.292134831
16/3/2022,Bon Marche,CHICKEN INN,794.6752319,452.25,-342.4252319,-43.08995903,59,7.665254237
16/3/2022,OASIS,CHICKEN INN,465.6924944,607,141.3075056,30.34352225,82,7.402439024
16/3/2022,TATARAFEL,CHICKEN INN,349.2693708,704.75,355.4806292,101.7783576,87,8.100574713
17/3/2022,TATARAFEL,CHICKEN INN,412.4203752,792,379.5796248,92.0370689,99,8
17/3/2022,OASIS,CHICKEN INN,549.8938335,481,-68.89383354,-12.52856994,74,6.5
17/3/2022,Bon Marche,CHICKEN INN,747.0456198,297.75,-449.2956198,-60.14299634,39,7.634615385
17/3/2022,CARREFOUR,CHICKEN INN,1064.534473,1500.5,435.9655271,40.95363168,171,8.774853801
17/3/2022,ALILAC,CHICKEN INN,448.8334597,647.25,198.4165403,44.20716325,73,8.866438356
17/3/2022,LA PIAZZA,CHICKEN INN,755.0340303,1219,463.9659697,61.44967659,152,8.019736842
17/3/2022,JUNCTION,CHICKEN INN,1844.509273,1152.25,-692.2592727,-37.53081012,157,7.339171975
18/3/2022,OASIS,CHICKEN INN,750.7952744,545.75,-205.0452744,-27.31041089,70,7.796428571
18/3/2022,Bon Marche,CHICKEN INN,793.8268673,371.75,-422.0768673,-53.16988939,50,7.435
18/3/2022,JUNCTION,CHICKEN INN,1960.015532,1539,-421.0155315,-21.48021405,202,7.618811881
18/3/2022,TATARAFEL,CHICKEN INN,563.0964558,717.5,154.4035442,27.42044327,109,6.582568807
18/3/2022,CARREFOUR,CHICKEN INN,1103.121566,1605,501.8784338,45.49620361,189,8.492063492
18/3/2022,LA PIAZZA,CHICKEN INN,763.3855992,1132,368.6144008,48.28678995,128,8.84375
18/3/2022,ALILAC,CHICKEN INN,453.7980884,761.25,307.4519116,67.75081682,92,8.274456522
19/3/2022,LA PIAZZA,CHICKEN INN,1285.358659,1374.5,89.14134148,6.935133699,179,7.67877095
19/3/2022,CARREFOUR,CHICKEN INN,1645.426661,1817.75,172.3233386,10.47286656,196,9.274234694
19/3/2022,ALILAC,CHICKEN INN,764.0873796,791,26.91262037,3.522191452,94,8.414893617
19/3/2022,JUNCTION,CHICKEN INN,3532.516542,3157.25,-375.2665419,-10.62320693,319,9.897335423
19/3/2022,Bon Marche,CHICKEN INN,1430.706285,811.75,-618.9562852,-43.26228882,84,9.663690476
19/3/2022,OASIS,CHICKEN INN,1038.113879,993.75,-44.36387918,-4.273507952,131,7.585877863
19/3/2022,TATARAFEL,CHICKEN INN,778.5854094,1001,222.4145906,28.56649867,126,7.944444444
20/3/2022,OASIS,CHICKEN INN,1898.961781,1505.25,-393.7117811,-20.73300185,173,8.700867052
20/3/2022,TATARAFEL,CHICKEN INN,1424.221336,1877.75,453.5286642,31.84397346,190,9.882894737
20/3/2022,Bon Marche,CHICKEN INN,1740.722946,1229.75,-510.9729457,-29.35406504,127,9.683070866
20/3/2022,JUNCTION,CHICKEN INN,4297.969936,3516.25,-781.7199357,-18.18812015,375,9.376666667
20/3/2022,ALILAC,CHICKEN INN,849.2617901,1287.75,438.4882099,51.63168943,122,10.55532787
20/3/2022,CARREFOUR,CHICKEN INN,2384.578077,3360.25,975.6719228,40.91591431,252,13.3343254
20/3/2022,LA PIAZZA,CHICKEN INN,1428.640263,1767.25,338.6097367,23.70153953,184,9.604619565
21/3/2022,OASIS,CHICKEN INN,772.9535216,526.25,-246.7035216,-31.91699302,76,6.924342105
21/3/2022,Bon Marche,CHICKEN INN,900.9631956,541.25,-359.7131956,-39.92540399,58,9.331896552
21/3/2022,JUNCTION,CHICKEN INN,2224.542819,1330.75,-893.7928185,-40.17871947,175,7.604285714
21/3/2022,TATARAFEL,CHICKEN INN,579.7151412,488,-91.71514117,-15.8207255,78,6.256410256
21/3/2022,CARREFOUR,CHICKEN INN,1113.811234,1327.75,213.938766,19.20781184,164,8.096036585
21/3/2022,LA PIAZZA,CHICKEN INN,772.7811143,1230,457.2188857,59.16538037,172,7.151162791
21/3/2022,ALILAC,CHICKEN INN,459.3832957,589,129.6167043,28.21537169,66,8.924242424
22/3/2022,LA PIAZZA,CHICKEN INN,877.6976992,1048.75,171.0523008,19.48874891,152,6.899671053
22/3/2022,CARREFOUR,CHICKEN INN,1512.718347,1591,78.28165275,5.174899405,187,8.50802139
22/3/2022,ALILAC,CHICKEN INN,521.7514432,617,95.24855681,18.25554257,74,8.337837838
22/3/2022,JUNCTION,CHICKEN INN,2310.723654,1401.5,-909.2236541,-39.34800479,188,7.454787234
22/3/2022,Bon Marche,CHICKEN INN,935.8673388,365.75,-570.1173388,-60.91860621,49,7.464285714
22/3/2022,OASIS,CHICKEN INN,807.2988047,555.75,-251.5488047,-31.15931836,73,7.613013699
22/3/2022,TATARAFEL,CHICKEN INN,605.4741035,568.5,-36.97410349,-6.106636647,75,7.58
23/3/2022,Bon Marche,CHICKEN INN,730.078328,335,-395.078328,-54.11451249,43,7.790697674
23/3/2022,TATARAFEL,CHICKEN INN,551.4966134,568.75,17.25338658,3.12846646,82,6.93597561
23/3/2022,JUNCTION,CHICKEN INN,1802.615811,1240.75,-561.865811,-31.16947092,173,7.171965318
23/3/2022,OASIS,CHICKEN INN,735.3288179,414.75,-320.5788179,-43.59666181,57,7.276315789
23/3/2022,CARREFOUR,CHICKEN INN,1064.273749,1442,377.7262507,35.49145612,176,8.193181818
23/3/2022,LA PIAZZA,CHICKEN INN,964.8672001,1103.25,138.3827999,14.34216023,126,8.755952381
23/3/2022,ALILAC,CHICKEN INN,573.5697548,701,127.4302452,22.21704407,78,8.987179487
24/3/2022,OASIS,CHICKEN INN,733.8072849,647.25,-86.55728492,-11.79564263,85,7.614705882
24/3/2022,Bon Marche,CHICKEN INN,822.0652887,450,-372.0652887,-45.25982228,64,7.03125
24/3/2022,JUNCTION,CHICKEN INN,2029.738221,1329.75,-699.9882214,-34.48662562,183,7.266393443
24/3/2022,TATARAFEL,CHICKEN INN,550.3554637,706.75,156.3945363,28.4170044,94,7.518617021
24/3/2022,CARREFOUR,CHICKEN INN,1007.436004,1585.25,577.8139962,57.35490831,172,9.216569767
24/3/2022,LA PIAZZA,CHICKEN INN,605.7497353,859.25,253.5002647,41.84900957,128,6.712890625
24/3/2022,ALILAC,CHICKEN INN,360.0907225,788.5,428.4092775,118.9725952,112,7.040178571
25/3/2022,LA PIAZZA,CHICKEN INN,802.2725921,961.75,159.4774079,19.87820716,130,7.398076923
25/3/2022,CARREFOUR,CHICKEN INN,1133.626228,1356.25,222.6237722,19.63819879,152,8.922697368
25/3/2022,ALILAC,CHICKEN INN,476.9146406,706.75,229.8353594,48.19213751,84,8.413690476
25/3/2022,JUNCTION,CHICKEN INN,2051.28343,1419.75,-631.5334303,-30.78723403,169,8.400887574
25/3/2022,Bon Marche,CHICKEN INN,830.7913244,557,-273.7913244,-32.9554867,58,9.603448276
25/3/2022,OASIS,CHICKEN INN,596.4261526,419.75,-176.6761526,-29.62246907,71,5.911971831
25/3/2022,TATARAFEL,CHICKEN INN,447.3196144,455.75,8.430385574,1.884644738,58,7.857758621
26/3/2022,Bon Marche,CHICKEN INN,1422.828614,772,-650.828614,-45.74188399,80,9.65
26/3/2022,TATARAFEL,CHICKEN INN,854.2004278,1322,467.7995722,54.7646146,148,8.932432432
26/3/2022,JUNCTION,CHICKEN INN,3513.066006,2652.75,-860.3160061,-24.4890362,260,10.20288462
26/3/2022,OASIS,CHICKEN INN,1138.933904,1088,-50.93390373,-4.472068446,108,10.07407407
26/3/2022,CARREFOUR,CHICKEN INN,1408.950353,2090.75,681.7996469,48.39060833,208,10.05168269
26/3/2022,LA PIAZZA,CHICKEN INN,1344.602601,1712.75,368.1473993,27.37964355,212,8.079009434
26/3/2022,ALILAC,CHICKEN INN,799.3052142,1003.75,204.4447858,25.5778121,113,8.882743363
27/3/2022,LA PIAZZA,CHICKEN INN,1613.15774,2044,430.8422602,26.70800565,230,8.886956522
27/3/2022,CARREFOUR,CHICKEN INN,2235.444176,4080.5,1845.055824,82.53643029,352,11.59232955
27/3/2022,ALILAC,CHICKEN INN,958.9490545,1684.5,725.5509455,75.66105228,171,9.850877193
27/3/2022,JUNCTION,CHICKEN INN,4374.275884,4075,-299.2758839,-6.841724021,384,10.61197917
27/3/2022,Bon Marche,CHICKEN INN,1771.627656,1200.5,-571.1276558,-32.2374543,127,9.452755906
27/3/2022,OASIS,CHICKEN INN,1797.033844,1303.75,-493.2838442,-27.44989171,159,8.199685535
27/3/2022,TATARAFEL,CHICKEN INN,1347.775383,1766,418.2246168,31.03073569,190,9.294736842
28/3/2022,TATARAFEL,CHICKEN INN,632.0640001,694.5,62.43599993,9.878113596,88,7.892045455
28/3/2022,OASIS,CHICKEN INN,842.7520001,590.5,-252.2520001,-29.93193728,85,6.947058824
28/3/2022,Bon Marche,CHICKEN INN,796.371961,368.25,-428.121961,-53.75904502,56,6.575892857
28/3/2022,CARREFOUR,CHICKEN INN,1282.499405,1681.5,399.0005946,31.1111719,176,9.553977273
28/3/2022,ALILAC,CHICKEN INN,549.6774794,572.25,22.5725206,4.106502713,74,7.733108108
28/3/2022,LA PIAZZA,CHICKEN INN,924.6752745,1351.5,426.8247255,46.15941804,178,7.592696629
28/3/2022,JUNCTION,CHICKEN INN,1966.299551,1453.75,-512.5495508,-26.06670741,159,9.143081761
29/3/2022,OASIS,CHICKEN INN,712.0183419,350.75,-361.2683419,-50.73862858,56,6.263392857
29/3/2022,LA PIAZZA,CHICKEN INN,959.386483,1281.75,322.363517,33.60100676,156,8.216346154
29/3/2022,CARREFOUR,CHICKEN INN,1176.906346,1509.25,332.343654,28.23875112,188,8.027925532
29/3/2022,ALILAC,CHICKEN INN,570.3117173,717.75,147.4382827,25.85222752,88,8.15625
29/3/2022,JUNCTION,CHICKEN INN,1894.482188,1648.75,-245.7321878,-12.97094211,206,8.003640777
29/3/2022,Bon Marche,CHICKEN INN,767.2851751,390.5,-376.7851751,-49.10627591,45,8.677777778
29/3/2022,TATARAFEL,CHICKEN INN,534.0137564,598.5,64.48624358,12.07576449,74,8.087837838
30/3/2022,TATARAFEL,CHICKEN INN,525.7044137,608.25,82.54558627,15.70190094,79,7.699367089
30/3/2022,OASIS,CHICKEN INN,700.9392183,429,-271.9392183,-38.79640505,65,6.6
30/3/2022,JUNCTION,CHICKEN INN,1532.402983,1451.25,-81.15298273,-5.295799058,181,8.017955801
30/3/2022,Bon Marche,CHICKEN INN,620.6392958,332.25,-288.3892958,-46.46648991,42,7.910714286
30/3/2022,ALILAC,CHICKEN INN,480.4829675,648.75,168.2670325,35.02039488,84,7.723214286
30/3/2022,CARREFOUR,CHICKEN INN,935.7370128,1567.5,631.7629872,67.51501528,185,8.472972973
30/3/2022,LA PIAZZA,CHICKEN INN,808.2752823,968.75,160.4747177,19.85396822,127,7.627952756
31/3/2022,LA PIAZZA,CHICKEN INN,844.5524099,1116,271.4475901,32.141,157,7.108280255
31/3/2022,CARREFOUR,CHICKEN INN,1145.35879,1692.5,547.14121,47.77028952,170,9.955882353
31/3/2022,ALILAC,CHICKEN INN,502.0480732,534.5,32.45192681,6.463908247,68,7.860294118
31/3/2022,JUNCTION,CHICKEN INN,2239.20553,1910,-329.2055301,-14.70188983,239,7.991631799
31/3/2022,Bon Marche,CHICKEN INN,906.9017478,496.75,-410.1517478,-45.225599,65,7.642307692
31/3/2022,OASIS,CHICKEN INN,664.3781105,532.25,-132.1281105,-19.88748702,86,6.188953488
31/3/2022,TATARAFEL,CHICKEN INN,498.2835829,849,350.7164171,70.38490313,104,8.163461538
1/4/2022,TATARAFEL,CHICKEN INN,815.1742389,987.5,172.3257611,21.1397457,114,8.662280702
1/4/2022,OASIS,CHICKEN INN,789.4568007,829.25,39.79319928,5.040579705,97,8.548969072
1/4/2022,Bon Marche,CHICKEN INN,810.3679629,671.25,-139.1179629,-17.16725848,79,8.496835443
1/4/2022,LA PIAZZA,CHICKEN INN,1013.23334,1286,272.7666596,26.9204189,173,7.433526012
1/4/2022,ALILAC,CHICKEN INN,523.6948919,787.25,263.5551081,50.3260796,88,8.946022727
1/4/2022,CARREFOUR,CHICKEN INN,1451.511495,1587.25,135.738505,9.351528075,203,7.818965517
1/4/2022,JUNCTION,CHICKEN INN,2476.246456,1976,-500.2464562,-20.20180402,222,8.900900901
2/4/2022,Bon Marche,CHICKEN INN,975.6861173,1146.5,170.8138827,17.50705269,93,12.32795699
2/4/2022,TATARAFEL,CHICKEN INN,1209.867013,1323,113.1329873,9.350861383,143,9.251748252
2/4/2022,OASIS,CHICKEN INN,1171.697651,982,-189.6976514,-16.18998307,137,7.167883212
2/4/2022,JUNCTION,CHICKEN INN,2981.410176,2853.25,-128.1601756,-4.298642858,307,9.293973941
2/4/2022,CARREFOUR,CHICKEN INN,1853.017615,1916.25,63.2323847,3.412400626,203,9.439655172
2/4/2022,LA PIAZZA,CHICKEN INN,1399.366928,1291.25,-108.1169277,-7.72613141,164,7.87347561
2/4/2022,ALILAC,CHICKEN INN,723.2700334,949.5,226.2299666,31.27876951,125,7.596
3/4/2022,LA PIAZZA,CHICKEN INN,2838.992837,2030.25,-808.7428368,-28.48696292,206,9.855582524
3/4/2022,CARREFOUR,CHICKEN INN,3915.182643,3652.75,-262.4326426,-6.702947642,305,11.97622951
3/4/2022,ALILAC,CHICKEN INN,1467.348129,1529.75,62.40187058,4.252697047,165,9.271212121
3/4/2022,JUNCTION,CHICKEN INN,4996.294751,3161.25,-1835.044751,-36.72811238,339,9.325221239
3/4/2022,Bon Marche,CHICKEN INN,1635.070366,1237.5,-397.5703659,-24.31518387,115,10.76086957
3/4/2022,OASIS,CHICKEN INN,1930.697014,1619.75,-310.9470138,-16.10542781,175,9.255714286
3/4/2022,TATARAFEL,CHICKEN INN,1993.591628,1907,-86.5916282,-4.343498787,189,10.08994709
4/4/2022,OASIS,CHICKEN INN,623.7683364,536,-87.76833637,-14.07066234,66,8.121212121
4/4/2022,LA PIAZZA,CHICKEN INN,1062.308157,1332,269.691843,25.38734558,169,7.881656805
4/4/2022,CARREFOUR,CHICKEN INN,1295.291183,1647.5,352.2088168,27.19147798,189,8.716931217
4/4/2022,ALILAC,CHICKEN INN,549.0594646,562.75,13.69053536,2.493452211,70,8.039285714
4/4/2022,JUNCTION,CHICKEN INN,1464.607585,1324,-140.6075852,-9.600358935,180,7.355555556
4/4/2022,Bon Marche,CHICKEN INN,479.302479,373.75,-105.552479,-22.02210163,46,8.125
4/4/2022,TATARAFEL,CHICKEN INN,644.0882875,889.25,245.1617125,38.0633707,105,8.469047619
5/4/2022,OASIS,CHICKEN INN,701.1302297,546,-155.1302297,-22.12573686,75,7.28
5/4/2022,TATARAFEL,CHICKEN INN,723.970331,673.75,-50.22033098,-6.936794069,85,7.926470588
5/4/2022,JUNCTION,CHICKEN INN,1643.48695,1863.5,220.01305,13.38696666,223,8.356502242
5/4/2022,Bon Marche,CHICKEN INN,537.8419294,517.75,-20.09192938,-3.735656944,50,10.355
5/4/2022,ALILAC,CHICKEN INN,521.7204042,547.25,25.52959584,4.893348169,78,7.016025641
5/4/2022,KOLWEZI,CHICKEN INN,1123.66922,143.5,-980.1692205,-87.22933784,22,6.522727273
5/4/2022,CARREFOUR,CHICKEN INN,1408.259241,1703.25,294.9907589,20.94719142,214,7.95911215
5/4/2022,LA PIAZZA,CHICKEN INN,1009.413145,1309.25,299.8368549,29.70407671,186,7.038978495
6/4/2022,OASIS,CHICKEN INN,476.9634838,476,-0.963483771,-0.202003676,65,7.323076923
6/4/2022,Bon Marche,CHICKEN INN,460.9337952,316.5,-144.4337952,-31.33504133,40,7.9125
6/4/2022,JUNCTION,CHICKEN INN,1408.478283,1657.5,249.021717,17.68019571,183,9.057377049
6/4/2022,TATARAFEL,CHICKEN INN,492.5011027,784,291.4988973,59.18746085,107,7.327102804
6/4/2022,ALILAC,CHICKEN INN,404.4662114,671,266.5337886,65.89766488,80,8.3875
6/4/2022,CARREFOUR,CHICKEN INN,1209.640338,1676,466.3596618,38.55358052,179,9.363128492
6/4/2022,LA PIAZZA,CHICKEN INN,782.552316,1040.5,257.947684,32.96235648,145,7.175862069
6/4/2022,KOLWEZI,CHICKEN INN,965.1884939,346.5,-618.6884939,-64.10027656,36,9.625
7/4/2022,LA PIAZZA,CHICKEN INN,1028.22026,1008,-20.22026043,-1.966530053,149,6.765100671
7/4/2022,CARREFOUR,CHICKEN INN,1452.934267,1505.5,52.56573346,3.617901695,175,8.602857143
7/4/2022,ALILAC,CHICKEN INN,531.440959,686.5,155.059041,29.17709642,70,9.807142857
7/4/2022,KOLWEZI,CHICKEN INN,1159.316031,574.25,-585.0660315,-50.46648331,58,9.900862069
7/4/2022,JUNCTION,CHICKEN INN,1888.462502,1693.5,-194.9625024,-10.32387469,237,7.14556962
7/4/2022,Bon Marche,CHICKEN INN,618.0117925,389.25,-228.7617925,-37.01576495,44,8.846590909
7/4/2022,OASIS,CHICKEN INN,604.2755759,578,-26.27557586,-4.348276997,82,7.048780488
7/4/2022,TATARAFEL,CHICKEN INN,623.9605285,983.5,359.5394715,57.62214997,115,8.552173913
8/4/2022,TATARAFEL,CHICKEN INN,771.1447661,856.75,85.6052339,11.1010588,111,7.718468468
8/4/2022,OASIS,CHICKEN INN,746.8163871,626.5,-120.3163871,-16.11057138,78,8.032051282
8/4/2022,Bon Marche,CHICKEN INN,515.095662,607,91.90433798,17.84218831,65,9.338461538
8/4/2022,JUNCTION,CHICKEN INN,1573.981038,1527.75,-46.23103842,-2.93720428,200,7.63875
8/4/2022,ALILAC,CHICKEN INN,466.7385159,732.25,265.5114841,56.88655963,88,8.321022727
8/4/2022,CARREFOUR,CHICKEN INN,1500.454835,1641.5,141.045165,9.400160652,184,8.921195652
8/4/2022,LA PIAZZA,CHICKEN INN,903.0353988,1209,305.9646012,33.88179485,152,7.953947368
8/4/2022,KOLWEZI,CHICKEN INN,1197.23334,408.25,-788.98334,-65.90054868,47,8.686170213
9/4/2022,TATARAFEL,CHICKEN INN,1033.434625,1159.75,126.3153746,12.22287037,138,8.403985507
9/4/2022,Bon Marche,CHICKEN INN,956.8882587,762.5,-194.3882587,-20.31462471,64,11.9140625
9/4/2022,JUNCTION,CHICKEN INN,2923.969441,2790.25,-133.7194411,-4.573216097,306,9.118464052
9/4/2022,OASIS,CHICKEN INN,1000.831423,1072,71.16857748,7.110945547,110,9.745454545
9/4/2022,ALILAC,CHICKEN INN,693.3489505,843.75,150.4010495,21.69197046,105,8.035714286
9/4/2022,CARREFOUR,CHICKEN INN,1812.32635,2366.75,554.4236499,30.59182193,188,12.58909574
9/4/2022,LA PIAZZA,CHICKEN INN,1341.476276,1669.5,328.0237242,24.45244319,196,8.517857143
9/4/2022,KOLWEZI,CHICKEN INN,1446.079868,688.75,-757.3298677,-52.37123375,51,13.50490196
10/4/2022,TATARAFEL,CHICKEN INN,1451.085624,1923.25,472.1643757,32.53869846,195,9.862820513
10/4/2022,LA PIAZZA,CHICKEN INN,2007.071843,2000.25,-6.821843021,-0.339890326,232,8.621767241
10/4/2022,CARREFOUR,CHICKEN INN,3206.64243,3142.5,-64.14243041,-2.000298811,287,10.94947735
10/4/2022,ALILAC,CHICKEN INN,1037.365462,1891.75,854.3845385,82.36099717,173,10.9349711
10/4/2022,KOLWEZI,CHICKEN INN,2558.62365,1052.25,-1506.37365,-58.87437373,83,12.67771084
10/4/2022,JUNCTION,CHICKEN INN,4129.175719,4299,169.8242813,4.112788917,389,11.05141388
10/4/2022,Bon Marche,CHICKEN INN,1351.299951,1428,76.70004879,5.676019504,136,10.5
10/4/2022,OASIS,CHICKEN INN,1405.306203,1367.25,-38.05620314,-2.708036374,167,8.187125749
11/4/2022,OASIS,CHICKEN INN,899.408153,719.25,-180.158153,-20.03074493,92,7.817934783
11/4/2022,ALILAC,CHICKEN INN,558.0206011,484.75,-73.27060113,-13.13044733,68,7.128676471
11/4/2022,TATARAFEL,CHICKEN INN,928.7073794,827.5,-101.2073794,-10.89766073,98,8.443877551
11/4/2022,Bon Marche,CHICKEN INN,583.8494739,554.5,-29.34947393,-5.026890533,53,10.46226415
11/4/2022,LA PIAZZA,CHICKEN INN,1079.645967,1435.5,355.8540335,32.96025221,193,7.437823834
11/4/2022,KOLWEZI,CHICKEN INN,942.9376183,547,-395.9376183,-41.98979981,50,10.94
11/4/2022,CARREFOUR,CHICKEN INN,1181.754017,1416.5,234.7459834,19.86420017,152,9.319078947
11/4/2022,JUNCTION,CHICKEN INN,1784.072492,1819.25,35.17750819,1.971753298,191,9.52486911
12/4/2022,LA PIAZZA,CHICKEN INN,836.6227726,1479,642.3772274,76.78218289,173,8.549132948
12/4/2022,CARREFOUR,CHICKEN INN,1184.59956,1784.25,599.6504403,50.62051859,207,8.619565217
12/4/2022,ALILAC,CHICKEN INN,432.4128066,534.25,101.8371934,23.55091983,66,8.09469697
12/4/2022,KOLWEZI,CHICKEN INN,945.2081158,419.5,-525.7081158,-55.61823973,43,9.755813953
12/4/2022,JUNCTION,CHICKEN INN,1550.375257,2229.5,679.1247429,43.80389456,270,8.257407407
12/4/2022,Bon Marche,CHICKEN INN,507.3705146,638.5,131.1294854,25.84491641,61,10.46721311
12/4/2022,OASIS,CHICKEN INN,684.0740642,792,107.9259358,15.77693724,78,10.15384615
12/4/2022,TATARAFEL,CHICKEN INN,706.3585419,759.75,53.39145813,7.558690801,97,7.832474227
13/4/2022,OASIS,CHICKEN INN,878.0879462,685.75,-192.3379462,-21.90417794,80,8.571875
13/4/2022,Bon Marche,CHICKEN INN,595.8663699,548.25,-47.6163699,-7.991115509,57,9.618421053
13/4/2022,JUNCTION,CHICKEN INN,1820.792596,2463.25,642.457404,35.28449124,242,10.17871901
13/4/2022,TATARAFEL,CHICKEN INN,906.692643,871,-35.69264302,-3.936575784,90,9.677777778
13/4/2022,ALILAC,CHICKEN INN,503.3424802,503.25,-0.092480169,-0.01837321,64,7.86328125
13/4/2022,CARREFOUR,CHICKEN INN,1305.819692,1667,361.1803076,27.65927867,158,10.55063291
13/4/2022,LA PIAZZA,CHICKEN INN,973.8559426,1129.25,155.3940574,15.95657537,148,7.630067568
13/4/2022,KOLWEZI,CHICKEN INN,1041.93131,841.5,-200.4313099,-19.23651857,77,10.92857143
14/4/2022,OASIS,CHICKEN INN,473.0040168,559,85.99598321,18.18081457,74,7.554054054
14/4/2022,Bon Marche,CHICKEN INN,503.7654458,603.5,99.73455417,19.79781563,68,8.875
14/4/2022,JUNCTION,CHICKEN INN,1539.359226,2017.5,478.1407741,31.06102631,266,7.584586466
14/4/2022,TATARAFEL,CHICKEN INN,488.4126516,773.75,285.3373484,58.42136715,104,7.439903846
14/4/2022,ALILAC,CHICKEN INN,572.6014334,856.25,283.6485666,49.53682441,92,9.307065217
14/4/2022,CARREFOUR,CHICKEN INN,1396.877069,1755,358.122931,25.6373978,168,10.44642857
14/4/2022,LA PIAZZA,CHICKEN INN,1107.85664,1127.25,19.39336044,1.750529784,153,7.367647059
14/4/2022,KOLWEZI,CHICKEN INN,1114.58723,631.5,-483.0872304,-43.34225418,62,10.18548387
15/4/2022,LA PIAZZA,CHICKEN INN,1111.676835,1313.25,201.5731651,18.13235275,141,9.313829787
15/4/2022,CARREFOUR,CHICKEN INN,1317.770973,1511,193.229027,14.66332397,165,9.157575758
15/4/2022,ALILAC,CHICKEN INN,574.5759211,697.5,122.9240789,21.39387928,63,11.07142857
15/4/2022,KOLWEZI,CHICKEN INN,1051.467399,933.5,-117.9673995,-11.21931118,82,11.38414634
15/4/2022,JUNCTION,CHICKEN INN,1699.091679,2141.75,442.6583208,26.05264485,227,9.435022026
15/4/2022,Bon Marche,CHICKEN INN,556.0389433,894.5,338.4610567,60.87002733,55,16.26363636
15/4/2022,OASIS,CHICKEN INN,734.6334118,758.5,23.86658821,3.248775217,95,7.984210526
15/4/2022,TATARAFEL,CHICKEN INN,758.5649167,1116.75,358.1850833,47.2187779,115,9.710869565
16/4/2022,Bon Marche,CHICKEN INN,1012.16598,748,-264.1659801,-26.09907716,69,10.84057971
16/4/2022,TATARAFEL,CHICKEN INN,1374.663039,1362,-12.66303941,-0.921174066,144,9.458333333
16/4/2022,JUNCTION,CHICKEN INN,3092.881921,2513.75,-579.1319205,-18.72466959,297,8.463804714
16/4/2022,OASIS,CHICKEN INN,1331.294628,901.75,-429.5446281,-32.2651815,118,7.641949153
16/4/2022,ALILAC,CHICKEN INN,680.1350713,941.5,261.3649287,38.42838574,87,10.82183908
16/4/2022,CARREFOUR,CHICKEN INN,1378.381039,1942.75,564.3689606,40.94433574,187,10.38903743
16/4/2022,LA PIAZZA,CHICKEN INN,1315.910353,1842.5,526.5896467,40.01713683,210,8.773809524
16/4/2022,KOLWEZI,CHICKEN INN,1099.828997,621,-478.8289966,-43.53667689,61,10.18032787
17/4/2022,OASIS,CHICKEN INN,1422.057794,1948.5,526.4422058,37.01974758,212,9.191037736
17/4/2022,Bon Marche,CHICKEN INN,1286.923723,1570,283.0762772,21.9963524,141,11.13475177
17/4/2022,JUNCTION,CHICKEN INN,3932.460875,5040.75,1108.289125,28.1830935,479,10.52348643
17/4/2022,TATARAFEL,CHICKEN INN,1468.382917,2419.75,951.3670828,64.79012196,246,9.836382114
17/4/2022,ALILAC,CHICKEN INN,1024.151582,1661.25,637.0984177,62.20743381,187,8.88368984
17/4/2022,CARREFOUR,CHICKEN INN,2862.900833,4267.75,1404.849167,49.07082879,333,12.81606607
17/4/2022,LA PIAZZA,CHICKEN INN,1981.505921,2495,513.4940794,25.91433486,241,10.3526971
17/4/2022,KOLWEZI,CHICKEN INN,2284.347551,1344.5,-939.8475505,-41.14293161,103,13.05339806
18/4/2022,LA PIAZZA,CHICKEN INN,1037.036096,1314.25,277.2139042,26.73136503,170,7.730882353
18/4/2022,CARREFOUR,CHICKEN INN,1248.908832,1571.75,322.8411681,25.84985868,162,9.702160494
18/4/2022,ALILAC,CHICKEN INN,535.9974691,710.5,174.5025309,32.55659606,80,8.88125
18/4/2022,KOLWEZI,CHICKEN INN,996.5213596,807,-189.5213596,-19.01829377,74,10.90540541
18/4/2022,JUNCTION,CHICKEN INN,1774.367893,1300.25,-474.1178928,-26.72038278,170,7.648529412
18/4/2022,Bon Marche,CHICKEN INN,580.67358,488.75,-91.92358,-15.83050842,47,10.39893617
18/4/2022,OASIS,CHICKEN INN,599.0978114,520.5,-78.59781135,-13.11936212,70,7.435714286
18/4/2022,TATARAFEL,CHICKEN INN,618.6140925,812,193.3859075,31.26115454,84,9.666666667
19/4/2022,Bon Marche,CHICKEN INN,538.871949,282,-256.871949,-47.66845806,33,8.545454545
19/4/2022,OASIS,CHICKEN INN,466.6079547,722,255.3920453,54.73375296,81,8.913580247
19/4/2022,TATARAFEL,CHICKEN INN,481.8082307,596,114.1917693,23.70066803,81,7.358024691
19/4/2022,JUNCTION,CHICKEN INN,1646.634387,1838.5,191.8656125,11.65198626,183,10.04644809
19/4/2022,CARREFOUR,CHICKEN INN,1389.194103,1417,27.80589713,2.001584737,153,9.261437908
19/4/2022,ALILAC,CHICKEN INN,504.4056659,570.25,65.84433415,13.05384507,70,8.146428571
19/4/2022,LA PIAZZA,CHICKEN INN,975.9129708,1038.75,62.83702918,6.438794346,149,6.97147651
19/4/2022,KOLWEZI,CHICKEN INN,1108.456887,577.5,-530.9568871,-47.90054474,55,10.5
20/4/2022,TATARAFEL,CHICKEN INN,563.5772516,854,290.4227484,51.53202114,91,9.384615385
20/4/2022,Bon Marche,CHICKEN INN,505.0529704,200.75,-304.3029704,-60.25169403,30,6.691666667
20/4/2022,JUNCTION,CHICKEN INN,1543.293523,1772.5,229.2064772,14.85177472,190,9.328947368
20/4/2022,OASIS,CHICKEN INN,545.7972943,444.75,-101.0472943,-18.51370378,61,7.290983607
20/4/2022,ALILAC,CHICKEN INN,479.0410931,636,156.9589069,32.76522812,82,7.756097561
20/4/2022,CARREFOUR,CHICKEN INN,1275.372382,1694.75,419.377618,32.88275831,160,10.5921875
20/4/2022,LA PIAZZA,CHICKEN INN,926.8381542,961.25,34.41184584,3.712821455,132,7.28219697
20/4/2022,KOLWEZI,CHICKEN INN,1017.636987,502.25,-515.3869865,-50.64546526,50,10.045
21/4/2022,OASIS,CHICKEN INN,700.5210809,576.25,-124.2710809,-17.73980602,75,7.683333333
21/4/2022,LA PIAZZA,CHICKEN INN,1007.062256,700,-307.0622556,-30.4908911,110,6.363636364
21/4/2022,CARREFOUR,CHICKEN INN,1100.940595,1553.75,452.8094052,41.12932226,153,10.15522876
21/4/2022,ALILAC,CHICKEN INN,520.5053348,722.5,201.9946652,38.80741497,91,7.93956044
21/4/2022,KOLWEZI,CHICKEN INN,878.4554888,618.75,-259.7054888,-29.5638757,62,9.97983871
21/4/2022,JUNCTION,CHICKEN INN,1666.568158,1615,-51.56815833,-3.094272387,191,8.455497382
21/4/2022,Bon Marche,CHICKEN INN,545.3954068,646.25,100.8545932,18.49201366,70,9.232142857
21/4/2022,TATARAFEL,CHICKEN INN,723.3413385,654.5,-68.84133852,-9.517130413,94,6.962765957
22/4/2022,OASIS,CHICKEN INN,487.0144384,502.5,15.48556159,3.179692504,65,7.730769231
22/4/2022,TATARAFEL,CHICKEN INN,502.8794784,879.25,376.3705216,74.84308622,107,8.21728972
22/4/2022,JUNCTION,CHICKEN INN,2066.030435,1940.25,-125.7804349,-6.088024297,208,9.328125
22/4/2022,Bon Marche,CHICKEN INN,676.1220679,300.75,-375.3720679,-55.51838725,28,10.74107143
22/4/2022,ALILAC,CHICKEN INN,426.9449945,614,187.0550055,43.81243671,74,8.297297297
22/4/2022,KOLWEZI,CHICKEN INN,1015.820589,598.75,-417.0705885,-41.05750496,61,9.81557377
22/4/2022,CARREFOUR,CHICKEN INN,1273.095948,1113.5,-159.5959476,-12.53605024,129,8.631782946
22/4/2022,LA PIAZZA,CHICKEN INN,826.0437702,1299.25,473.2062298,57.28585419,154,8.436688312
23/4/2022,LA PIAZZA,CHICKEN INN,1701.456218,1876.25,174.7937817,10.27318716,189,9.927248677
23/4/2022,CARREFOUR,CHICKEN INN,1915.050453,1781.75,-133.3004532,-6.960675785,189,9.427248677
23/4/2022,ALILAC,CHICKEN INN,879.4064454,976.5,97.09355456,11.04080543,106,9.212264151
23/4/2022,KOLWEZI,CHICKEN INN,1528.044828,1027.25,-500.794828,-32.77356913,84,12.22916667
23/4/2022,JUNCTION,CHICKEN INN,3544.014629,2480.75,-1063.264629,-30.00169978,244,10.1670082
23/4/2022,Bon Marche,CHICKEN INN,1159.802131,481,-678.8021305,-58.52740848,46,10.45652174
23/4/2022,OASIS,CHICKEN INN,1287.740491,807.5,-480.2404913,-37.29326635,83,9.728915663
23/4/2022,TATARAFEL,CHICKEN INN,1329.690078,1229,-100.6900779,-7.572447114,113,10.87610619
24/4/2022,OASIS,CHICKEN INN,1598.101788,1314,-284.1017876,-17.77745259,152,8.644736842
24/4/2022,Bon Marche,CHICKEN INN,1426.920561,1251.5,-175.4205608,-12.29364589,113,11.07522124
24/4/2022,JUNCTION,CHICKEN INN,4360.250089,4016.25,-344.0000888,-7.889457755,391,10.27173913
24/4/2022,TATARAFEL,CHICKEN INN,1650.161741,1934.5,284.3382595,17.23093273,192,10.07552083
24/4/2022,ALILAC,CHICKEN INN,896.1136491,1478.5,582.3863509,64.99023328,142,10.41197183
24/4/2022,CARREFOUR,CHICKEN INN,2718.916357,3822.25,1103.333643,40.57990385,303,12.61468647
24/4/2022,LA PIAZZA,CHICKEN INN,1733.780948,1899.5,165.7190521,9.558246234,188,10.1037234
24/4/2022,KOLWEZI,CHICKEN INN,2169.460376,1349.75,-819.7103762,-37.78406765,101,13.36386139
25/4/2022,OASIS,CHICKEN INN,861.6409295,658.5,-203.1409295,-23.57605385,80,8.23125
25/4/2022,Bon Marche,CHICKEN INN,572.0900829,375.5,-196.5900829,-34.36348379,43,8.73255814
25/4/2022,JUNCTION,CHICKEN INN,1748.139247,1319.25,-428.889247,-24.53404371,152,8.679276316
25/4/2022,TATARAFEL,CHICKEN INN,889.7098464,672.5,-217.2098464,-24.41355991,94,7.154255319
25/4/2022,ALILAC,CHICKEN INN,464.4602608,555.75,91.28973918,19.65501613,78,7.125
25/4/2022,CARREFOUR,CHICKEN INN,1280.209805,1800.25,520.0401948,40.62148194,162,11.11265432
25/4/2022,LA PIAZZA,CHICKEN INN,898.6274811,1181.25,282.6225189,31.45046472,147,8.035714286
25/4/2022,KOLWEZI,CHICKEN INN,1021.496832,523,-498.4968323,-48.80062439,60,8.716666667
26/4/2022,LA PIAZZA,CHICKEN INN,1020.286009,891.75,-128.5360086,-12.59803698,140,6.369642857
26/4/2022,CARREFOUR,CHICKEN INN,1349.356501,1780,430.6434994,31.91473115,187,9.518716578
26/4/2022,ALILAC,CHICKEN INN,527.3400999,761,233.6599001,44.309147,79,9.632911392
26/4/2022,KOLWEZI,CHICKEN INN,1076.669922,743.75,-332.9199219,-30.92126149,70,10.625
26/4/2022,JUNCTION,CHICKEN INN,1848.857247,1547.25,-301.6072471,-16.31317115,204,7.584558824
26/4/2022,Bon Marche,CHICKEN INN,605.0507118,481.5,-123.5507118,-20.41989364,57,8.447368421
26/4/2022,OASIS,CHICKEN INN,676.4597046,520.75,-155.7097046,-23.01832667,60,8.679166667
26/4/2022,TATARAFEL,CHICKEN INN,698.496136,528.25,-170.246136,-24.37323948,59,8.953389831
27/4/2022,Bon Marche,CHICKEN INN,662.3884726,242,-420.3884726,-63.46554778,33,7.333333333
27/4/2022,OASIS,CHICKEN INN,639.6062043,469.75,-169.8562043,-26.55637221,62,7.576612903
27/4/2022,JUNCTION,CHICKEN INN,2024.064601,1231.75,-792.3146015,-39.14472892,121,10.17975207
27/4/2022,TATARAFEL,CHICKEN INN,660.4420917,714.25,53.80790831,8.147256056,93,7.680107527
27/4/2022,ALILAC,CHICKEN INN,445.9304532,819.5,373.5695468,83.7730512,92,8.907608696
27/4/2022,LA PIAZZA,CHICKEN INN,862.7764174,783.25,-79.52641744,-9.217500135,84,9.324404762
27/4/2022,KOLWEZI,CHICKEN INN,761.7519165,570.5,-191.2519165,-25.10685072,58,9.836206897
27/4/2022,CARREFOUR,CHICKEN INN,954.6796836,1610.75,656.0703164,68.72151233,171,9.419590643
28/4/2022,TATARAFEL,CHICKEN INN,494.3880801,646.25,151.8619199,30.71714834,96,6.731770833
28/4/2022,LA PIAZZA,CHICKEN INN,800.4778478,982.75,182.2721522,22.77041803,136,7.226102941
28/4/2022,CARREFOUR,CHICKEN INN,1035.77766,1661.5,625.7223403,60.41087433,171,9.716374269
28/4/2022,ALILAC,CHICKEN INN,413.7311153,654.5,240.7688847,58.19453163,84,7.791666667
28/4/2022,KOLWEZI,CHICKEN INN,826.4610957,749.25,-77.2110957,-9.34237511,71,10.5528169
28/4/2022,JUNCTION,CHICKEN INN,1777.777617,1621.5,-156.2776168,-8.790616741,176,9.213068182
28/4/2022,Bon Marche,CHICKEN INN,581.7894346,525.25,-56.53943462,-9.718195495,61,8.610655738
28/4/2022,OASIS,CHICKEN INN,478.7909301,433.25,-45.54093007,-9.511652625,53,8.174528302
29/4/2022,TATARAFEL,CHICKEN INN,634.9678967,781.5,146.5321033,23.07708847,106,7.372641509
29/4/2022,OASIS,CHICKEN INN,614.9356793,578.25,-36.68567927,-5.96577504,68,8.503676471
29/4/2022,Bon Marche,CHICKEN INN,612.3466844,353,-259.3466844,-42.35291723,46,7.673913043
29/4/2022,JUNCTION,CHICKEN INN,1871.151596,2094.25,223.0984039,11.9230534,231,9.066017316
29/4/2022,CARREFOUR,CHICKEN INN,1349.641055,1479,129.3589451,9.584692512,172,8.598837209
29/4/2022,ALILAC,CHICKEN INN,390.7966812,848.25,457.4533188,117.0566028,94,9.02393617
29/4/2022,LA PIAZZA,CHICKEN INN,756.10481,1420,663.89519,87.80465106,150,9.466666667
29/4/2022,KOLWEZI,CHICKEN INN,1076.896972,756.25,-320.6469717,-29.77508342,81,9.336419753
30/4/2022,JUNCTION,CHICKEN INN,2505.097967,3634.5,1129.402033,45.08414634,316,11.50158228
30/4/2022,OASIS,CHICKEN INN,727.0190522,1185,457.9809478,62.99435295,130,9.115384615
30/4/2022,Bon Marche,CHICKEN INN,819.8098097,725.75,-94.05980969,-11.47336963,77,9.425324675
30/4/2022,TATARAFEL,CHICKEN INN,750.7025109,1447,696.2974891,92.75278543,158,9.158227848
30/4/2022,KOLWEZI,CHICKEN INN,1202.909584,969.5,-233.4095838,-19.40375128,77,12.59090909
30/4/2022,CARREFOUR,CHICKEN INN,1507.568693,2333.75,826.1813075,54.802233,226,10.32632743
30/4/2022,LA PIAZZA,CHICKEN INN,1557.17038,1490.5,-66.67038011,-4.281508367,177,8.420903955
30/4/2022,ALILAC,CHICKEN INN,804.8315638,1277.75,472.9184362,58.75992661,141,9.062056738
1/5/2022,OASIS,CHICKEN INN,1659.987774,1345.5,-314.4877739,-18.94518615,145,9.279310345
1/5/2022,Bon Marche,CHICKEN INN,1148.717473,1169.5,20.7825271,1.809193957,101,11.57920792
1/5/2022,JUNCTION,CHICKEN INN,3510.143172,4289.5,779.3568282,22.20299259,400,10.72375
1/5/2022,TATARAFEL,CHICKEN INN,1714.063732,2017,302.936268,17.67357084,201,10.03482587
1/5/2022,ALILAC,CHICKEN INN,828.2689757,1563,734.7310243,88.70681455,154,10.14935065
1/5/2022,CARREFOUR,CHICKEN INN,2776.708204,3829.75,1053.041796,37.9241072,312,12.27483974
1/5/2022,LA PIAZZA,CHICKEN INN,1602.516568,1772.5,169.9834316,10.60728076,193,9.183937824
1/5/2022,KOLWEZI,CHICKEN INN,1823.618169,1636,-187.6181689,-10.28823753,110,14.87272727
2/5/2022,LA PIAZZA,CHICKEN INN,878.3740189,1633,754.6259811,85.91169193,200,8.165
2/5/2022,CARREFOUR,CHICKEN INN,1066.996476,1758.5,691.5035242,64.80841688,179,9.824022346
2/5/2022,ALILAC,CHICKEN INN,453.9921541,683.25,229.2578459,50.49819557,87,7.853448276
2/5/2022,KOLWEZI,CHICKEN INN,700.755721,675.25,-25.50572096,-3.639744949,62,10.89112903
2/5/2022,JUNCTION,CHICKEN INN,1551.923797,1941.25,389.3262031,25.08668298,214,9.071261682
2/5/2022,Bon Marche,CHICKEN INN,507.8772845,508,0.122715539,0.024162439,62,8.193548387
2/5/2022,OASIS,CHICKEN INN,536.6159686,533.25,-3.365968606,-0.627258375,77,6.925324675
2/5/2022,TATARAFEL,CHICKEN INN,554.0968339,1053,498.9031661,90.03898517,126,8.357142857
3/5/2022,Bon Marche,CHICKEN INN,555.5104956,577,21.48950439,3.86842455,66,8.742424242
3/5/2022,TATARAFEL,CHICKEN INN,680.1399958,628,-52.13999578,-7.666068178,89,7.056179775
3/5/2022,JUNCTION,CHICKEN INN,1697.476898,1795.5,98.02310162,5.774635385,229,7.840611354
3/5/2022,OASIS,CHICKEN INN,658.6826711,514.5,-144.1826711,-21.88954977,73,7.047945205
3/5/2022,ALILAC,CHICKEN INN,583.1961876,707,123.8038124,21.22850168,84,8.416666667
3/5/2022,LA PIAZZA,CHICKEN INN,1128.355137,1112.75,-15.60513653,-1.38299867,143,7.781468531
3/5/2022,KOLWEZI,CHICKEN INN,586.4028582,837.75,251.3471418,42.86253696,88,9.519886364
3/5/2022,CARREFOUR,CHICKEN INN,892.8785943,1816.75,923.8714057,103.4711115,196,9.269132653
4/5/2022,TATARAFEL,CHICKEN INN,640.3855511,659.5,19.11444892,2.984834509,88,7.494318182
4/5/2022,LA PIAZZA,CHICKEN INN,986.1640421,955.5,-30.66404209,-3.109426098,150,6.37
4/5/2022,CARREFOUR,CHICKEN INN,1397.663115,1400.5,2.836884684,0.202973424,158,8.863924051
4/5/2022,ALILAC,CHICKEN INN,509.7039851,728.5,218.7960149,42.92609463,75,9.713333333
4/5/2022,KOLWEZI,CHICKEN INN,917.9228294,679,-238.9228294,-26.02864007,74,9.175675676
4/5/2022,JUNCTION,CHICKEN INN,1728.081607,2178.25,450.1683932,26.05018139,174,12.51867816
4/5/2022,Bon Marche,CHICKEN INN,565.526088,431.5,-134.026088,-23.69936434,51,8.460784314
4/5/2022,OASIS,CHICKEN INN,620.1824153,512.5,-107.6824153,-17.36302299,73,7.020547945
5/5/2022,TATARAFEL,CHICKEN INN,701.7121751,1032.5,330.7878249,47.14010055,102,10.12254902
5/5/2022,OASIS,CHICKEN INN,679.5742828,562.25,-117.3242828,-17.26437945,69,8.148550725
5/5/2022,Bon Marche,CHICKEN INN,654.4046128,416,-238.4046128,-36.43076594,58,7.172413793
5/5/2022,JUNCTION,CHICKEN INN,1999.668271,1390.5,-609.1682713,-30.46346637,168,8.276785714
5/5/2022,CARREFOUR,CHICKEN INN,1187.620309,1677.75,490.1296906,41.26989802,193,8.693005181
5/5/2022,ALILAC,CHICKEN INN,431.9148594,493.75,61.83514057,14.31651151,76,6.496710526
5/5/2022,LA PIAZZA,CHICKEN INN,835.6593554,1275.25,439.5906446,52.60404753,149,8.558724832
5/5/2022,KOLWEZI,CHICKEN INN,779.9760777,834.5,54.52392229,6.990460842,65,12.83846154
6/5/2022,JUNCTION,CHICKEN INN,1796.038518,1578,-218.0385184,-12.13996895,185,8.52972973
6/5/2022,OASIS,CHICKEN INN,692.1092498,597.25,-94.85924983,-13.70582027,69,8.655797101
6/5/2022,Bon Marche,CHICKEN INN,587.765435,284.75,-303.015435,-51.55380309,30,9.491666667
6/5/2022,TATARAFEL,CHICKEN INN,714.6554827,631.25,-83.40548265,-11.67072592,88,7.173295455
6/5/2022,KOLWEZI,CHICKEN INN,852.3077078,692.5,-159.8077078,-18.75000148,53,13.06603774
6/5/2022,CARREFOUR,CHICKEN INN,1297.755114,1843.5,545.744886,42.05299444,197,9.35786802
6/5/2022,LA PIAZZA,CHICKEN INN,866.333644,1531.25,664.916356,76.75060996,171,8.954678363
6/5/2022,ALILAC,CHICKEN INN,447.7690241,695.75,247.9809759,55.38144949,75,9.276666667
7/5/2022,LA PIAZZA,CHICKEN INN,1360.275692,1444,83.72430822,6.154951435,171,8.444444444
7/5/2022,CARREFOUR,CHICKEN INN,1586.465637,2654.75,1068.284363,67.33737796,243,10.92489712
7/5/2022,ALILAC,CHICKEN INN,703.0655259,1037.25,334.1844741,47.53247909,132,7.857954545
7/5/2022,KOLWEZI,CHICKEN INN,1041.91991,989.5,-52.41990951,-5.031088189,109,9.077981651
7/5/2022,JUNCTION,CHICKEN INN,2981.187778,2672,-309.1877782,-10.37129497,245,10.90612245
7/5/2022,Bon Marche,CHICKEN INN,975.6133363,767.75,-207.8633363,-21.30591379,75,10.23666667
7/5/2022,OASIS,CHICKEN INN,1214.10109,738,-476.1010903,-39.21428735,84,8.785714286
7/5/2022,TATARAFEL,CHICKEN INN,1253.651791,1199.75,-53.90179105,-4.299582343,114,10.52412281
8/5/2022,TATARAFEL,CHICKEN INN,1919.307609,1805,-114.3076093,-5.955669052,187,9.652406417
8/5/2022,OASIS,CHICKEN INN,1858.756536,1615.5,-243.2565364,-13.08705748,158,10.22468354
8/5/2022,Bon Marche,CHICKEN INN,1513.85285,1531,17.14715023,1.132682759,132,11.59848485
8/5/2022,JUNCTION,CHICKEN INN,4625.889628,4206.25,-419.6396282,-9.071544329,356,11.81530899
8/5/2022,LA PIAZZA,CHICKEN INN,1840.457311,1906.5,66.04268888,3.588384717,190,10.03421053
8/5/2022,ALILAC,CHICKEN INN,951.2498791,1613.25,662.0001209,69.59266282,166,9.718373494
8/5/2022,CARREFOUR,CHICKEN INN,3198.36717,3479,280.6328297,8.774253073,291,11.95532646
8/5/2022,KOLWEZI,CHICKEN INN,2100.544981,1548.5,-552.0449812,-26.28103593,130,11.91153846
9/5/2022,TATARAFEL,CHICKEN INN,622.8196337,715,92.18036635,14.8004914,108,6.62037037
9/5/2022,OASIS,CHICKEN INN,603.1706744,468.75,-134.4206744,-22.28567802,65,7.211538462
9/5/2022,Bon Marche,CHICKEN INN,526.6466624,580,53.35333764,10.13076536,63,9.206349206
9/5/2022,JUNCTION,CHICKEN INN,1609.277502,1389.25,-220.0275025,-13.67244009,178,7.804775281
9/5/2022,ALILAC,CHICKEN INN,719.5123696,759.25,39.7376304,5.522855767,83,9.147590361
9/5/2022,CARREFOUR,CHICKEN INN,1175.557926,1503.5,327.9420739,27.89671752,156,9.637820513
9/5/2022,LA PIAZZA,CHICKEN INN,1392.096683,1106,-286.0966827,-20.55149518,168,6.583333333
9/5/2022,KOLWEZI,CHICKEN INN,772.054042,690,-82.05404204,-10.62801793,62,11.12903226
10/5/2022,LA PIAZZA,CHICKEN INN,1353.108802,943.5,-409.6088019,-30.27168261,151,6.248344371
10/5/2022,CARREFOUR,CHICKEN INN,1489.179893,1278,-211.1798934,-14.18095251,149,8.577181208
10/5/2022,ALILAC,CHICKEN INN,699.3612818,771.5,72.13871818,10.31494308,91,8.478021978
10/5/2022,KOLWEZI,CHICKEN INN,978.0269696,1103.25,125.2230304,12.80363776,77,14.32792208
10/5/2022,JUNCTION,CHICKEN INN,1922.554045,1947.25,24.69595467,1.284538905,189,10.30291005
10/5/2022,Bon Marche,CHICKEN INN,629.1684744,314.25,-314.9184744,-50.05312364,41,7.664634146
10/5/2022,OASIS,CHICKEN INN,804.6255013,497,-307.6255013,-38.23213418,60,8.283333333
10/5/2022,TATARAFEL,CHICKEN INN,830.8370769,894,63.16292314,7.602323596,111,8.054054054
11/5/2022,TATARAFEL,CHICKEN INN,674.28469,636.75,-37.53468997,-5.566593833,93,6.846774194
11/5/2022,OASIS,CHICKEN INN,653.0120908,425.5,-227.5120908,-34.84041016,50,8.51
11/5/2022,Bon Marche,CHICKEN INN,415.134476,280.25,-134.884476,-32.49175479,42,6.672619048
11/5/2022,JUNCTION,CHICKEN INN,1268.529017,1297.5,28.97098338,2.283825045,160,8.109375
11/5/2022,LA PIAZZA,CHICKEN INN,1257.072478,991,-266.0724781,-21.16604116,131,7.564885496
11/5/2022,ALILAC,CHICKEN INN,649.7244112,625.75,-23.97441118,-3.689935421,78,8.022435897
11/5/2022,CARREFOUR,CHICKEN INN,1330.53333,1857,526.4666703,39.56809338,171,10.85964912
11/5/2022,KOLWEZI,CHICKEN INN,873.8349787,701.75,-172.0849787,-19.69307511,65,10.79615385
12/5/2022,TATARAFEL,CHICKEN INN,631.1403314,893,261.8596686,41.48992793,131,6.816793893
12/5/2022,OASIS,CHICKEN INN,611.2288675,486.25,-124.9788675,-20.4471474,54,9.00462963
12/5/2022,Bon Marche,CHICKEN INN,553.3811964,490.25,-63.13119644,-11.40826556,53,9.25
12/5/2022,JUNCTION,CHICKEN INN,1690.970386,1474,-216.9703856,-12.83111682,180,8.188888889
12/5/2022,ALILAC,CHICKEN INN,509.8521548,790,280.1478452,54.94687872,80,9.875
12/5/2022,CARREFOUR,CHICKEN INN,1433.063588,1893.5,460.4364118,32.12951718,173,10.94508671
12/5/2022,LA PIAZZA,CHICKEN INN,986.4507177,974.25,-12.20071769,-1.236829927,145,6.718965517
12/5/2022,KOLWEZI,CHICKEN INN,941.1722819,779.25,-161.9222819,-17.20431902,61,12.77459016
13/5/2022,TATARAFEL,CHICKEN INN,504.1726475,779.25,275.0773525,54.56014994,101,7.715346535
13/5/2022,Bon Marche,CHICKEN INN,683.1107202,474.75,-208.3607202,-30.50174943,48,9.890625
13/5/2022,JUNCTION,CHICKEN INN,2087.385703,1756.5,-330.8857033,-15.85168006,221,7.947963801
13/5/2022,OASIS,CHICKEN INN,488.2668101,580.25,91.98318986,18.8387144,60,9.670833333
13/5/2022,ALILAC,CHICKEN INN,501.1101388,598.25,97.1398612,19.38493231,66,9.064393939
13/5/2022,CARREFOUR,CHICKEN INN,1408.41437,2259.75,851.33563,60.44638908,177,12.76694915
13/5/2022,LA PIAZZA,CHICKEN INN,969.5368577,1022.5,52.96314234,5.462726034,147,6.955782313
13/5/2022,KOLWEZI,CHICKEN INN,924.9837742,1019,94.01622579,10.16409459,82,12.42682927
14/5/2022,TATARAFEL,CHICKEN INN,992.3202476,893.5,-98.82024758,-9.9585036,106,8.429245283
14/5/2022,LA PIAZZA,CHICKEN INN,1449.431801,1277.5,-171.9318014,-11.86201388,152,8.404605263
14/5/2022,CARREFOUR,CHICKEN INN,2109.081508,2306.25,197.1684922,9.348547768,209,11.034689
14/5/2022,ALILAC,CHICKEN INN,749.1463222,889.75,140.6036778,18.76852006,101,8.809405941
14/5/2022,KOLWEZI,CHICKEN INN,1385.150716,1391.5,6.349283941,0.458382172,87,15.99425287
14/5/2022,JUNCTION,CHICKEN INN,3921.499371,2881.75,-1039.749371,-26.5140772,265,10.8745283
14/5/2022,Bon Marche,CHICKEN INN,1283.336498,852.75,-430.5864985,-33.55211193,77,11.07467532
14/5/2022,OASIS,CHICKEN INN,961.0141373,881.25,-79.76413732,-8.299996246,97,9.085051546
15/5/2022,OASIS,CHICKEN INN,1832.194344,1948.75,116.5556556,6.361533422,172,11.32994186
15/5/2022,ALILAC,CHICKEN INN,1218.992641,1398.25,179.257359,14.70536843,136,10.28125
15/5/2022,TATARAFEL,CHICKEN INN,1891.880124,1994.25,102.3698758,5.411012807,201,9.921641791
15/5/2022,Bon Marche,CHICKEN INN,1339.486906,1263.75,-75.7369063,-5.654172948,118,10.70974576
15/5/2022,LA PIAZZA,CHICKEN INN,2358.480109,1716.75,-641.7301088,-27.20947726,198,8.670454545
15/5/2022,KOLWEZI,CHICKEN INN,2318.400962,1519.5,-798.9009623,-34.45913693,120,12.6625
15/5/2022,CARREFOUR,CHICKEN INN,3530.082713,3979.5,449.4172874,12.73106961,298,13.35402685
15/5/2022,JUNCTION,CHICKEN INN,4093.078523,4100.25,7.171476577,0.175209846,399,10.27631579
16/5/2022,OASIS,CHICKEN INN,746.1289886,533.5,-212.6289886,-28.49761795,56,9.526785714
16/5/2022,Bon Marche,CHICKEN INN,913.075031,385.25,-527.825031,-57.80741046,51,7.553921569
16/5/2022,JUNCTION,CHICKEN INN,2790.089087,1633,-1157.089087,-41.47140292,200,8.165
16/5/2022,TATARAFEL,CHICKEN INN,770.4349748,618,-152.4349748,-19.78557306,76,8.131578947
16/5/2022,ALILAC,CHICKEN INN,705.8807514,876,170.1192486,24.10028157,96,9.125
16/5/2022,CARREFOUR,CHICKEN INN,1835.055625,1752.5,-82.55562495,-4.498807765,180,9.736111111
16/5/2022,LA PIAZZA,CHICKEN INN,1365.722528,1405.25,39.52747194,2.89425349,189,7.435185185
16/5/2022,KOLWEZI,CHICKEN INN,1205.182732,636.5,-568.6827317,-47.18643213,51,12.48039216
17/5/2022,LA PIAZZA,CHICKEN INN,1064.99983,1092.5,27.50016966,2.582175966,146,7.482876712
17/5/2022,CARREFOUR,CHICKEN INN,1228.003071,2197.5,969.4969289,78.94906387,219,10.03424658
17/5/2022,ALILAC,CHICKEN INN,550.4506699,1217.25,666.7993301,121.1369822,117,10.40384615
17/5/2022,KOLWEZI,CHICKEN INN,806.4976754,872.75,66.25232459,8.214819039,63,13.8531746
17/5/2022,JUNCTION,CHICKEN INN,1408.057569,2947,1538.942431,109.2954198,291,10.12714777
17/5/2022,Bon Marche,CHICKEN INN,460.7961138,776.75,315.9538862,68.56695981,84,9.24702381
17/5/2022,OASIS,CHICKEN INN,640.1786722,695.75,55.57132778,8.680596556,98,7.099489796
17/5/2022,TATARAFEL,CHICKEN INN,661.0332084,1003.75,342.7167916,51.84562398,101,9.938118812
18/5/2022,OASIS,CHICKEN INN,395.1499124,360.75,-34.39991237,-8.705534606,47,7.675531915
18/5/2022,TATARAFEL,CHICKEN INN,408.0223627,670,261.9776373,64.20668603,86,7.790697674
18/5/2022,Bon Marche,CHICKEN INN,491.5526575,348,-143.5526575,-29.20392257,35,9.942857143
18/5/2022,JUNCTION,CHICKEN INN,1502.040532,1095,-407.040532,-27.09917098,134,8.171641791
18/5/2022,ALILAC,CHICKEN INN,520.372208,755.25,234.877792,45.13649814,83,9.09939759
18/5/2022,CARREFOUR,CHICKEN INN,1321.617655,1172,-149.617655,-11.32079724,131,8.946564885
18/5/2022,LA PIAZZA,CHICKEN INN,1006.804685,1068.75,61.94531516,6.152664573,139,7.688848921
18/5/2022,KOLWEZI,CHICKEN INN,867.979561,672,-195.979561,-22.5788221,51,13.17647059
19/5/2022,TATARAFEL,CHICKEN INN,713.4227867,618,-95.42278669,-13.37534888,88,7.022727273
19/5/2022,Bon Marche,CHICKEN INN,602.5916662,452.5,-150.0916662,-24.90769034,50,9.05
19/5/2022,JUNCTION,CHICKEN INN,1841.343126,1562.75,-278.5931261,-15.12988656,194,8.055412371
19/5/2022,OASIS,CHICKEN INN,690.9154434,555.75,-135.1654434,-19.56323957,63,8.821428571
19/5/2022,ALILAC,CHICKEN INN,417.6905622,768.75,351.0594378,84.04773045,89,8.637640449
19/5/2022,CARREFOUR,CHICKEN INN,1120.228298,1626,505.7717019,45.14898462,179,9.083798883
19/5/2022,LA PIAZZA,CHICKEN INN,808.1384984,776.25,-31.88849845,-3.945919977,109,7.121559633
19/5/2022,KOLWEZI,CHICKEN INN,735.7160088,778,42.28399117,5.747325145,70,11.11428571
20/5/2022,TATARAFEL,CHICKEN INN,566.4237935,482.75,-83.6737935,-14.77229496,61,7.913934426
20/5/2022,LA PIAZZA,CHICKEN INN,899.5880128,1180.75,281.1619872,31.25452798,137,8.618613139
20/5/2022,CARREFOUR,CHICKEN INN,1689.258122,1864.5,175.2418783,10.37389585,191,9.761780105
20/5/2022,ALILAC,CHICKEN INN,464.9567166,781.5,316.5432834,68.08016146,86,9.087209302
20/5/2022,KOLWEZI,CHICKEN INN,1109.429431,945,-164.4294309,-14.82108067,72,13.125
20/5/2022,JUNCTION,CHICKEN INN,1897.25094,1476.5,-420.7509399,-22.17687345,165,8.948484848
20/5/2022,Bon Marche,CHICKEN INN,620.8878665,454,-166.8878665,-26.87890609,61,7.442622951
20/5/2022,OASIS,CHICKEN INN,548.5540324,711,162.4459676,29.61348527,71,10.01408451
21/5/2022,OASIS,CHICKEN INN,995.932974,1145.25,149.317026,14.99267821,127,9.017716535
21/5/2022,Bon Marche,CHICKEN INN,912.9173051,610.5,-302.4173051,-33.12647306,65,9.392307692
21/5/2022,TATARAFEL,CHICKEN INN,1028.376604,1043,14.6233956,1.421988358,123,8.479674797
21/5/2022,JUNCTION,CHICKEN INN,2789.607123,2521.75,-267.8571232,-9.601965845,251,10.04681275
21/5/2022,LA PIAZZA,CHICKEN INN,1503.900164,1334,-169.9001642,-11.29730339,159,8.389937107
21/5/2022,ALILAC,CHICKEN INN,777.2985772,1186.5,409.2014228,52.64404629,116,10.22844828
21/5/2022,CARREFOUR,CHICKEN INN,1733.049818,2546.5,813.4501822,46.93749561,232,10.9762931
21/5/2022,KOLWEZI,CHICKEN INN,1138.189865,1099.5,-38.68986478,-3.399245238,84,13.08928571
22/5/2022,LA PIAZZA,CHICKEN INN,1943.373849,1958.25,14.87615077,0.76548065,207,9.460144928
22/5/2022,CARREFOUR,CHICKEN INN,2938.239251,3544.5,606.2607491,20.63347118,300,11.815
22/5/2022,ALILAC,CHICKEN INN,1004.442824,1503,498.557176,49.63519715,134,11.21641791
22/5/2022,KOLWEZI,CHICKEN INN,1929.70456,1484.5,-445.2045597,-23.07112544,125,11.876
22/5/2022,JUNCTION,CHICKEN INN,3723.894167,3651,-72.89416676,-1.957471493,317,11.51735016
22/5/2022,Bon Marche,CHICKEN INN,1218.668894,1431.25,212.5811061,17.44371315,117,12.23290598
22/5/2022,OASIS,CHICKEN INN,1718.782738,1438,-280.7827382,-16.33613905,149,9.651006711
22/5/2022,TATARAFEL,CHICKEN INN,1774.774008,1764.5,-10.27400802,-0.578891057,190,9.286842105
23/5/2022,TATARAFEL,CHICKEN INN,644.3918129,715.5,71.10818705,11.03493024,87,8.224137931
23/5/2022,OASIS,CHICKEN INN,624.0622861,750.75,126.6877139,20.30049192,80,9.384375
23/5/2022,Bon Marche,CHICKEN INN,516.9465217,505.25,-11.69652168,-2.262617349,51,9.906862745
23/5/2022,JUNCTION,CHICKEN INN,1579.636722,1417.75,-161.8867219,-10.24835139,168,8.438988095
23/5/2022,LA PIAZZA,CHICKEN INN,1049.232673,1151.75,102.5173273,9.770695288,177,6.507062147
23/5/2022,ALILAC,CHICKEN INN,542.3013329,852.5,310.1986671,57.20042497,86,9.912790698
23/5/2022,CARREFOUR,CHICKEN INN,1234.296489,1519,284.7035115,23.06605537,158,9.613924051
23/5/2022,KOLWEZI,CHICKEN INN,810.6309114,472,-338.6309114,-41.77374766,49,9.632653061
24/5/2022,Bon Marche,CHICKEN INN,517.1831105,353.5,-163.6831105,-31.64896671,42,8.416666667
24/5/2022,TATARAFEL,CHICKEN INN,554.7131819,618.5,63.78681812,11.49906298,79,7.829113924
24/5/2022,OASIS,CHICKEN INN,537.2128718,599.75,62.5371282,11.6410331,61,9.831967213
24/5/2022,JUNCTION,CHICKEN INN,1580.359668,1753,172.6403323,10.92411657,189,9.275132275
24/5/2022,LA PIAZZA,CHICKEN INN,871.4938046,1260.75,389.2561954,44.66540018,163,7.734662577
24/5/2022,ALILAC,CHICKEN INN,450.4360798,756,305.5639202,67.83735448,91,8.307692308
24/5/2022,CARREFOUR,CHICKEN INN,1322.142106,1465.25,143.1078935,10.82394191,171,8.56871345
24/5/2022,KOLWEZI,CHICKEN INN,868.3239973,768.75,-99.57399731,-11.46737826,69,11.14130435
25/5/2022,LA PIAZZA,CHICKEN INN,1062.41975,1081,18.58025,1.748861502,143,7.559440559
25/5/2022,CARREFOUR,CHICKEN INN,1279.399313,1654.5,375.1006867,29.31849993,179,9.24301676
25/5/2022,ALILAC,CHICKEN INN,549.117142,816.25,267.132858,48.64769964,82,9.954268293
25/5/2022,KOLWEZI,CHICKEN INN,840.2524361,805.25,-35.00243611,-4.165704806,63,12.78174603
25/5/2022,JUNCTION,CHICKEN INN,1837.728397,1473,-364.7283968,-19.84669756,174,8.465517241
25/5/2022,Bon Marche,CHICKEN INN,601.4087223,423.25,-178.1587223,-29.62356808,46,9.201086957
25/5/2022,OASIS,CHICKEN INN,602.8722228,597.75,-5.122222794,-0.849636556,66,9.056818182
25/5/2022,TATARAFEL,CHICKEN INN,622.5114597,768.25,145.7385403,23.41138273,88,8.730113636
26/5/2022,Bon Marche,CHICKEN INN,498.8080472,335.25,-163.5580472,-32.78977718,46,7.288043478
26/5/2022,TATARAFEL,CHICKEN INN,664.1149483,581,-83.1149483,-12.51514493,77,7.545454545
26/5/2022,OASIS,CHICKEN INN,643.1631882,711.75,68.58681182,10.66398281,63,11.29761905
26/5/2022,JUNCTION,CHICKEN INN,1524.210872,1738.75,214.539128,14.07542302,191,9.103403141
26/5/2022,KOLWEZI,CHICKEN INN,850.0688716,674.25,-175.8188716,-20.68289729,60,11.2375
26/5/2022,ALILAC,CHICKEN INN,426.4562854,787.75,361.2937146,84.7199882,86,9.159883721
26/5/2022,CARREFOUR,CHICKEN INN,1294.34618,1804.25,509.9038204,39.39470201,183,9.859289617
26/5/2022,LA PIAZZA,CHICKEN INN,825.0982266,871,45.90177343,5.563188958,141,6.177304965
27/5/2022,LA PIAZZA,CHICKEN INN,1098.82755,1166,67.17244961,6.113102059,136,8.573529412
27/5/2022,CARREFOUR,CHICKEN INN,1173.722346,1886.25,712.527654,60.70666171,189,9.98015873
27/5/2022,ALILAC,CHICKEN INN,567.934702,957.75,389.815298,68.63734452,90,10.64166667
27/5/2022,KOLWEZI,CHICKEN INN,770.8485149,945.75,174.9014851,22.68947553,74,12.78040541
27/5/2022,JUNCTION,CHICKEN INN,1954.845627,2080.75,125.9043726,6.44062993,197,10.56218274
27/5/2022,Bon Marche,CHICKEN INN,639.7361074,428.75,-210.9861074,-32.98017807,47,9.122340426
27/5/2022,OASIS,CHICKEN INN,562.5812574,489.5,-73.08125741,-12.99034698,66,7.416666667
27/5/2022,TATARAFEL,CHICKEN INN,580.907971,931.5,350.592029,60.35242181,91,10.23626374
28/5/2022,OASIS,CHICKEN INN,936.8395581,942,5.160441906,0.550835184,93,10.12903226
28/5/2022,Bon Marche,CHICKEN INN,1039.413449,670.5,-368.9134486,-35.49246444,80,8.38125
28/5/2022,JUNCTION,CHICKEN INN,3176.142181,2516,-660.1421807,-20.78440268,253,9.944664032
28/5/2022,TATARAFEL,CHICKEN INN,967.3581544,1376.5,409.1418456,42.29476371,133,10.34962406
28/5/2022,ALILAC,CHICKEN INN,847.3828752,1024,176.6171248,20.84265921,102,10.03921569
28/5/2022,CARREFOUR,CHICKEN INN,1813.028664,2392,578.971336,31.93393174,213,11.23004695
28/5/2022,LA PIAZZA,CHICKEN INN,1639.49772,1379,-260.49772,-15.88887357,180,7.661111111
28/5/2022,KOLWEZI,CHICKEN INN,1190.716406,1001,-189.7164057,-15.93296311,90,11.12222222
29/5/2022,OASIS,CHICKEN INN,1802.349185,1438.5,-363.8491849,-20.18749685,158,9.10443038
29/5/2022,Bon Marche,CHICKEN INN,1316.932108,1132,-184.9321076,-14.04264552,117,9.675213675
29/5/2022,JUNCTION,CHICKEN INN,4024.157684,3275.75,-748.407684,-18.59787172,312,10.49919872
29/5/2022,TATARAFEL,CHICKEN INN,1861.062725,1577.5,-283.5627252,-15.23660226,170,9.279411765
29/5/2022,ALILAC,CHICKEN INN,1009.036087,1669.25,660.2139133,65.43015874,118,14.14618644
29/5/2022,CARREFOUR,CHICKEN INN,3186.304787,3153,-33.30478691,-1.045247995,274,11.50729927
29/5/2022,LA PIAZZA,CHICKEN INN,1952.260793,1833.5,-118.7607926,-6.083244261,183,10.01912568
29/5/2022,KOLWEZI,CHICKEN INN,2092.622946,1694.75,-397.8729455,-19.01312161,123,13.77845528
30/5/2022,LA PIAZZA,CHICKEN INN,1278,967,-311,-24.33489828,155,6.238709677
30/5/2022,CARREFOUR,CHICKEN INN,1303.261854,1553.25,249.9881458,19.18172813,145,10.71206897
30/5/2022,ALILAC,CHICKEN INN,660.5408039,713.5,52.95919611,8.017551043,72,9.909722222
30/5/2022,KOLWEZI,CHICKEN INN,855.9242893,652,-203.9242893,-23.82503825,63,10.34920635
30/5/2022,JUNCTION,CHICKEN INN,1782.302547,1565.5,-216.8025469,-12.1641832,167,9.374251497
30/5/2022,Bon Marche,CHICKEN INN,583.2702478,431.25,-152.0202478,-26.06343258,53,8.136792453
30/5/2022,OASIS,CHICKEN INN,935.0488485,566,-369.0488485,-39.46840308,76,7.447368421
30/5/2022,TATARAFEL,CHICKEN INN,600.3229324,692.25,91.92706761,15.3129362,85,8.144117647
31/5/2022,Bon Marche,CHICKEN INN,932.7119011,389.5,-543.2119011,-58.24005253,39,9.987179487
31/5/2022,OASIS,CHICKEN INN,581.3837079,543.5,-37.88370792,-6.516128231,61,8.909836066
31/5/2022,JUNCTION,CHICKEN INN,2850.093594,1537.75,-1312.343594,-46.04563151,177,8.687853107
31/5/2022,TATARAFEL,CHICKEN INN,965.5091105,622.25,-343.2591105,-35.55213584,72,8.642361111
31/5/2022,ALILAC,CHICKEN INN,679.0620243,734.5,55.43797572,8.163904583,83,8.84939759
31/5/2022,LA PIAZZA,CHICKEN INN,1314,1202.75,-111.25,-8.46651446,169,7.116863905
31/5/2022,KOLWEZI,CHICKEN INN,1228.776621,802.5,-426.2766206,-34.69114023,79,10.15822785
31/5/2022,CARREFOUR,CHICKEN INN,1870.980549,1495.5,-375.4805493,-20.0686506,161,9.288819876
1/6/2022,TATARAFEL,CHICKEN INN,877.4782095,497.25,-380.2282095,-43.33192612,68,7.3125
1/6/2022,LA PIAZZA,CHICKEN INN,1213.298799,1193.25,-20.048799,-1.652420576,157,7.600318471
1/6/2022,CARREFOUR,CHICKEN INN,1234.459216,1506,271.5407838,21.99673997,158,9.53164557
1/6/2022,ALILAC,CHICKEN INN,627.0997588,1034.5,407.4002412,64.96577865,91,11.36813187
1/6/2022,KOLWEZI,CHICKEN INN,810.7377837,841.25,30.51221629,3.76351231,63,13.3531746
1/6/2022,JUNCTION,CHICKEN INN,2181.246616,1226.5,-954.7466157,-43.7706864,143,8.576923077
1/6/2022,Bon Marche,CHICKEN INN,713.827322,490.25,-223.577322,-31.32092526,59,8.309322034
1/6/2022,OASIS,CHICKEN INN,849.7951811,423.5,-426.2951811,-50.16446205,48,8.822916667
2/6/2022,TATARAFEL,CHICKEN INN,972.6920007,632.5,-340.1920007,-34.97427762,67,9.440298507
2/6/2022,OASIS,CHICKEN INN,942.0051301,578.75,-363.2551301,-38.56190572,75,7.716666667
2/6/2022,Bon Marche,CHICKEN INN,805.8940169,497.25,-308.6440169,-38.29833829,66,7.534090909
2/6/2022,JUNCTION,CHICKEN INN,2462.575391,1740.5,-722.0753914,-29.32196082,186,9.357526882
2/6/2022,CARREFOUR,CHICKEN INN,1465.37313,1542.25,76.87687012,5.246231731,168,9.180059524
2/6/2022,ALILAC,CHICKEN INN,636.6455936,1017.5,380.8544064,59.8220439,109,9.334862385
2/6/2022,LA PIAZZA,CHICKEN INN,1231.76787,1033.5,-198.2678698,-16.09620406,153,6.754901961
2/6/2022,KOLWEZI,CHICKEN INN,962.3917486,685.5,-276.8917486,-28.77120975,63,10.88095238
3/6/2022,JUNCTION,CHICKEN INN,2722.221795,1862.5,-859.7217952,-31.58162192,208,8.954326923
3/6/2022,OASIS,CHICKEN INN,803.8365716,604.25,-199.5865716,-24.82924747,73,8.27739726
3/6/2022,Bon Marche,CHICKEN INN,890.8650127,463,-427.8650127,-48.0280409,65,7.123076923
3/6/2022,TATARAFEL,CHICKEN INN,830.0224469,571.25,-258.7724469,-31.17656009,72,7.934027778
3/6/2022,KOLWEZI,CHICKEN INN,966.8838684,783.25,-183.6338684,-18.99233966,62,12.63306452
3/6/2022,CARREFOUR,CHICKEN INN,1472.212997,2047.75,575.537003,39.09332442,193,10.61010363
3/6/2022,LA PIAZZA,CHICKEN INN,1501.952503,1521.5,19.54749704,1.301472384,185,8.224324324
3/6/2022,ALILAC,CHICKEN INN,776.2919184,1110.5,334.2080816,43.05185635,99,11.21717172
4/6/2022,OASIS,CHICKEN INN,1230.929637,945.5,-285.4296371,-23.1881359,103,9.17961165
4/6/2022,Bon Marche,CHICKEN INN,1155.091105,648.75,-506.3411052,-43.83559902,72,9.010416667
4/6/2022,JUNCTION,CHICKEN INN,3529.61912,3209.75,-319.8691198,-9.062425971,326,9.845858896
4/6/2022,TATARAFEL,CHICKEN INN,1271.028547,1161.75,-109.2785466,-8.597646916,113,10.28097345
4/6/2022,ALILAC,CHICKEN INN,961.357941,1439.75,478.392059,49.76211654,127,11.33661417
4/6/2022,CARREFOUR,CHICKEN INN,2030.619748,2914.75,884.1302521,43.53992189,250,11.659
4/6/2022,LA PIAZZA,CHICKEN INN,1860.014167,1732.5,-127.5141667,-6.855548145,200,8.6625
4/6/2022,KOLWEZI,CHICKEN INN,1333.62053,911.5,-422.1205299,-31.65222193,79,11.53797468
5/6/2022,LA PIAZZA,CHICKEN INN,2297.016214,2223,-74.01621387,-3.222276509,196,11.34183673
5/6/2022,CARREFOUR,CHICKEN INN,3519.248426,4111.75,592.501574,16.83602583,323,12.72987616
5/6/2022,ALILAC,CHICKEN INN,1187.224709,1853.5,666.275291,56.12040298,152,12.19407895
5/6/2022,KOLWEZI,CHICKEN INN,2311.285486,1588.25,-723.0354858,-31.28282898,121,13.12603306
5/6/2022,JUNCTION,CHICKEN INN,5152.815688,3783.25,-1369.565688,-26.57897683,387,9.775839793
5/6/2022,Bon Marche,CHICKEN INN,1686.292874,1754.75,68.45712649,4.059622594,133,13.19360902
5/6/2022,OASIS,CHICKEN INN,1656.266323,2133.5,477.2336773,28.81382485,209,10.20813397
5/6/2022,TATARAFEL,CHICKEN INN,1710.22105,1966.75,256.5289496,14.99975395,215,9.147674419
6/6/2022,Bon Marche,CHICKEN INN,479.225773,359.75,-119.475773,-24.93099906,47,7.654255319
6/6/2022,TATARAFEL,CHICKEN INN,626.5974262,928.25,301.6525738,48.14136815,106,8.757075472
6/6/2022,JUNCTION,CHICKEN INN,1464.373194,1934.5,470.1268061,32.10430292,199,9.721105528
6/6/2022,OASIS,CHICKEN INN,606.8292837,527.75,-79.07928365,-13.03155365,68,7.761029412
6/6/2022,ALILAC,CHICKEN INN,549.50136,562,12.49864005,2.27454215,60,9.366666667
6/6/2022,CARREFOUR,CHICKEN INN,1544.168399,1950,405.831601,26.28156367,195,10
6/6/2022,LA PIAZZA,CHICKEN INN,1063.163126,977.5,-85.66312635,-8.057383127,135,7.240740741
6/6/2022,KOLWEZI,CHICKEN INN,1014.140969,751.5,-262.6409688,-25.89787583,63,11.92857143
7/6/2022,LA PIAZZA,CHICKEN INN,1144.784504,998.75,-146.0345039,-12.756506,130,7.682692308
7/6/2022,CARREFOUR,CHICKEN INN,1293.555668,1616.75,323.1943319,24.98495735,151,10.70695364
7/6/2022,ALILAC,CHICKEN INN,591.6877911,992.5,400.8122089,67.74049,107,9.275700935
7/6/2022,KOLWEZI,CHICKEN INN,849.5496989,790.25,-59.29969889,-6.980133,63,12.54365079
7/6/2022,JUNCTION,CHICKEN INN,2269.873311,1561.75,-708.1233109,-31.1966006,184,8.487771739
7/6/2022,Bon Marche,CHICKEN INN,742.8309918,265,-477.8309918,-64.32566722,34,7.794117647
7/6/2022,OASIS,CHICKEN INN,688.5009528,402.25,-286.2509528,-41.57597047,61,6.594262295
7/6/2022,TATARAFEL,CHICKEN INN,710.9296413,541.25,-169.6796413,-23.8672903,77,7.029220779
8/6/2022,OASIS,CHICKEN INN,735.3377523,505.75,-229.5877523,-31.2220815,60,8.429166667
8/6/2022,Bon Marche,CHICKEN INN,553.0210428,387.75,-165.2710428,-29.88512733,49,7.913265306
8/6/2022,JUNCTION,CHICKEN INN,1689.869862,1046.25,-643.6198619,-38.08694838,136,7.693014706
8/6/2022,TATARAFEL,CHICKEN INN,759.2922019,603,-156.2922019,-20.5839335,75,8.04
8/6/2022,ALILAC,CHICKEN INN,453.735082,916.5,462.764918,101.9901119,94,9.75
8/6/2022,CARREFOUR,CHICKEN INN,1317.084811,1287,-30.08481091,-2.284196937,124,10.37903226
8/6/2022,LA PIAZZA,CHICKEN INN,877.8766415,1126.25,248.3733585,28.2925125,151,7.458609272
8/6/2022,KOLWEZI,CHICKEN INN,865.002591,806.5,-58.50259104,-6.763285064,63,12.8015873
9/6/2022,OASIS,CHICKEN INN,469.5389151,497.5,27.96108491,5.955009055,69,7.210144928
9/6/2022,Bon Marche,CHICKEN INN,654.6669314,369.25,-285.4169314,-43.59727332,53,6.966981132
9/6/2022,JUNCTION,CHICKEN INN,2000.46984,1783.75,-216.7198398,-10.833447,183,9.74726776
9/6/2022,TATARAFEL,CHICKEN INN,484.8346704,790,305.1653296,62.94214261,90,8.777777778
9/6/2022,ALILAC,CHICKEN INN,523.3272969,870.25,346.9227031,66.29172704,86,10.11918605
9/6/2022,CARREFOUR,CHICKEN INN,1181.929037,1297.25,115.3209632,9.757012444,148,8.765202703
9/6/2022,LA PIAZZA,CHICKEN INN,1012.522126,877,-135.5221257,-13.38460881,128,6.8515625
9/6/2022,KOLWEZI,CHICKEN INN,776.2383036,623.75,-152.4883036,-19.6445219,49,12.72959184
10/6/2022,LA PIAZZA,CHICKEN INN,1142.401398,1356.5,214.098602,18.74110119,146,9.29109589
10/6/2022,CARREFOUR,CHICKEN INN,1731.033568,1750.5,19.46643152,1.124555403,175,10.00285714
10/6/2022,ALILAC,CHICKEN INN,590.4560704,729,138.5439296,23.46388436,71,10.26760563
10/6/2022,KOLWEZI,CHICKEN INN,1136.865682,873.5,-263.3656821,-23.1659453,71,12.3028169
10/6/2022,JUNCTION,CHICKEN INN,1826.739835,1771,-55.73983472,-3.051328583,199,8.899497487
10/6/2022,Bon Marche,CHICKEN INN,597.8126429,522.5,-75.31264293,-12.59803449,58,9.00862069
10/6/2022,OASIS,CHICKEN INN,635.5168234,722,86.48317665,13.60832215,91,7.934065934
10/6/2022,TATARAFEL,CHICKEN INN,656.2194946,749,92.78050541,14.138639,84,8.916666667
11/6/2022,Bon Marche,CHICKEN INN,943.8166667,661,-282.8166667,-29.96521217,77,8.584415584
11/6/2022,OASIS,CHICKEN INN,1118.814048,1182.75,63.9359517,5.714618242,120,9.85625
11/6/2022,JUNCTION,CHICKEN INN,2884.026496,2885,0.973504271,0.033755039,272,10.60661765
11/6/2022,TATARAFEL,CHICKEN INN,1155.260667,1388.75,233.4893329,20.21096533,140,9.919642857
11/6/2022,ALILAC,CHICKEN INN,736.8768587,1215,478.1231413,64.88508027,109,11.14678899
11/6/2022,LA PIAZZA,CHICKEN INN,1425.693114,1340.75,-84.94311368,-5.958022302,171,7.840643275
11/6/2022,KOLWEZI,CHICKEN INN,1245.754666,1123.75,-122.0046663,-9.793635105,84,13.37797619
11/6/2022,CARREFOUR,CHICKEN INN,1896.831947,2200.25,303.4180527,15.99604294,200,11.00125
12/6/2022,TATARAFEL,CHICKEN INN,1689.364696,1965.5,276.1353039,16.34551169,197,9.97715736
12/6/2022,LA PIAZZA,CHICKEN INN,2252.630866,2056.5,-196.1308662,-8.706746815,200,10.2825
12/6/2022,CARREFOUR,CHICKEN INN,3386.281409,4034.25,647.9685906,19.13510758,318,12.68632075
12/6/2022,ALILAC,CHICKEN INN,1164.283913,1349,184.7160874,15.86520997,120,11.24166667
12/6/2022,KOLWEZI,CHICKEN INN,2223.958677,1895.5,-328.4586766,-14.76909981,144,13.16319444
12/6/2022,JUNCTION,CHICKEN INN,4048.640898,4507,458.3591022,11.32130791,403,11.18362283
12/6/2022,Bon Marche,CHICKEN INN,1324.944401,1237.5,-87.44440061,-6.599854346,121,10.22727273
12/6/2022,OASIS,CHICKEN INN,1636.067953,1661,24.93204711,1.523900463,185,8.978378378
13/6/2022,TATARAFEL,CHICKEN INN,671.0305288,740.75,69.71947121,10.38991048,85,8.714705882
13/6/2022,OASIS,CHICKEN INN,649.8605932,743.25,93.3894068,14.37068315,79,9.408227848
13/6/2022,Bon Marche,CHICKEN INN,376.8703145,357,-19.87031451,-5.272454144,46,7.760869565
13/6/2022,JUNCTION,CHICKEN INN,1151.604979,1716,564.3950211,49.00942871,194,8.845360825
13/6/2022,CARREFOUR,CHICKEN INN,1058.264239,1396.25,337.9857606,31.93774749,143,9.763986014
13/6/2022,ALILAC,CHICKEN INN,595.0750228,614.75,19.67497724,3.306301977,63,9.757936508
13/6/2022,LA PIAZZA,CHICKEN INN,1151.338045,1390,238.6619548,20.72909479,157,8.853503185
13/6/2022,KOLWEZI,CHICKEN INN,695.0207773,762.5,67.47922265,9.708950416,67,11.38059701
14/6/2022,JUNCTION,CHICKEN INN,1904.796374,1530,-374.7963736,-19.67645355,179,8.547486034
14/6/2022,OASIS,CHICKEN INN,655.7151931,512.5,-143.2151931,-21.84106677,63,8.134920635
14/6/2022,Bon Marche,CHICKEN INN,623.3571594,375,-248.3571594,-39.84187166,54,6.944444444
14/6/2022,TATARAFEL,CHICKEN INN,677.0758489,735.25,58.17415113,8.591969604,96,7.658854167
14/6/2022,KOLWEZI,CHICKEN INN,986.6491956,820.25,-166.3991956,-16.86508197,70,11.71785714
14/6/2022,CARREFOUR,CHICKEN INN,1502.308412,1666,163.6915877,10.8960042,180,9.255555556
14/6/2022,LA PIAZZA,CHICKEN INN,812.9370053,1311.5,498.5629947,61.32861359,147,8.921768707
14/6/2022,ALILAC,CHICKEN INN,420.1706952,605,184.8293048,43.9890994,70,8.642857143
15/6/2022,OASIS,CHICKEN INN,552.9669642,719.5,166.5330358,30.11627214,73,9.856164384
15/6/2022,Bon Marche,CHICKEN INN,549.4731933,505.5,-43.97319332,-8.002791374,51,9.911764706
15/6/2022,JUNCTION,CHICKEN INN,1679.028676,1735,55.97132403,3.333553788,159,10.91194969
15/6/2022,TATARAFEL,CHICKEN INN,570.9804815,629.5,58.51951852,10.24895253,91,6.917582418
15/6/2022,ALILAC,CHICKEN INN,426.3292983,710.5,284.1707017,66.65521295,71,10.00704225
15/6/2022,CARREFOUR,CHICKEN INN,1341.708333,1693,351.2916675,26.18241677,152,11.13815789
15/6/2022,LA PIAZZA,CHICKEN INN,824.8525348,1034.75,209.8974652,25.44666547,121,8.551652893
15/6/2022,KOLWEZI,CHICKEN INN,881.1742224,720.5,-160.6742224,-18.2341038,53,13.59433962
16/6/2022,LA PIAZZA,CHICKEN INN,812.9370053,930.25,117.3129947,14.43076081,125,7.442
16/6/2022,CARREFOUR,CHICKEN INN,1357.029635,1656.5,299.4703652,22.06807851,168,9.860119048
16/6/2022,ALILAC,CHICKEN INN,420.1706952,784.25,364.0793048,86.65033256,95,8.255263158
16/6/2022,KOLWEZI,CHICKEN INN,891.2365707,700.75,-190.4865707,-21.37328931,62,11.30241935
16/6/2022,JUNCTION,CHICKEN INN,1484.429388,1647.75,163.3206121,11.00224863,164,10.0472561
16/6/2022,Bon Marche,CHICKEN INN,485.7892946,442,-43.78929456,-9.014050958,57,7.754385965
16/6/2022,OASIS,CHICKEN INN,610.9275036,551.75,-59.17750361,-9.686501796,63,8.757936508
16/6/2022,TATARAFEL,CHICKEN INN,630.8291503,843.5,212.6708497,33.71290779,84,10.04166667
17/6/2022,TATARAFEL,CHICKEN INN,659.2421546,870.75,211.5078454,32.08348311,82,10.61890244
17/6/2022,OASIS,CHICKEN INN,638.4441233,634,-4.444123324,-0.696086495,65,9.753846154
17/6/2022,JUNCTION,CHICKEN INN,1381.167092,2229,847.8329084,61.38525262,206,10.82038835
17/6/2022,Bon Marche,CHICKEN INN,451.996028,471.75,19.75397205,4.370386204,45,10.48333333
17/6/2022,ALILAC,CHICKEN INN,493.1501418,767.25,274.0998582,55.58142136,74,10.36824324
17/6/2022,CARREFOUR,CHICKEN INN,1424.881117,1986.5,561.6188834,39.41513975,184,10.79619565
17/6/2022,LA PIAZZA,CHICKEN INN,954.1360307,1229,274.8639693,28.80762914,155,7.929032258
17/6/2022,KOLWEZI,CHICKEN INN,935.7983993,705.75,-230.0483993,-24.58311528,62,11.38306452
18/6/2022,OASIS,CHICKEN INN,974.7908898,914.75,-60.04088981,-6.159360991,106,8.629716981
18/6/2022,Bon Marche,CHICKEN INN,1170.790339,643.25,-527.5403393,-45.05848072,71,9.059859155
18/6/2022,JUNCTION,CHICKEN INN,3577.591368,2998,-579.5913677,-16.20060281,264,11.35606061
18/6/2022,TATARAFEL,CHICKEN INN,1006.545793,1137,130.4542068,12.96058338,130,8.746153846
18/6/2022,ALILAC,CHICKEN INN,745.8068332,1252.25,506.4431668,67.90540718,121,10.34917355
18/6/2022,CARREFOUR,CHICKEN INN,1970.976107,2545.25,574.2738933,29.13652232,208,12.23677885
18/6/2022,LA PIAZZA,CHICKEN INN,1442.970632,1583.75,140.7793684,9.756218551,166,9.540662651
18/6/2022,KOLWEZI,CHICKEN INN,1294.449245,847.75,-446.6992451,-34.50882657,66,12.84469697
19/6/2022,LA PIAZZA,CHICKEN INN,1844.821866,1901.5,56.67813351,3.072282183,185,10.27837838
19/6/2022,CARREFOUR,CHICKEN INN,3178.349449,4140.5,962.1505508,30.27201905,301,13.75581395
19/6/2022,ALILAC,CHICKEN INN,953.5057221,1467,513.4942779,53.85329799,129,11.37209302
19/6/2022,KOLWEZI,CHICKEN INN,2087.398234,1394,-693.3982343,-33.21830128,111,12.55855856
19/6/2022,JUNCTION,CHICKEN INN,4074.388714,3859.5,-214.8887144,-5.274133852,338,11.41863905
19/6/2022,Bon Marche,CHICKEN INN,1333.370543,1238.25,-95.12054321,-7.133841653,128,9.673828125
19/6/2022,OASIS,CHICKEN INN,1854.737261,1770.5,-84.2372606,-4.5417355,190,9.318421053
19/6/2022,TATARAFEL,CHICKEN INN,1915.157401,1904.25,-10.90740108,-0.569530268,168,11.33482143
20/6/2022,Bon Marche,CHICKEN INN,571.1150753,414,-157.1150753,-27.5102308,50,8.28
20/6/2022,TATARAFEL,CHICKEN INN,717.5794934,535.75,-181.8294934,-25.33928228,79,6.78164557
20/6/2022,OASIS,CHICKEN INN,694.9410127,515.25,-179.6910127,-25.85701656,56,9.200892857
20/6/2022,JUNCTION,CHICKEN INN,1745.15991,1516,-229.1599103,-13.13116976,154,9.844155844
20/6/2022,KOLWEZI,CHICKEN INN,870.7525044,762.5,-108.2525044,-12.43206351,48,15.88541667
20/6/2022,ALILAC,CHICKEN INN,550.7330806,645.5,94.76691943,17.20741368,57,11.3245614
20/6/2022,CARREFOUR,CHICKEN INN,1325.839841,1500,174.1601592,13.13583691,133,11.27819549
20/6/2022,LA PIAZZA,CHICKEN INN,1065.546232,1000.5,-65.04623227,-6.104496482,138,7.25
21/6/2022,LA PIAZZA,CHICKEN INN,1035.45952,1138.25,102.7904799,9.92703992,124,9.179435484
21/6/2022,CARREFOUR,CHICKEN INN,1270.30012,1860.5,590.1998801,46.46145197,173,10.75433526
21/6/2022,ALILAC,CHICKEN INN,535.1826078,955,419.8173922,78.44376594,92,10.38043478
21/6/2022,KOLWEZI,CHICKEN INN,834.2764915,801.25,-33.02649152,-3.958698568,57,14.05701754
21/6/2022,JUNCTION,CHICKEN INN,1555.710186,1197.75,-357.9601856,-23.00943897,135,8.872222222
21/6/2022,Bon Marche,CHICKEN INN,509.1164051,490,-19.11640511,-3.754820099,57,8.596491228
21/6/2022,OASIS,CHICKEN INN,612.0984236,368.75,-243.3484236,-39.75642057,49,7.525510204
21/6/2022,TATARAFEL,CHICKEN INN,632.0382143,619,-13.03821428,-2.062883855,77,8.038961039
22/6/2022,TATARAFEL,CHICKEN INN,666.1942727,537.5,-128.6942727,-19.31782935,66,8.143939394
22/6/2022,OASIS,CHICKEN INN,645.1769133,653,7.823086747,1.212549083,64,10.203125
22/6/2022,Bon Marche,CHICKEN INN,459.3578157,316.25,-143.1078157,-31.15388719,32,9.8828125
22/6/2022,JUNCTION,CHICKEN INN,1403.662553,1872.75,469.0874475,33.41881898,98,19.10969388
22/6/2022,LA PIAZZA,CHICKEN INN,969.9241074,944.5,-25.42410742,-2.621247088,124,7.616935484
22/6/2022,ALILAC,CHICKEN INN,501.3102908,892,390.6897092,77.93371018,86,10.37209302
22/6/2022,CARREFOUR,CHICKEN INN,1169.343681,1629.5,460.1563187,39.35167445,159,10.24842767
22/6/2022,KOLWEZI,CHICKEN INN,767.9728031,866,98.0271969,12.76440995,59,14.6779661
23/6/2022,Bon Marche,CHICKEN INN,646.5068775,510.75,-135.7568775,-20.99852024,51,10.01470588
23/6/2022,OASIS,CHICKEN INN,721.5794425,565.75,-155.8294425,-21.59560449,78,7.253205128
23/6/2022,TATARAFEL,CHICKEN INN,745.0856998,647.25,-97.83569976,-13.13079821,75,8.63
23/6/2022,JUNCTION,CHICKEN INN,1975.535112,2064.5,88.96488795,4.503331143,214,9.647196262
23/6/2022,CARREFOUR,CHICKEN INN,1278.781555,1648.5,369.7184449,28.91177492,165,9.990909091
23/6/2022,ALILAC,CHICKEN INN,578.6007595,868.5,289.8992405,50.10350155,86,10.09883721
23/6/2022,LA PIAZZA,CHICKEN INN,1119.464004,910.25,-209.2140036,-18.6887656,135,6.742592593
23/6/2022,KOLWEZI,CHICKEN INN,839.8467201,692,-147.8467201,-17.60401232,47,14.72340426
24/6/2022,LA PIAZZA,CHICKEN INN,1127.209098,1111.75,-15.45909782,-1.371448993,121,9.188016529
24/6/2022,CARREFOUR,CHICKEN INN,1323.924678,1626,302.075322,22.81665468,176,9.238636364
24/6/2022,ALILAC,CHICKEN INN,582.6038515,833,250.3961485,42.97880075,84,9.916666667
24/6/2022,KOLWEZI,CHICKEN INN,869.4947109,862.25,-7.244710853,-0.833209307,60,14.37083333
24/6/2022,JUNCTION,CHICKEN INN,2307.546432,2244,-63.54643216,-2.753852806,221,10.15384615
24/6/2022,Bon Marche,CHICKEN INN,755.1597688,495.5,-259.6597688,-34.38474606,46,10.77173913
24/6/2022,OASIS,CHICKEN INN,720.9939825,772.75,51.75601754,7.178425729,76,10.16776316
24/6/2022,TATARAFEL,CHICKEN INN,744.4811678,684,-60.48116775,-8.123935214,80,8.55
25/6/2022,TATARAFEL,CHICKEN INN,1006.545793,1212.75,206.2042068,20.48632146,119,10.19117647
25/6/2022,OASIS,CHICKEN INN,974.7908898,1112.5,137.7091102,14.12704116,106,10.49528302
25/6/2022,Bon Marche,CHICKEN INN,1170.790339,710.25,-460.5403393,-39.33585065,63,11.27380952
25/6/2022,JUNCTION,CHICKEN INN,3577.591368,3066.25,-511.3413677,-14.29289472,254,12.07185039
25/6/2022,LA PIAZZA,CHICKEN INN,1442.970632,1417.75,-25.22063156,-1.747827087,169,8.389053254
25/6/2022,ALILAC,CHICKEN INN,745.8068332,1035.5,289.6931668,38.84292205,96,10.78645833
25/6/2022,CARREFOUR,CHICKEN INN,1970.976107,2484.5,513.5238933,26.05429318,217,11.44930876
25/6/2022,KOLWEZI,CHICKEN INN,1294.449245,1425.5,131.0507549,10.12405511,92,15.49456522
26/6/2022,TATARAFEL,CHICKEN INN,1915.157401,1783.5,-131.6574011,-6.874495068,162,11.00925926
26/6/2022,OASIS,CHICKEN INN,1854.737261,1277.25,-577.4872606,-31.13579874,135,9.461111111
26/6/2022,Bon Marche,CHICKEN INN,1333.370543,1043,-290.3705432,-21.777183,104,10.02884615
26/6/2022,JUNCTION,CHICKEN INN,4074.388714,4063,-11.38871443,-0.279519585,315,12.8984127
26/6/2022,ALILAC,CHICKEN INN,953.5057221,1705.75,752.2442779,78.89247652,128,13.32617188
26/6/2022,CARREFOUR,CHICKEN INN,3178.349449,4086.5,908.1505508,28.573024,312,13.09775641
26/6/2022,LA PIAZZA,CHICKEN INN,1844.821866,2401.5,556.6781335,30.17516995,227,10.57929515
26/6/2022,KOLWEZI,CHICKEN INN,2087.398234,1616,-471.3982343,-22.58305227,104,15.53846154
28/6/2022,TATARAFEL,CHICKEN INN,734.5063896,892,157.4936104,21.44210215,107,8.336448598
28/6/2022,Bon Marche,CHICKEN INN,657.2391223,479.5,-177.7391223,-27.04329615,53,9.047169811
28/6/2022,JUNCTION,CHICKEN INN,2008.3297,1705.5,-302.8296996,-15.07868452,178,9.581460674
28/6/2022,OASIS,CHICKEN INN,711.3338926,660.5,-50.83389256,-7.14627731,72,9.173611111
28/6/2022,ALILAC,CHICKEN INN,586.9148737,757.5,170.5851263,29.06471347,76,9.967105263
28/6/2022,CARREFOUR,CHICKEN INN,1368.794206,1763.75,394.9557937,28.8542859,166,10.625
28/6/2022,LA PIAZZA,CHICKEN INN,1135.549969,1067.75,-67.79996852,-5.970672397,161,6.631987578
28/6/2022,KOLWEZI,CHICKEN INN,898.9630168,704.5,-194.4630168,-21.63192625,53,13.29245283
29/6/2022,OASIS,CHICKEN INN,1024.308558,666.75,-357.5585585,-34.90730947,82,8.131097561
29/6/2022,LA PIAZZA,CHICKEN INN,1123.826736,1088,-35.82673617,-3.18792346,130,8.369230769
29/6/2022,CARREFOUR,CHICKEN INN,1464.562558,2111.75,647.1874422,44.18981208,200,10.55875
29/6/2022,ALILAC,CHICKEN INN,580.8556604,998.75,417.8943396,71.94461001,96,10.40364583
29/6/2022,KOLWEZI,CHICKEN INN,961.859401,771.25,-190.609401,-19.81676332,64,12.05078125
29/6/2022,JUNCTION,CHICKEN INN,2495.183992,1866,-629.1839917,-25.21593573,177,10.54237288
29/6/2022,Bon Marche,CHICKEN INN,816.5653961,362.75,-453.8153961,-55.57612388,36,10.07638889
29/6/2022,TATARAFEL,CHICKEN INN,1057.676555,537.25,-520.4265553,-49.20469804,81,6.632716049
30/6/2022,JUNCTION,CHICKEN INN,3189.203413,3269,79.79658665,2.502085201,262,12.47709924
30/6/2022,Bon Marche,CHICKEN INN,1043.687823,1084,40.31217694,3.862474588,94,11.53191489
30/6/2022,KOLWEZI,CHICKEN INN,1464.832442,1403.75,-61.08244169,-4.169926877,105,13.36904762
30/6/2022,OASIS,CHICKEN INN,1024.585999,1280.75,256.1640015,25.00170819,139,9.214028777
30/6/2022,CARREFOUR,CHICKEN INN,2230.407839,3024.5,794.0921614,35.60300263,252,12.00198413
30/6/2022,LA PIAZZA,CHICKEN INN,1695.808144,1581,-114.8081444,-6.770113986,156,10.13461538
30/6/2022,ALILAC,CHICKEN INN,876.4872092,1514.75,638.2627908,72.82054822,120,12.62291667
30/6/2022,TATARAFEL,CHICKEN INN,1057.963033,1176.25,118.2869668,11.18063326,135,8.712962963
